Order_ID,Order_Date,Customer_ID,Product_ID,Product_Name,Category,Region,Quantity,Unit_Price,Discount,Payment_Method
ORD00011,07-Jul-25,CUST0408,P012,Webcam,Accessories,North,4,4500,0.13,Net Banking
ORD00031,12-Jun-25,CUST0148,P012,Webcam,Accessories,North,4,4500,0.09,Net Banking
ORD00051,18-May-25,CUST0888,P012,Webcam,Accessories,North,4,4500,0.05,Net Banking
ORD00071,23-Apr-25,CUST0628,P012,Webcam,Accessories,North,4,4500,0.01,Net Banking
ORD00091,29-Mar-25,CUST0368,P012,Webcam,Accessories,North,4,4500,0.13,Net Banking
ORD00111,04-Mar-25,CUST0108,P012,Webcam,Accessories,North,4,4500,0.09,Net Banking
ORD00131,07-Feb-25,CUST0848,P012,Webcam,Accessories,North,4,4500,0.05,Net Banking
ORD00151,13-Jan-25,CUST0588,P012,Webcam,Accessories,North,4,4500,0.01,Net Banking
ORD00171,19-Dec-25,CUST0328,P012,Webcam,Accessories,North,4,4500,0.13,Net Banking
ORD00191,24-Nov-25,CUST0068,P012,Webcam,Accessories,North,4,4500,0.09,Net Banking
ORD00211,30-Oct-25,CUST0808,P012,Webcam,Accessories,North,4,4500,0.05,Net Banking
ORD00231,05-Oct-25,CUST0548,P012,Webcam,Accessories,North,4,4500,0.01,Net Banking
ORD00251,10-Sep-25,CUST0288,P012,Webcam,Accessories,North,4,4500,0.13,Net Banking
ORD00271,16-Aug-25,CUST0028,P012,Webcam,Accessories,North,4,4500,0.09,Net Banking
ORD00291,22-Jul-25,CUST0768,P012,Webcam,Accessories,North,4,4500,0.05,Net Banking
ORD00311,27-Jun-25,CUST0508,P012,Webcam,Accessories,North,4,4500,0.01,Net Banking
ORD00331,02-Jun-25,CUST0248,P012,Webcam,Accessories,North,4,4500,0.13,Net Banking
ORD00351,08-May-25,CUST0988,P012,Webcam,Accessories,North,4,4500,0.09,Net Banking
ORD00371,13-Apr-25,CUST0728,P012,Webcam,Accessories,North,4,4500,0.05,Net Banking
ORD00391,19-Mar-25,CUST0468,P012,Webcam,Accessories,North,4,4500,0.01,Net Banking
ORD00411,22-Feb-25,CUST0208,P012,Webcam,Accessories,North,4,4500,0.13,Net Banking
ORD00431,28-Jan-25,CUST0948,P012,Webcam,Accessories,North,4,4500,0.09,Net Banking
ORD00451,03-Jan-25,CUST0688,P012,Webcam,Accessories,North,4,4500,0.05,Net Banking
ORD00471,09-Dec-25,CUST0428,P012,Webcam,Accessories,North,4,4500,0.01,Net Banking
ORD00491,14-Nov-25,CUST0168,P012,Webcam,Accessories,North,4,4500,0.13,Net Banking
ORD00511,20-Oct-25,CUST0908,P012,Webcam,Accessories,North,4,4500,0.09,Net Banking
ORD00531,25-Sep-25,CUST0648,P012,Webcam,Accessories,North,4,4500,0.05,Net Banking
ORD00551,31-Aug-25,CUST0388,P012,Webcam,Accessories,North,4,4500,0.01,Net Banking
ORD00571,06-Aug-25,CUST0128,P012,Webcam,Accessories,North,4,4500,0.13,Net Banking
ORD00591,12-Jul-25,CUST0868,P012,Webcam,Accessories,North,4,4500,0.09,Net Banking
ORD00611,17-Jun-25,CUST0608,P012,Webcam,Accessories,North,4,4500,0.05,Net Banking
ORD00631,23-May-25,CUST0348,P012,Webcam,Accessories,North,4,4500,0.01,Net Banking
ORD00651,28-Apr-25,CUST0088,P012,Webcam,Accessories,North,4,4500,0.13,Net Banking
ORD00671,03-Apr-25,CUST0828,P012,Webcam,Accessories,North,4,4500,0.09,Net Banking
ORD00691,09-Mar-25,CUST0568,P012,Webcam,Accessories,North,4,4500,0.05,Net Banking
ORD00711,12-Feb-25,CUST0308,P012,Webcam,Accessories,North,4,4500,0.01,Net Banking
ORD00731,18-Jan-25,CUST0048,P012,Webcam,Accessories,North,4,4500,0.13,Net Banking
ORD00751,24-Dec-25,CUST0788,P012,Webcam,Accessories,North,4,4500,0.09,Net Banking
ORD00771,29-Nov-25,CUST0528,P012,Webcam,Accessories,North,4,4500,0.05,Net Banking
ORD00791,04-Nov-25,CUST0268,P012,Webcam,Accessories,North,4,4500,0.01,Net Banking
ORD00811,10-Oct-25,CUST0008,P012,Webcam,Accessories,North,4,4500,0.13,Net Banking
ORD00831,15-Sep-25,CUST0748,P012,Webcam,Accessories,North,4,4500,0.09,Net Banking
ORD00851,21-Aug-25,CUST0488,P012,Webcam,Accessories,North,4,4500,0.05,Net Banking
ORD00871,27-Jul-25,CUST0228,P012,Webcam,Accessories,North,4,4500,0.01,Net Banking
ORD00891,02-Jul-25,CUST0968,P012,Webcam,Accessories,North,4,4500,0.13,Net Banking
ORD00911,07-Jun-25,CUST0708,P012,Webcam,Accessories,North,4,4500,0.09,Net Banking
ORD00931,13-May-25,CUST0448,P012,Webcam,Accessories,North,4,4500,0.05,Net Banking
ORD00951,18-Apr-25,CUST0188,P012,Webcam,Accessories,North,4,4500,0.01,Net Banking
ORD00971,24-Mar-25,CUST0928,P012,Webcam,Accessories,North,4,4500,0.13,Net Banking
ORD00991,27-Feb-25,CUST0668,P012,Webcam,Accessories,North,4,4500,0.09,Net Banking
ORD01011,02-Feb-25,CUST0408,P012,Webcam,Accessories,North,4,4500,0.05,Net Banking
ORD01031,08-Jan-25,CUST0148,P012,Webcam,Accessories,North,4,4500,0.01,Net Banking
ORD01051,14-Dec-25,CUST0888,P012,Webcam,Accessories,North,4,4500,0.13,Net Banking
ORD01071,19-Nov-25,CUST0628,P012,Webcam,Accessories,North,4,4500,0.09,Net Banking
ORD01091,25-Oct-25,CUST0368,P012,Webcam,Accessories,North,4,4500,0.05,Net Banking
ORD01111,30-Sep-25,CUST0108,P012,Webcam,Accessories,North,4,4500,0.01,Net Banking
ORD01131,05-Sep-25,CUST0848,P012,Webcam,Accessories,North,4,4500,0.13,Net Banking
ORD01151,11-Aug-25,CUST0588,P012,Webcam,Accessories,North,4,4500,0.09,Net Banking
ORD01171,17-Jul-25,CUST0328,P012,Webcam,Accessories,North,4,4500,0.05,Net Banking
ORD01191,22-Jun-25,CUST0068,P012,Webcam,Accessories,North,4,4500,0.01,Net Banking
ORD01211,28-May-25,CUST0808,P012,Webcam,Accessories,North,4,4500,0.13,Net Banking
ORD01231,03-May-25,CUST0548,P012,Webcam,Accessories,North,4,4500,0.09,Net Banking
ORD01251,08-Apr-25,CUST0288,P012,Webcam,Accessories,North,4,4500,0.05,Net Banking
ORD01271,14-Mar-25,CUST0028,P012,Webcam,Accessories,North,4,4500,0.01,Net Banking
ORD01291,17-Feb-25,CUST0768,P012,Webcam,Accessories,North,4,4500,0.13,Net Banking
ORD01311,23-Jan-25,CUST0508,P012,Webcam,Accessories,North,4,4500,0.09,Net Banking
ORD01331,29-Dec-25,CUST0248,P012,Webcam,Accessories,North,4,4500,0.05,Net Banking
ORD01351,04-Dec-25,CUST0988,P012,Webcam,Accessories,North,4,4500,0.01,Net Banking
ORD01371,09-Nov-25,CUST0728,P012,Webcam,Accessories,North,4,4500,0.13,Net Banking
ORD01391,15-Oct-25,CUST0468,P012,Webcam,Accessories,North,4,4500,0.09,Net Banking
ORD01411,20-Sep-25,CUST0208,P012,Webcam,Accessories,North,4,4500,0.05,Net Banking
ORD01431,26-Aug-25,CUST0948,P012,Webcam,Accessories,North,4,4500,0.01,Net Banking
ORD01451,01-Aug-25,CUST0688,P012,Webcam,Accessories,North,4,4500,0.13,Net Banking
ORD01471,07-Jul-25,CUST0428,P012,Webcam,Accessories,North,4,4500,0.09,Net Banking
ORD01491,12-Jun-25,CUST0168,P012,Webcam,Accessories,North,4,4500,0.05,Net Banking
ORD01511,18-May-25,CUST0908,P012,Webcam,Accessories,North,4,4500,0.01,Net Banking
ORD01531,23-Apr-25,CUST0648,P012,Webcam,Accessories,North,4,4500,0.13,Net Banking
ORD01551,29-Mar-25,CUST0388,P012,Webcam,Accessories,North,4,4500,0.09,Net Banking
ORD01571,04-Mar-25,CUST0128,P012,Webcam,Accessories,North,4,4500,0.05,Net Banking
ORD01591,07-Feb-25,CUST0868,P012,Webcam,Accessories,North,4,4500,0.01,Net Banking
ORD01611,13-Jan-25,CUST0608,P012,Webcam,Accessories,North,4,4500,0.13,Net Banking
ORD01631,19-Dec-25,CUST0348,P012,Webcam,Accessories,North,4,4500,0.09,Net Banking
ORD01651,24-Nov-25,CUST0088,P012,Webcam,Accessories,North,4,4500,0.05,Net Banking
ORD01671,30-Oct-25,CUST0828,P012,Webcam,Accessories,North,4,4500,0.01,Net Banking
ORD01691,05-Oct-25,CUST0568,P012,Webcam,Accessories,North,4,4500,0.13,Net Banking
ORD01711,10-Sep-25,CUST0308,P012,Webcam,Accessories,North,4,4500,0.09,Net Banking
ORD01731,16-Aug-25,CUST0048,P012,Webcam,Accessories,North,4,4500,0.05,Net Banking
ORD01751,22-Jul-25,CUST0788,P012,Webcam,Accessories,North,4,4500,0.01,Net Banking
ORD01771,27-Jun-25,CUST0528,P012,Webcam,Accessories,North,4,4500,0.13,Net Banking
ORD01791,02-Jun-25,CUST0268,P012,Webcam,Accessories,North,4,4500,0.09,Net Banking
ORD01811,08-May-25,CUST0008,P012,Webcam,Accessories,North,4,4500,0.05,Net Banking
ORD01831,13-Apr-25,CUST0748,P012,Webcam,Accessories,North,4,4500,0.01,Net Banking
ORD01851,19-Mar-25,CUST0488,P012,Webcam,Accessories,North,4,4500,0.13,Net Banking
ORD01871,22-Feb-25,CUST0228,P012,Webcam,Accessories,North,4,4500,0.09,Net Banking
ORD01891,28-Jan-25,CUST0968,P012,Webcam,Accessories,North,4,4500,0.05,Net Banking
ORD01911,03-Jan-25,CUST0708,P012,Webcam,Accessories,North,4,4500,0.01,Net Banking
ORD01931,09-Dec-25,CUST0448,P012,Webcam,Accessories,North,4,4500,0.13,Net Banking
ORD01951,14-Nov-25,CUST0188,P012,Webcam,Accessories,North,4,4500,0.09,Net Banking
ORD01971,20-Oct-25,CUST0928,P012,Webcam,Accessories,North,4,4500,0.05,Net Banking
ORD01991,25-Sep-25,CUST0668,P012,Webcam,Accessories,North,4,4500,0.01,Net Banking
ORD02011,31-Aug-25,CUST0408,P012,Webcam,Accessories,North,4,4500,0.13,Net Banking
ORD02031,06-Aug-25,CUST0148,P012,Webcam,Accessories,North,4,4500,0.09,Net Banking
ORD02051,12-Jul-25,CUST0888,P012,Webcam,Accessories,North,4,4500,0.05,Net Banking
ORD02071,17-Jun-25,CUST0628,P012,Webcam,Accessories,North,4,4500,0.01,Net Banking
ORD02091,23-May-25,CUST0368,P012,Webcam,Accessories,North,4,4500,0.13,Net Banking
ORD02111,28-Apr-25,CUST0108,P012,Webcam,Accessories,North,4,4500,0.09,Net Banking
ORD02131,03-Apr-25,CUST0848,P012,Webcam,Accessories,North,4,4500,0.05,Net Banking
ORD02151,09-Mar-25,CUST0588,P012,Webcam,Accessories,North,4,4500,0.01,Net Banking
ORD02171,12-Feb-25,CUST0328,P012,Webcam,Accessories,North,4,4500,0.13,Net Banking
ORD02191,18-Jan-25,CUST0068,P012,Webcam,Accessories,North,4,4500,0.09,Net Banking
ORD02211,24-Dec-25,CUST0808,P012,Webcam,Accessories,North,4,4500,0.05,Net Banking
ORD02231,29-Nov-25,CUST0548,P012,Webcam,Accessories,North,4,4500,0.01,Net Banking
ORD02251,04-Nov-25,CUST0288,P012,Webcam,Accessories,North,4,4500,0.13,Net Banking
ORD02271,10-Oct-25,CUST0028,P012,Webcam,Accessories,North,4,4500,0.09,Net Banking
ORD02291,15-Sep-25,CUST0768,P012,Webcam,Accessories,North,4,4500,0.05,Net Banking
ORD02311,21-Aug-25,CUST0508,P012,Webcam,Accessories,North,4,4500,0.01,Net Banking
ORD02331,27-Jul-25,CUST0248,P012,Webcam,Accessories,North,4,4500,0.13,Net Banking
ORD02351,02-Jul-25,CUST0988,P012,Webcam,Accessories,North,4,4500,0.09,Net Banking
ORD02371,07-Jun-25,CUST0728,P012,Webcam,Accessories,North,4,4500,0.05,Net Banking
ORD02391,13-May-25,CUST0468,P012,Webcam,Accessories,North,4,4500,0.01,Net Banking
ORD02411,18-Apr-25,CUST0208,P012,Webcam,Accessories,North,4,4500,0.13,Net Banking
ORD02431,24-Mar-25,CUST0948,P012,Webcam,Accessories,North,4,4500,0.09,Net Banking
ORD02451,27-Feb-25,CUST0688,P012,Webcam,Accessories,North,4,4500,0.05,Net Banking
ORD02471,02-Feb-25,CUST0428,P012,Webcam,Accessories,North,4,4500,0.01,Net Banking
ORD02491,08-Jan-25,CUST0168,P012,Webcam,Accessories,North,4,4500,0.13,Net Banking
ORD02511,14-Dec-25,CUST0908,P012,Webcam,Accessories,North,4,4500,0.09,Net Banking
ORD02531,19-Nov-25,CUST0648,P012,Webcam,Accessories,North,4,4500,0.05,Net Banking
ORD02551,25-Oct-25,CUST0388,P012,Webcam,Accessories,North,4,4500,0.01,Net Banking
ORD02571,30-Sep-25,CUST0128,P012,Webcam,Accessories,North,4,4500,0.13,Net Banking
ORD02591,05-Sep-25,CUST0868,P012,Webcam,Accessories,North,4,4500,0.09,Net Banking
ORD02611,11-Aug-25,CUST0608,P012,Webcam,Accessories,North,4,4500,0.05,Net Banking
ORD02631,17-Jul-25,CUST0348,P012,Webcam,Accessories,North,4,4500,0.01,Net Banking
ORD02651,22-Jun-25,CUST0088,P012,Webcam,Accessories,North,4,4500,0.13,Net Banking
ORD02671,28-May-25,CUST0828,P012,Webcam,Accessories,North,4,4500,0.09,Net Banking
ORD02691,03-May-25,CUST0568,P012,Webcam,Accessories,North,4,4500,0.05,Net Banking
ORD02711,08-Apr-25,CUST0308,P012,Webcam,Accessories,North,4,4500,0.01,Net Banking
ORD02731,14-Mar-25,CUST0048,P012,Webcam,Accessories,North,4,4500,0.13,Net Banking
ORD02751,17-Feb-25,CUST0788,P012,Webcam,Accessories,North,4,4500,0.09,Net Banking
ORD02771,23-Jan-25,CUST0528,P012,Webcam,Accessories,North,4,4500,0.05,Net Banking
ORD02791,29-Dec-25,CUST0268,P012,Webcam,Accessories,North,4,4500,0.01,Net Banking
ORD02811,04-Dec-25,CUST0008,P012,Webcam,Accessories,North,4,4500,0.13,Net Banking
ORD02831,09-Nov-25,CUST0748,P012,Webcam,Accessories,North,4,4500,0.09,Net Banking
ORD02851,15-Oct-25,CUST0488,P012,Webcam,Accessories,North,4,4500,0.05,Net Banking
ORD02871,20-Sep-25,CUST0228,P012,Webcam,Accessories,North,4,4500,0.01,Net Banking
ORD02891,26-Aug-25,CUST0968,P012,Webcam,Accessories,North,4,4500,0.13,Net Banking
ORD02911,01-Aug-25,CUST0708,P012,Webcam,Accessories,North,4,4500,0.09,Net Banking
ORD02931,07-Jul-25,CUST0448,P012,Webcam,Accessories,North,4,4500,0.05,Net Banking
ORD02951,12-Jun-25,CUST0188,P012,Webcam,Accessories,North,4,4500,0.01,Net Banking
ORD02971,18-May-25,CUST0928,P012,Webcam,Accessories,North,4,4500,0.13,Net Banking
ORD02991,23-Apr-25,CUST0668,P012,Webcam,Accessories,North,4,4500,0.09,Net Banking
ORD03011,29-Mar-25,CUST0408,P012,Webcam,Accessories,North,4,4500,0.05,Net Banking
ORD03031,04-Mar-25,CUST0148,P012,Webcam,Accessories,North,4,4500,0.01,Net Banking
ORD03051,07-Feb-25,CUST0888,P012,Webcam,Accessories,North,4,4500,0.13,Net Banking
ORD03071,13-Jan-25,CUST0628,P012,Webcam,Accessories,North,4,4500,0.09,Net Banking
ORD03091,19-Dec-25,CUST0368,P012,Webcam,Accessories,North,4,4500,0.05,Net Banking
ORD03111,24-Nov-25,CUST0108,P012,Webcam,Accessories,North,4,4500,0.01,Net Banking
ORD03131,30-Oct-25,CUST0848,P012,Webcam,Accessories,North,4,4500,0.13,Net Banking
ORD03151,05-Oct-25,CUST0588,P012,Webcam,Accessories,North,4,4500,0.09,Net Banking
ORD03171,10-Sep-25,CUST0328,P012,Webcam,Accessories,North,4,4500,0.05,Net Banking
ORD03191,16-Aug-25,CUST0068,P012,Webcam,Accessories,North,4,4500,0.01,Net Banking
ORD03211,22-Jul-25,CUST0808,P012,Webcam,Accessories,North,4,4500,0.13,Net Banking
ORD03231,27-Jun-25,CUST0548,P012,Webcam,Accessories,North,4,4500,0.09,Net Banking
ORD03251,02-Jun-25,CUST0288,P012,Webcam,Accessories,North,4,4500,0.05,Net Banking
ORD03271,08-May-25,CUST0028,P012,Webcam,Accessories,North,4,4500,0.01,Net Banking
ORD03291,13-Apr-25,CUST0768,P012,Webcam,Accessories,North,4,4500,0.13,Net Banking
ORD03311,19-Mar-25,CUST0508,P012,Webcam,Accessories,North,4,4500,0.09,Net Banking
ORD03331,22-Feb-25,CUST0248,P012,Webcam,Accessories,North,4,4500,0.05,Net Banking
ORD03351,28-Jan-25,CUST0988,P012,Webcam,Accessories,North,4,4500,0.01,Net Banking
ORD03371,03-Jan-25,CUST0728,P012,Webcam,Accessories,North,4,4500,0.13,Net Banking
ORD03391,09-Dec-25,CUST0468,P012,Webcam,Accessories,North,4,4500,0.09,Net Banking
ORD03411,14-Nov-25,CUST0208,P012,Webcam,Accessories,North,4,4500,0.05,Net Banking
ORD03431,20-Oct-25,CUST0948,P012,Webcam,Accessories,North,4,4500,0.01,Net Banking
ORD03451,25-Sep-25,CUST0688,P012,Webcam,Accessories,North,4,4500,0.13,Net Banking
ORD03471,31-Aug-25,CUST0428,P012,Webcam,Accessories,North,4,4500,0.09,Net Banking
ORD03491,06-Aug-25,CUST0168,P012,Webcam,Accessories,North,4,4500,0.05,Net Banking
ORD03511,12-Jul-25,CUST0908,P012,Webcam,Accessories,North,4,4500,0.01,Net Banking
ORD03531,17-Jun-25,CUST0648,P012,Webcam,Accessories,North,4,4500,0.13,Net Banking
ORD03551,23-May-25,CUST0388,P012,Webcam,Accessories,North,4,4500,0.09,Net Banking
ORD03571,28-Apr-25,CUST0128,P012,Webcam,Accessories,North,4,4500,0.05,Net Banking
ORD03591,03-Apr-25,CUST0868,P012,Webcam,Accessories,North,4,4500,0.01,Net Banking
ORD03611,09-Mar-25,CUST0608,P012,Webcam,Accessories,North,4,4500,0.13,Net Banking
ORD03631,12-Feb-25,CUST0348,P012,Webcam,Accessories,North,4,4500,0.09,Net Banking
ORD03651,18-Jan-25,CUST0088,P012,Webcam,Accessories,North,4,4500,0.05,Net Banking
ORD03671,24-Dec-25,CUST0828,P012,Webcam,Accessories,North,4,4500,0.01,Net Banking
ORD03691,29-Nov-25,CUST0568,P012,Webcam,Accessories,North,4,4500,0.13,Net Banking
ORD03711,04-Nov-25,CUST0308,P012,Webcam,Accessories,North,4,4500,0.09,Net Banking
ORD03731,10-Oct-25,CUST0048,P012,Webcam,Accessories,North,4,4500,0.05,Net Banking
ORD03751,15-Sep-25,CUST0788,P012,Webcam,Accessories,North,4,4500,0.01,Net Banking
ORD03771,21-Aug-25,CUST0528,P012,Webcam,Accessories,North,4,4500,0.13,Net Banking
ORD03791,27-Jul-25,CUST0268,P012,Webcam,Accessories,North,4,4500,0.09,Net Banking
ORD03811,02-Jul-25,CUST0008,P012,Webcam,Accessories,North,4,4500,0.05,Net Banking
ORD03831,07-Jun-25,CUST0748,P012,Webcam,Accessories,North,4,4500,0.01,Net Banking
ORD03851,13-May-25,CUST0488,P012,Webcam,Accessories,North,4,4500,0.13,Net Banking
ORD03871,18-Apr-25,CUST0228,P012,Webcam,Accessories,North,4,4500,0.09,Net Banking
ORD03891,24-Mar-25,CUST0968,P012,Webcam,Accessories,North,4,4500,0.05,Net Banking
ORD03911,27-Feb-25,CUST0708,P012,Webcam,Accessories,North,4,4500,0.01,Net Banking
ORD03931,02-Feb-25,CUST0448,P012,Webcam,Accessories,North,4,4500,0.13,Net Banking
ORD03951,08-Jan-25,CUST0188,P012,Webcam,Accessories,North,4,4500,0.09,Net Banking
ORD03971,14-Dec-25,CUST0928,P012,Webcam,Accessories,North,4,4500,0.05,Net Banking
ORD03991,19-Nov-25,CUST0668,P012,Webcam,Accessories,North,4,4500,0.01,Net Banking
ORD04011,25-Oct-25,CUST0408,P012,Webcam,Accessories,North,4,4500,0.13,Net Banking
ORD04031,30-Sep-25,CUST0148,P012,Webcam,Accessories,North,4,4500,0.09,Net Banking
ORD04051,05-Sep-25,CUST0888,P012,Webcam,Accessories,North,4,4500,0.05,Net Banking
ORD04071,11-Aug-25,CUST0628,P012,Webcam,Accessories,North,4,4500,0.01,Net Banking
ORD04091,17-Jul-25,CUST0368,P012,Webcam,Accessories,North,4,4500,0.13,Net Banking
ORD04111,22-Jun-25,CUST0108,P012,Webcam,Accessories,North,4,4500,0.09,Net Banking
ORD04131,28-May-25,CUST0848,P012,Webcam,Accessories,North,4,4500,0.05,Net Banking
ORD04151,03-May-25,CUST0588,P012,Webcam,Accessories,North,4,4500,0.01,Net Banking
ORD04171,08-Apr-25,CUST0328,P012,Webcam,Accessories,North,4,4500,0.13,Net Banking
ORD04191,14-Mar-25,CUST0068,P012,Webcam,Accessories,North,4,4500,0.09,Net Banking
ORD04211,17-Feb-25,CUST0808,P012,Webcam,Accessories,North,4,4500,0.05,Net Banking
ORD04231,23-Jan-25,CUST0548,P012,Webcam,Accessories,North,4,4500,0.01,Net Banking
ORD04251,29-Dec-25,CUST0288,P012,Webcam,Accessories,North,4,4500,0.13,Net Banking
ORD04271,04-Dec-25,CUST0028,P012,Webcam,Accessories,North,4,4500,0.09,Net Banking
ORD04291,09-Nov-25,CUST0768,P012,Webcam,Accessories,North,4,4500,0.05,Net Banking
ORD04311,15-Oct-25,CUST0508,P012,Webcam,Accessories,North,4,4500,0.01,Net Banking
ORD04331,20-Sep-25,CUST0248,P012,Webcam,Accessories,North,4,4500,0.13,Net Banking
ORD04351,26-Aug-25,CUST0988,P012,Webcam,Accessories,North,4,4500,0.09,Net Banking
ORD04371,01-Aug-25,CUST0728,P012,Webcam,Accessories,North,4,4500,0.05,Net Banking
ORD04391,07-Jul-25,CUST0468,P012,Webcam,Accessories,North,4,4500,0.01,Net Banking
ORD04411,12-Jun-25,CUST0208,P012,Webcam,Accessories,North,4,4500,0.13,Net Banking
ORD04431,18-May-25,CUST0948,P012,Webcam,Accessories,North,4,4500,0.09,Net Banking
ORD04451,23-Apr-25,CUST0688,P012,Webcam,Accessories,North,4,4500,0.05,Net Banking
ORD04471,29-Mar-25,CUST0428,P012,Webcam,Accessories,North,4,4500,0.01,Net Banking
ORD04491,04-Mar-25,CUST0168,P012,Webcam,Accessories,North,4,4500,0.13,Net Banking
ORD04511,07-Feb-25,CUST0908,P012,Webcam,Accessories,North,4,4500,0.09,Net Banking
ORD04531,13-Jan-25,CUST0648,P012,Webcam,Accessories,North,4,4500,0.05,Net Banking
ORD04551,19-Dec-25,CUST0388,P012,Webcam,Accessories,North,4,4500,0.01,Net Banking
ORD04571,24-Nov-25,CUST0128,P012,Webcam,Accessories,North,4,4500,0.13,Net Banking
ORD04591,30-Oct-25,CUST0868,P012,Webcam,Accessories,North,4,4500,0.09,Net Banking
ORD04611,05-Oct-25,CUST0608,P012,Webcam,Accessories,North,4,4500,0.05,Net Banking
ORD04631,10-Sep-25,CUST0348,P012,Webcam,Accessories,North,4,4500,0.01,Net Banking
ORD04651,16-Aug-25,CUST0088,P012,Webcam,Accessories,North,4,4500,0.13,Net Banking
ORD04671,22-Jul-25,CUST0828,P012,Webcam,Accessories,North,4,4500,0.09,Net Banking
ORD04691,27-Jun-25,CUST0568,P012,Webcam,Accessories,North,4,4500,0.05,Net Banking
ORD04711,02-Jun-25,CUST0308,P012,Webcam,Accessories,North,4,4500,0.01,Net Banking
ORD04731,08-May-25,CUST0048,P012,Webcam,Accessories,North,4,4500,0.13,Net Banking
ORD04751,13-Apr-25,CUST0788,P012,Webcam,Accessories,North,4,4500,0.09,Net Banking
ORD04771,19-Mar-25,CUST0528,P012,Webcam,Accessories,North,4,4500,0.05,Net Banking
ORD04791,22-Feb-25,CUST0268,P012,Webcam,Accessories,North,4,4500,0.01,Net Banking
ORD04811,28-Jan-25,CUST0008,P012,Webcam,Accessories,North,4,4500,0.13,Net Banking
ORD04831,03-Jan-25,CUST0748,P012,Webcam,Accessories,North,4,4500,0.09,Net Banking
ORD04851,09-Dec-25,CUST0488,P012,Webcam,Accessories,North,4,4500,0.05,Net Banking
ORD04871,14-Nov-25,CUST0228,P012,Webcam,Accessories,North,4,4500,0.01,Net Banking
ORD04891,20-Oct-25,CUST0968,P012,Webcam,Accessories,North,4,4500,0.13,Net Banking
ORD04911,25-Sep-25,CUST0708,P012,Webcam,Accessories,North,4,4500,0.09,Net Banking
ORD04931,31-Aug-25,CUST0448,P012,Webcam,Accessories,North,4,4500,0.05,Net Banking
ORD04951,06-Aug-25,CUST0188,P012,Webcam,Accessories,North,4,4500,0.01,Net Banking
ORD04971,12-Jul-25,CUST0928,P012,Webcam,Accessories,North,4,4500,0.13,Net Banking
ORD04991,17-Jun-25,CUST0668,P012,Webcam,Accessories,North,4,4500,0.09,Net Banking
ORD00018,03-Nov-25,CUST0667,P019,Mechanical Keyboard,Accessories,East,5,4500,0.14,Cash
ORD00038,09-Oct-25,CUST0407,P019,Mechanical Keyboard,Accessories,East,5,4500,0.1,Cash
ORD00058,14-Sep-25,CUST0147,P019,Mechanical Keyboard,Accessories,East,5,4500,0.06,Cash
ORD00078,20-Aug-25,CUST0887,P019,Mechanical Keyboard,Accessories,East,5,4500,0.02,Cash
ORD00098,26-Jul-25,CUST0627,P019,Mechanical Keyboard,Accessories,East,5,4500,0.14,Cash
ORD00118,01-Jul-25,CUST0367,P019,Mechanical Keyboard,Accessories,East,5,4500,0.1,Cash
ORD00138,06-Jun-25,CUST0107,P019,Mechanical Keyboard,Accessories,East,5,4500,0.06,Cash
ORD00158,12-May-25,CUST0847,P019,Mechanical Keyboard,Accessories,East,5,4500,0.02,Cash
ORD00178,17-Apr-25,CUST0587,P019,Mechanical Keyboard,Accessories,East,5,4500,0.14,Cash
ORD00198,23-Mar-25,CUST0327,P019,Mechanical Keyboard,Accessories,East,5,4500,0.1,Cash
ORD00218,26-Feb-25,CUST0067,P019,Mechanical Keyboard,Accessories,East,5,4500,0.06,Cash
ORD00238,01-Feb-25,CUST0807,P019,Mechanical Keyboard,Accessories,East,5,4500,0.02,Cash
ORD00258,07-Jan-25,CUST0547,P019,Mechanical Keyboard,Accessories,East,5,4500,0.14,Cash
ORD00278,13-Dec-25,CUST0287,P019,Mechanical Keyboard,Accessories,East,5,4500,0.1,Cash
ORD00298,18-Nov-25,CUST0027,P019,Mechanical Keyboard,Accessories,East,5,4500,0.06,Cash
ORD00318,24-Oct-25,CUST0767,P019,Mechanical Keyboard,Accessories,East,5,4500,0.02,Cash
ORD00338,29-Sep-25,CUST0507,P019,Mechanical Keyboard,Accessories,East,5,4500,0.14,Cash
ORD00358,04-Sep-25,CUST0247,P019,Mechanical Keyboard,Accessories,East,5,4500,0.1,Cash
ORD00378,10-Aug-25,CUST0987,P019,Mechanical Keyboard,Accessories,East,5,4500,0.06,Cash
ORD00398,16-Jul-25,CUST0727,P019,Mechanical Keyboard,Accessories,East,5,4500,0.02,Cash
ORD00418,21-Jun-25,CUST0467,P019,Mechanical Keyboard,Accessories,East,5,4500,0.14,Cash
ORD00438,27-May-25,CUST0207,P019,Mechanical Keyboard,Accessories,East,5,4500,0.1,Cash
ORD00458,02-May-25,CUST0947,P019,Mechanical Keyboard,Accessories,East,5,4500,0.06,Cash
ORD00478,07-Apr-25,CUST0687,P019,Mechanical Keyboard,Accessories,East,5,4500,0.02,Cash
ORD00498,13-Mar-25,CUST0427,P019,Mechanical Keyboard,Accessories,East,5,4500,0.14,Cash
ORD00518,16-Feb-25,CUST0167,P019,Mechanical Keyboard,Accessories,East,5,4500,0.1,Cash
ORD00538,22-Jan-25,CUST0907,P019,Mechanical Keyboard,Accessories,East,5,4500,0.06,Cash
ORD00558,28-Dec-25,CUST0647,P019,Mechanical Keyboard,Accessories,East,5,4500,0.02,Cash
ORD00578,03-Dec-25,CUST0387,P019,Mechanical Keyboard,Accessories,East,5,4500,0.14,Cash
ORD00598,08-Nov-25,CUST0127,P019,Mechanical Keyboard,Accessories,East,5,4500,0.1,Cash
ORD00618,14-Oct-25,CUST0867,P019,Mechanical Keyboard,Accessories,East,5,4500,0.06,Cash
ORD00638,19-Sep-25,CUST0607,P019,Mechanical Keyboard,Accessories,East,5,4500,0.02,Cash
ORD00658,25-Aug-25,CUST0347,P019,Mechanical Keyboard,Accessories,East,5,4500,0.14,Cash
ORD00678,31-Jul-25,CUST0087,P019,Mechanical Keyboard,Accessories,East,5,4500,0.1,Cash
ORD00698,06-Jul-25,CUST0827,P019,Mechanical Keyboard,Accessories,East,5,4500,0.06,Cash
ORD00718,11-Jun-25,CUST0567,P019,Mechanical Keyboard,Accessories,East,5,4500,0.02,Cash
ORD00738,17-May-25,CUST0307,P019,Mechanical Keyboard,Accessories,East,5,4500,0.14,Cash
ORD00758,22-Apr-25,CUST0047,P019,Mechanical Keyboard,Accessories,East,5,4500,0.1,Cash
ORD00778,28-Mar-25,CUST0787,P019,Mechanical Keyboard,Accessories,East,5,4500,0.06,Cash
ORD00798,03-Mar-25,CUST0527,P019,Mechanical Keyboard,Accessories,East,5,4500,0.02,Cash
ORD00818,06-Feb-25,CUST0267,P019,Mechanical Keyboard,Accessories,East,5,4500,0.14,Cash
ORD00838,12-Jan-25,CUST0007,P019,Mechanical Keyboard,Accessories,East,5,4500,0.1,Cash
ORD00858,18-Dec-25,CUST0747,P019,Mechanical Keyboard,Accessories,East,5,4500,0.06,Cash
ORD00878,23-Nov-25,CUST0487,P019,Mechanical Keyboard,Accessories,East,5,4500,0.02,Cash
ORD00898,29-Oct-25,CUST0227,P019,Mechanical Keyboard,Accessories,East,5,4500,0.14,Cash
ORD00918,04-Oct-25,CUST0967,P019,Mechanical Keyboard,Accessories,East,5,4500,0.1,Cash
ORD00938,09-Sep-25,CUST0707,P019,Mechanical Keyboard,Accessories,East,5,4500,0.06,Cash
ORD00958,15-Aug-25,CUST0447,P019,Mechanical Keyboard,Accessories,East,5,4500,0.02,Cash
ORD00978,21-Jul-25,CUST0187,P019,Mechanical Keyboard,Accessories,East,5,4500,0.14,Cash
ORD00998,26-Jun-25,CUST0927,P019,Mechanical Keyboard,Accessories,East,5,4500,0.1,Cash
ORD01018,01-Jun-25,CUST0667,P019,Mechanical Keyboard,Accessories,East,5,4500,0.06,Cash
ORD01038,07-May-25,CUST0407,P019,Mechanical Keyboard,Accessories,East,5,4500,0.02,Cash
ORD01058,12-Apr-25,CUST0147,P019,Mechanical Keyboard,Accessories,East,5,4500,0.14,Cash
ORD01078,18-Mar-25,CUST0887,P019,Mechanical Keyboard,Accessories,East,5,4500,0.1,Cash
ORD01098,21-Feb-25,CUST0627,P019,Mechanical Keyboard,Accessories,East,5,4500,0.06,Cash
ORD01118,27-Jan-25,CUST0367,P019,Mechanical Keyboard,Accessories,East,5,4500,0.02,Cash
ORD01138,02-Jan-25,CUST0107,P019,Mechanical Keyboard,Accessories,East,5,4500,0.14,Cash
ORD01158,08-Dec-25,CUST0847,P019,Mechanical Keyboard,Accessories,East,5,4500,0.1,Cash
ORD01178,13-Nov-25,CUST0587,P019,Mechanical Keyboard,Accessories,East,5,4500,0.06,Cash
ORD01198,19-Oct-25,CUST0327,P019,Mechanical Keyboard,Accessories,East,5,4500,0.02,Cash
ORD01218,24-Sep-25,CUST0067,P019,Mechanical Keyboard,Accessories,East,5,4500,0.14,Cash
ORD01238,30-Aug-25,CUST0807,P019,Mechanical Keyboard,Accessories,East,5,4500,0.1,Cash
ORD01258,05-Aug-25,CUST0547,P019,Mechanical Keyboard,Accessories,East,5,4500,0.06,Cash
ORD01278,11-Jul-25,CUST0287,P019,Mechanical Keyboard,Accessories,East,5,4500,0.02,Cash
ORD01298,16-Jun-25,CUST0027,P019,Mechanical Keyboard,Accessories,East,5,4500,0.14,Cash
ORD01318,22-May-25,CUST0767,P019,Mechanical Keyboard,Accessories,East,5,4500,0.1,Cash
ORD01338,27-Apr-25,CUST0507,P019,Mechanical Keyboard,Accessories,East,5,4500,0.06,Cash
ORD01358,02-Apr-25,CUST0247,P019,Mechanical Keyboard,Accessories,East,5,4500,0.02,Cash
ORD01378,08-Mar-25,CUST0987,P019,Mechanical Keyboard,Accessories,East,5,4500,0.14,Cash
ORD01398,11-Feb-25,CUST0727,P019,Mechanical Keyboard,Accessories,East,5,4500,0.1,Cash
ORD01418,17-Jan-25,CUST0467,P019,Mechanical Keyboard,Accessories,East,5,4500,0.06,Cash
ORD01438,23-Dec-25,CUST0207,P019,Mechanical Keyboard,Accessories,East,5,4500,0.02,Cash
ORD01458,28-Nov-25,CUST0947,P019,Mechanical Keyboard,Accessories,East,5,4500,0.14,Cash
ORD01478,03-Nov-25,CUST0687,P019,Mechanical Keyboard,Accessories,East,5,4500,0.1,Cash
ORD01498,09-Oct-25,CUST0427,P019,Mechanical Keyboard,Accessories,East,5,4500,0.06,Cash
ORD01518,14-Sep-25,CUST0167,P019,Mechanical Keyboard,Accessories,East,5,4500,0.02,Cash
ORD01538,20-Aug-25,CUST0907,P019,Mechanical Keyboard,Accessories,East,5,4500,0.14,Cash
ORD01558,26-Jul-25,CUST0647,P019,Mechanical Keyboard,Accessories,East,5,4500,0.1,Cash
ORD01578,01-Jul-25,CUST0387,P019,Mechanical Keyboard,Accessories,East,5,4500,0.06,Cash
ORD01598,06-Jun-25,CUST0127,P019,Mechanical Keyboard,Accessories,East,5,4500,0.02,Cash
ORD01618,12-May-25,CUST0867,P019,Mechanical Keyboard,Accessories,East,5,4500,0.14,Cash
ORD01638,17-Apr-25,CUST0607,P019,Mechanical Keyboard,Accessories,East,5,4500,0.1,Cash
ORD01658,23-Mar-25,CUST0347,P019,Mechanical Keyboard,Accessories,East,5,4500,0.06,Cash
ORD01678,26-Feb-25,CUST0087,P019,Mechanical Keyboard,Accessories,East,5,4500,0.02,Cash
ORD01698,01-Feb-25,CUST0827,P019,Mechanical Keyboard,Accessories,East,5,4500,0.14,Cash
ORD01718,07-Jan-25,CUST0567,P019,Mechanical Keyboard,Accessories,East,5,4500,0.1,Cash
ORD01738,13-Dec-25,CUST0307,P019,Mechanical Keyboard,Accessories,East,5,4500,0.06,Cash
ORD01758,18-Nov-25,CUST0047,P019,Mechanical Keyboard,Accessories,East,5,4500,0.02,Cash
ORD01778,24-Oct-25,CUST0787,P019,Mechanical Keyboard,Accessories,East,5,4500,0.14,Cash
ORD01798,29-Sep-25,CUST0527,P019,Mechanical Keyboard,Accessories,East,5,4500,0.1,Cash
ORD01818,04-Sep-25,CUST0267,P019,Mechanical Keyboard,Accessories,East,5,4500,0.06,Cash
ORD01838,10-Aug-25,CUST0007,P019,Mechanical Keyboard,Accessories,East,5,4500,0.02,Cash
ORD01858,16-Jul-25,CUST0747,P019,Mechanical Keyboard,Accessories,East,5,4500,0.14,Cash
ORD01878,21-Jun-25,CUST0487,P019,Mechanical Keyboard,Accessories,East,5,4500,0.1,Cash
ORD01898,27-May-25,CUST0227,P019,Mechanical Keyboard,Accessories,East,5,4500,0.06,Cash
ORD01918,02-May-25,CUST0967,P019,Mechanical Keyboard,Accessories,East,5,4500,0.02,Cash
ORD01938,07-Apr-25,CUST0707,P019,Mechanical Keyboard,Accessories,East,5,4500,0.14,Cash
ORD01958,13-Mar-25,CUST0447,P019,Mechanical Keyboard,Accessories,East,5,4500,0.1,Cash
ORD01978,16-Feb-25,CUST0187,P019,Mechanical Keyboard,Accessories,East,5,4500,0.06,Cash
ORD01998,22-Jan-25,CUST0927,P019,Mechanical Keyboard,Accessories,East,5,4500,0.02,Cash
ORD02018,28-Dec-25,CUST0667,P019,Mechanical Keyboard,Accessories,East,5,4500,0.14,Cash
ORD02038,03-Dec-25,CUST0407,P019,Mechanical Keyboard,Accessories,East,5,4500,0.1,Cash
ORD02058,08-Nov-25,CUST0147,P019,Mechanical Keyboard,Accessories,East,5,4500,0.06,Cash
ORD02078,14-Oct-25,CUST0887,P019,Mechanical Keyboard,Accessories,East,5,4500,0.02,Cash
ORD02098,19-Sep-25,CUST0627,P019,Mechanical Keyboard,Accessories,East,5,4500,0.14,Cash
ORD02118,25-Aug-25,CUST0367,P019,Mechanical Keyboard,Accessories,East,5,4500,0.1,Cash
ORD02138,31-Jul-25,CUST0107,P019,Mechanical Keyboard,Accessories,East,5,4500,0.06,Cash
ORD02158,06-Jul-25,CUST0847,P019,Mechanical Keyboard,Accessories,East,5,4500,0.02,Cash
ORD02178,11-Jun-25,CUST0587,P019,Mechanical Keyboard,Accessories,East,5,4500,0.14,Cash
ORD02198,17-May-25,CUST0327,P019,Mechanical Keyboard,Accessories,East,5,4500,0.1,Cash
ORD02218,22-Apr-25,CUST0067,P019,Mechanical Keyboard,Accessories,East,5,4500,0.06,Cash
ORD02238,28-Mar-25,CUST0807,P019,Mechanical Keyboard,Accessories,East,5,4500,0.02,Cash
ORD02258,03-Mar-25,CUST0547,P019,Mechanical Keyboard,Accessories,East,5,4500,0.14,Cash
ORD02278,06-Feb-25,CUST0287,P019,Mechanical Keyboard,Accessories,East,5,4500,0.1,Cash
ORD02298,12-Jan-25,CUST0027,P019,Mechanical Keyboard,Accessories,East,5,4500,0.06,Cash
ORD02318,18-Dec-25,CUST0767,P019,Mechanical Keyboard,Accessories,East,5,4500,0.02,Cash
ORD02338,23-Nov-25,CUST0507,P019,Mechanical Keyboard,Accessories,East,5,4500,0.14,Cash
ORD02358,29-Oct-25,CUST0247,P019,Mechanical Keyboard,Accessories,East,5,4500,0.1,Cash
ORD02378,04-Oct-25,CUST0987,P019,Mechanical Keyboard,Accessories,East,5,4500,0.06,Cash
ORD02398,09-Sep-25,CUST0727,P019,Mechanical Keyboard,Accessories,East,5,4500,0.02,Cash
ORD02418,15-Aug-25,CUST0467,P019,Mechanical Keyboard,Accessories,East,5,4500,0.14,Cash
ORD02438,21-Jul-25,CUST0207,P019,Mechanical Keyboard,Accessories,East,5,4500,0.1,Cash
ORD02458,26-Jun-25,CUST0947,P019,Mechanical Keyboard,Accessories,East,5,4500,0.06,Cash
ORD02478,01-Jun-25,CUST0687,P019,Mechanical Keyboard,Accessories,East,5,4500,0.02,Cash
ORD02498,07-May-25,CUST0427,P019,Mechanical Keyboard,Accessories,East,5,4500,0.14,Cash
ORD02518,12-Apr-25,CUST0167,P019,Mechanical Keyboard,Accessories,East,5,4500,0.1,Cash
ORD02538,18-Mar-25,CUST0907,P019,Mechanical Keyboard,Accessories,East,5,4500,0.06,Cash
ORD02558,21-Feb-25,CUST0647,P019,Mechanical Keyboard,Accessories,East,5,4500,0.02,Cash
ORD02578,27-Jan-25,CUST0387,P019,Mechanical Keyboard,Accessories,East,5,4500,0.14,Cash
ORD02598,02-Jan-25,CUST0127,P019,Mechanical Keyboard,Accessories,East,5,4500,0.1,Cash
ORD02618,08-Dec-25,CUST0867,P019,Mechanical Keyboard,Accessories,East,5,4500,0.06,Cash
ORD02638,13-Nov-25,CUST0607,P019,Mechanical Keyboard,Accessories,East,5,4500,0.02,Cash
ORD02658,19-Oct-25,CUST0347,P019,Mechanical Keyboard,Accessories,East,5,4500,0.14,Cash
ORD02678,24-Sep-25,CUST0087,P019,Mechanical Keyboard,Accessories,East,5,4500,0.1,Cash
ORD02698,30-Aug-25,CUST0827,P019,Mechanical Keyboard,Accessories,East,5,4500,0.06,Cash
ORD02718,05-Aug-25,CUST0567,P019,Mechanical Keyboard,Accessories,East,5,4500,0.02,Cash
ORD02738,11-Jul-25,CUST0307,P019,Mechanical Keyboard,Accessories,East,5,4500,0.14,Cash
ORD02758,16-Jun-25,CUST0047,P019,Mechanical Keyboard,Accessories,East,5,4500,0.1,Cash
ORD02778,22-May-25,CUST0787,P019,Mechanical Keyboard,Accessories,East,5,4500,0.06,Cash
ORD02798,27-Apr-25,CUST0527,P019,Mechanical Keyboard,Accessories,East,5,4500,0.02,Cash
ORD02818,02-Apr-25,CUST0267,P019,Mechanical Keyboard,Accessories,East,5,4500,0.14,Cash
ORD02838,08-Mar-25,CUST0007,P019,Mechanical Keyboard,Accessories,East,5,4500,0.1,Cash
ORD02858,11-Feb-25,CUST0747,P019,Mechanical Keyboard,Accessories,East,5,4500,0.06,Cash
ORD02878,17-Jan-25,CUST0487,P019,Mechanical Keyboard,Accessories,East,5,4500,0.02,Cash
ORD02898,23-Dec-25,CUST0227,P019,Mechanical Keyboard,Accessories,East,5,4500,0.14,Cash
ORD02918,28-Nov-25,CUST0967,P019,Mechanical Keyboard,Accessories,East,5,4500,0.1,Cash
ORD02938,03-Nov-25,CUST0707,P019,Mechanical Keyboard,Accessories,East,5,4500,0.06,Cash
ORD02958,09-Oct-25,CUST0447,P019,Mechanical Keyboard,Accessories,East,5,4500,0.02,Cash
ORD02978,14-Sep-25,CUST0187,P019,Mechanical Keyboard,Accessories,East,5,4500,0.14,Cash
ORD02998,20-Aug-25,CUST0927,P019,Mechanical Keyboard,Accessories,East,5,4500,0.1,Cash
ORD03018,26-Jul-25,CUST0667,P019,Mechanical Keyboard,Accessories,East,5,4500,0.06,Cash
ORD03038,01-Jul-25,CUST0407,P019,Mechanical Keyboard,Accessories,East,5,4500,0.02,Cash
ORD03058,06-Jun-25,CUST0147,P019,Mechanical Keyboard,Accessories,East,5,4500,0.14,Cash
ORD03078,12-May-25,CUST0887,P019,Mechanical Keyboard,Accessories,East,5,4500,0.1,Cash
ORD03098,17-Apr-25,CUST0627,P019,Mechanical Keyboard,Accessories,East,5,4500,0.06,Cash
ORD03118,23-Mar-25,CUST0367,P019,Mechanical Keyboard,Accessories,East,5,4500,0.02,Cash
ORD03138,26-Feb-25,CUST0107,P019,Mechanical Keyboard,Accessories,East,5,4500,0.14,Cash
ORD03158,01-Feb-25,CUST0847,P019,Mechanical Keyboard,Accessories,East,5,4500,0.1,Cash
ORD03178,07-Jan-25,CUST0587,P019,Mechanical Keyboard,Accessories,East,5,4500,0.06,Cash
ORD03198,13-Dec-25,CUST0327,P019,Mechanical Keyboard,Accessories,East,5,4500,0.02,Cash
ORD03218,18-Nov-25,CUST0067,P019,Mechanical Keyboard,Accessories,East,5,4500,0.14,Cash
ORD03238,24-Oct-25,CUST0807,P019,Mechanical Keyboard,Accessories,East,5,4500,0.1,Cash
ORD03258,29-Sep-25,CUST0547,P019,Mechanical Keyboard,Accessories,East,5,4500,0.06,Cash
ORD03278,04-Sep-25,CUST0287,P019,Mechanical Keyboard,Accessories,East,5,4500,0.02,Cash
ORD03298,10-Aug-25,CUST0027,P019,Mechanical Keyboard,Accessories,East,5,4500,0.14,Cash
ORD03318,16-Jul-25,CUST0767,P019,Mechanical Keyboard,Accessories,East,5,4500,0.1,Cash
ORD03338,21-Jun-25,CUST0507,P019,Mechanical Keyboard,Accessories,East,5,4500,0.06,Cash
ORD03358,27-May-25,CUST0247,P019,Mechanical Keyboard,Accessories,East,5,4500,0.02,Cash
ORD03378,02-May-25,CUST0987,P019,Mechanical Keyboard,Accessories,East,5,4500,0.14,Cash
ORD03398,07-Apr-25,CUST0727,P019,Mechanical Keyboard,Accessories,East,5,4500,0.1,Cash
ORD03418,13-Mar-25,CUST0467,P019,Mechanical Keyboard,Accessories,East,5,4500,0.06,Cash
ORD03438,16-Feb-25,CUST0207,P019,Mechanical Keyboard,Accessories,East,5,4500,0.02,Cash
ORD03458,22-Jan-25,CUST0947,P019,Mechanical Keyboard,Accessories,East,5,4500,0.14,Cash
ORD03478,28-Dec-25,CUST0687,P019,Mechanical Keyboard,Accessories,East,5,4500,0.1,Cash
ORD03498,03-Dec-25,CUST0427,P019,Mechanical Keyboard,Accessories,East,5,4500,0.06,Cash
ORD03518,08-Nov-25,CUST0167,P019,Mechanical Keyboard,Accessories,East,5,4500,0.02,Cash
ORD03538,14-Oct-25,CUST0907,P019,Mechanical Keyboard,Accessories,East,5,4500,0.14,Cash
ORD03558,19-Sep-25,CUST0647,P019,Mechanical Keyboard,Accessories,East,5,4500,0.1,Cash
ORD03578,25-Aug-25,CUST0387,P019,Mechanical Keyboard,Accessories,East,5,4500,0.06,Cash
ORD03598,31-Jul-25,CUST0127,P019,Mechanical Keyboard,Accessories,East,5,4500,0.02,Cash
ORD03618,06-Jul-25,CUST0867,P019,Mechanical Keyboard,Accessories,East,5,4500,0.14,Cash
ORD03638,11-Jun-25,CUST0607,P019,Mechanical Keyboard,Accessories,East,5,4500,0.1,Cash
ORD03658,17-May-25,CUST0347,P019,Mechanical Keyboard,Accessories,East,5,4500,0.06,Cash
ORD03678,22-Apr-25,CUST0087,P019,Mechanical Keyboard,Accessories,East,5,4500,0.02,Cash
ORD03698,28-Mar-25,CUST0827,P019,Mechanical Keyboard,Accessories,East,5,4500,0.14,Cash
ORD03718,03-Mar-25,CUST0567,P019,Mechanical Keyboard,Accessories,East,5,4500,0.1,Cash
ORD03738,06-Feb-25,CUST0307,P019,Mechanical Keyboard,Accessories,East,5,4500,0.06,Cash
ORD03758,12-Jan-25,CUST0047,P019,Mechanical Keyboard,Accessories,East,5,4500,0.02,Cash
ORD03778,18-Dec-25,CUST0787,P019,Mechanical Keyboard,Accessories,East,5,4500,0.14,Cash
ORD03798,23-Nov-25,CUST0527,P019,Mechanical Keyboard,Accessories,East,5,4500,0.1,Cash
ORD03818,29-Oct-25,CUST0267,P019,Mechanical Keyboard,Accessories,East,5,4500,0.06,Cash
ORD03838,04-Oct-25,CUST0007,P019,Mechanical Keyboard,Accessories,East,5,4500,0.02,Cash
ORD03858,09-Sep-25,CUST0747,P019,Mechanical Keyboard,Accessories,East,5,4500,0.14,Cash
ORD03878,15-Aug-25,CUST0487,P019,Mechanical Keyboard,Accessories,East,5,4500,0.1,Cash
ORD03898,21-Jul-25,CUST0227,P019,Mechanical Keyboard,Accessories,East,5,4500,0.06,Cash
ORD03918,26-Jun-25,CUST0967,P019,Mechanical Keyboard,Accessories,East,5,4500,0.02,Cash
ORD03938,01-Jun-25,CUST0707,P019,Mechanical Keyboard,Accessories,East,5,4500,0.14,Cash
ORD03958,07-May-25,CUST0447,P019,Mechanical Keyboard,Accessories,East,5,4500,0.1,Cash
ORD03978,12-Apr-25,CUST0187,P019,Mechanical Keyboard,Accessories,East,5,4500,0.06,Cash
ORD03998,18-Mar-25,CUST0927,P019,Mechanical Keyboard,Accessories,East,5,4500,0.02,Cash
ORD04018,21-Feb-25,CUST0667,P019,Mechanical Keyboard,Accessories,East,5,4500,0.14,Cash
ORD04038,27-Jan-25,CUST0407,P019,Mechanical Keyboard,Accessories,East,5,4500,0.1,Cash
ORD04058,02-Jan-25,CUST0147,P019,Mechanical Keyboard,Accessories,East,5,4500,0.06,Cash
ORD04078,08-Dec-25,CUST0887,P019,Mechanical Keyboard,Accessories,East,5,4500,0.02,Cash
ORD04098,13-Nov-25,CUST0627,P019,Mechanical Keyboard,Accessories,East,5,4500,0.14,Cash
ORD04118,19-Oct-25,CUST0367,P019,Mechanical Keyboard,Accessories,East,5,4500,0.1,Cash
ORD04138,24-Sep-25,CUST0107,P019,Mechanical Keyboard,Accessories,East,5,4500,0.06,Cash
ORD04158,30-Aug-25,CUST0847,P019,Mechanical Keyboard,Accessories,East,5,4500,0.02,Cash
ORD04178,05-Aug-25,CUST0587,P019,Mechanical Keyboard,Accessories,East,5,4500,0.14,Cash
ORD04198,11-Jul-25,CUST0327,P019,Mechanical Keyboard,Accessories,East,5,4500,0.1,Cash
ORD04218,16-Jun-25,CUST0067,P019,Mechanical Keyboard,Accessories,East,5,4500,0.06,Cash
ORD04238,22-May-25,CUST0807,P019,Mechanical Keyboard,Accessories,East,5,4500,0.02,Cash
ORD04258,27-Apr-25,CUST0547,P019,Mechanical Keyboard,Accessories,East,5,4500,0.14,Cash
ORD04278,02-Apr-25,CUST0287,P019,Mechanical Keyboard,Accessories,East,5,4500,0.1,Cash
ORD04298,08-Mar-25,CUST0027,P019,Mechanical Keyboard,Accessories,East,5,4500,0.06,Cash
ORD04318,11-Feb-25,CUST0767,P019,Mechanical Keyboard,Accessories,East,5,4500,0.02,Cash
ORD04338,17-Jan-25,CUST0507,P019,Mechanical Keyboard,Accessories,East,5,4500,0.14,Cash
ORD04358,23-Dec-25,CUST0247,P019,Mechanical Keyboard,Accessories,East,5,4500,0.1,Cash
ORD04378,28-Nov-25,CUST0987,P019,Mechanical Keyboard,Accessories,East,5,4500,0.06,Cash
ORD04398,03-Nov-25,CUST0727,P019,Mechanical Keyboard,Accessories,East,5,4500,0.02,Cash
ORD04418,09-Oct-25,CUST0467,P019,Mechanical Keyboard,Accessories,East,5,4500,0.14,Cash
ORD04438,14-Sep-25,CUST0207,P019,Mechanical Keyboard,Accessories,East,5,4500,0.1,Cash
ORD04458,20-Aug-25,CUST0947,P019,Mechanical Keyboard,Accessories,East,5,4500,0.06,Cash
ORD04478,26-Jul-25,CUST0687,P019,Mechanical Keyboard,Accessories,East,5,4500,0.02,Cash
ORD04498,01-Jul-25,CUST0427,P019,Mechanical Keyboard,Accessories,East,5,4500,0.14,Cash
ORD04518,06-Jun-25,CUST0167,P019,Mechanical Keyboard,Accessories,East,5,4500,0.1,Cash
ORD04538,12-May-25,CUST0907,P019,Mechanical Keyboard,Accessories,East,5,4500,0.06,Cash
ORD04558,17-Apr-25,CUST0647,P019,Mechanical Keyboard,Accessories,East,5,4500,0.02,Cash
ORD04578,23-Mar-25,CUST0387,P019,Mechanical Keyboard,Accessories,East,5,4500,0.14,Cash
ORD04598,26-Feb-25,CUST0127,P019,Mechanical Keyboard,Accessories,East,5,4500,0.1,Cash
ORD04618,01-Feb-25,CUST0867,P019,Mechanical Keyboard,Accessories,East,5,4500,0.06,Cash
ORD04638,07-Jan-25,CUST0607,P019,Mechanical Keyboard,Accessories,East,5,4500,0.02,Cash
ORD04658,13-Dec-25,CUST0347,P019,Mechanical Keyboard,Accessories,East,5,4500,0.14,Cash
ORD04678,18-Nov-25,CUST0087,P019,Mechanical Keyboard,Accessories,East,5,4500,0.1,Cash
ORD04698,24-Oct-25,CUST0827,P019,Mechanical Keyboard,Accessories,East,5,4500,0.06,Cash
ORD04718,29-Sep-25,CUST0567,P019,Mechanical Keyboard,Accessories,East,5,4500,0.02,Cash
ORD04738,04-Sep-25,CUST0307,P019,Mechanical Keyboard,Accessories,East,5,4500,0.14,Cash
ORD04758,10-Aug-25,CUST0047,P019,Mechanical Keyboard,Accessories,East,5,4500,0.1,Cash
ORD04778,16-Jul-25,CUST0787,P019,Mechanical Keyboard,Accessories,East,5,4500,0.06,Cash
ORD04798,21-Jun-25,CUST0527,P019,Mechanical Keyboard,Accessories,East,5,4500,0.02,Cash
ORD04818,27-May-25,CUST0267,P019,Mechanical Keyboard,Accessories,East,5,4500,0.14,Cash
ORD04838,02-May-25,CUST0007,P019,Mechanical Keyboard,Accessories,East,5,4500,0.1,Cash
ORD04858,07-Apr-25,CUST0747,P019,Mechanical Keyboard,Accessories,East,5,4500,0.06,Cash
ORD04878,13-Mar-25,CUST0487,P019,Mechanical Keyboard,Accessories,East,5,4500,0.02,Cash
ORD04898,16-Feb-25,CUST0227,P019,Mechanical Keyboard,Accessories,East,5,4500,0.14,Cash
ORD04918,22-Jan-25,CUST0967,P019,Mechanical Keyboard,Accessories,East,5,4500,0.1,Cash
ORD04938,28-Dec-25,CUST0707,P019,Mechanical Keyboard,Accessories,East,5,4500,0.06,Cash
ORD04958,03-Dec-25,CUST0447,P019,Mechanical Keyboard,Accessories,East,5,4500,0.02,Cash
ORD04978,08-Nov-25,CUST0187,P019,Mechanical Keyboard,Accessories,East,5,4500,0.14,Cash
ORD04998,14-Oct-25,CUST0927,P019,Mechanical Keyboard,Accessories,East,5,4500,0.1,Cash
ORD00016,30-Sep-25,CUST0593,P017,Speaker,Accessories,North,4,4000,0,UPI
ORD00036,05-Sep-25,CUST0333,P017,Speaker,Accessories,North,4,4000,0.12,UPI
ORD00056,11-Aug-25,CUST0073,P017,Speaker,Accessories,North,4,4000,0.08,UPI
ORD00076,17-Jul-25,CUST0813,P017,Speaker,Accessories,North,4,4000,0.04,UPI
ORD00096,22-Jun-25,CUST0553,P017,Speaker,Accessories,North,4,4000,0,UPI
ORD00116,28-May-25,CUST0293,P017,Speaker,Accessories,North,4,4000,0.12,UPI
ORD00136,03-May-25,CUST0033,P017,Speaker,Accessories,North,4,4000,0.08,UPI
ORD00156,08-Apr-25,CUST0773,P017,Speaker,Accessories,North,4,4000,0.04,UPI
ORD00176,14-Mar-25,CUST0513,P017,Speaker,Accessories,North,4,4000,0,UPI
ORD00196,17-Feb-25,CUST0253,P017,Speaker,Accessories,North,4,4000,0.12,UPI
ORD00216,23-Jan-25,CUST0993,P017,Speaker,Accessories,North,4,4000,0.08,UPI
ORD00236,29-Dec-25,CUST0733,P017,Speaker,Accessories,North,4,4000,0.04,UPI
ORD00256,04-Dec-25,CUST0473,P017,Speaker,Accessories,North,4,4000,0,UPI
ORD00276,09-Nov-25,CUST0213,P017,Speaker,Accessories,North,4,4000,0.12,UPI
ORD00296,15-Oct-25,CUST0953,P017,Speaker,Accessories,North,4,4000,0.08,UPI
ORD00316,20-Sep-25,CUST0693,P017,Speaker,Accessories,North,4,4000,0.04,UPI
ORD00336,26-Aug-25,CUST0433,P017,Speaker,Accessories,North,4,4000,0,UPI
ORD00356,01-Aug-25,CUST0173,P017,Speaker,Accessories,North,4,4000,0.12,UPI
ORD00376,07-Jul-25,CUST0913,P017,Speaker,Accessories,North,4,4000,0.08,UPI
ORD00396,12-Jun-25,CUST0653,P017,Speaker,Accessories,North,4,4000,0.04,UPI
ORD00416,18-May-25,CUST0393,P017,Speaker,Accessories,North,4,4000,0,UPI
ORD00436,23-Apr-25,CUST0133,P017,Speaker,Accessories,North,4,4000,0.12,UPI
ORD00456,29-Mar-25,CUST0873,P017,Speaker,Accessories,North,4,4000,0.08,UPI
ORD00476,04-Mar-25,CUST0613,P017,Speaker,Accessories,North,4,4000,0.04,UPI
ORD00496,07-Feb-25,CUST0353,P017,Speaker,Accessories,North,4,4000,0,UPI
ORD00516,13-Jan-25,CUST0093,P017,Speaker,Accessories,North,4,4000,0.12,UPI
ORD00536,19-Dec-25,CUST0833,P017,Speaker,Accessories,North,4,4000,0.08,UPI
ORD00556,24-Nov-25,CUST0573,P017,Speaker,Accessories,North,4,4000,0.04,UPI
ORD00576,30-Oct-25,CUST0313,P017,Speaker,Accessories,North,4,4000,0,UPI
ORD00596,05-Oct-25,CUST0053,P017,Speaker,Accessories,North,4,4000,0.12,UPI
ORD00616,10-Sep-25,CUST0793,P017,Speaker,Accessories,North,4,4000,0.08,UPI
ORD00636,16-Aug-25,CUST0533,P017,Speaker,Accessories,North,4,4000,0.04,UPI
ORD00656,22-Jul-25,CUST0273,P017,Speaker,Accessories,North,4,4000,0,UPI
ORD00676,27-Jun-25,CUST0013,P017,Speaker,Accessories,North,4,4000,0.12,UPI
ORD00696,02-Jun-25,CUST0753,P017,Speaker,Accessories,North,4,4000,0.08,UPI
ORD00716,08-May-25,CUST0493,P017,Speaker,Accessories,North,4,4000,0.04,UPI
ORD00736,13-Apr-25,CUST0233,P017,Speaker,Accessories,North,4,4000,0,UPI
ORD00756,19-Mar-25,CUST0973,P017,Speaker,Accessories,North,4,4000,0.12,UPI
ORD00776,22-Feb-25,CUST0713,P017,Speaker,Accessories,North,4,4000,0.08,UPI
ORD00796,28-Jan-25,CUST0453,P017,Speaker,Accessories,North,4,4000,0.04,UPI
ORD00816,03-Jan-25,CUST0193,P017,Speaker,Accessories,North,4,4000,0,UPI
ORD00836,09-Dec-25,CUST0933,P017,Speaker,Accessories,North,4,4000,0.12,UPI
ORD00856,14-Nov-25,CUST0673,P017,Speaker,Accessories,North,4,4000,0.08,UPI
ORD00876,20-Oct-25,CUST0413,P017,Speaker,Accessories,North,4,4000,0.04,UPI
ORD00896,25-Sep-25,CUST0153,P017,Speaker,Accessories,North,4,4000,0,UPI
ORD00916,31-Aug-25,CUST0893,P017,Speaker,Accessories,North,4,4000,0.12,UPI
ORD00936,06-Aug-25,CUST0633,P017,Speaker,Accessories,North,4,4000,0.08,UPI
ORD00956,12-Jul-25,CUST0373,P017,Speaker,Accessories,North,4,4000,0.04,UPI
ORD00976,17-Jun-25,CUST0113,P017,Speaker,Accessories,North,4,4000,0,UPI
ORD00996,23-May-25,CUST0853,P017,Speaker,Accessories,North,4,4000,0.12,UPI
ORD01016,28-Apr-25,CUST0593,P017,Speaker,Accessories,North,4,4000,0.08,UPI
ORD01036,03-Apr-25,CUST0333,P017,Speaker,Accessories,North,4,4000,0.04,UPI
ORD01056,09-Mar-25,CUST0073,P017,Speaker,Accessories,North,4,4000,0,UPI
ORD01076,12-Feb-25,CUST0813,P017,Speaker,Accessories,North,4,4000,0.12,UPI
ORD01096,18-Jan-25,CUST0553,P017,Speaker,Accessories,North,4,4000,0.08,UPI
ORD01116,24-Dec-25,CUST0293,P017,Speaker,Accessories,North,4,4000,0.04,UPI
ORD01136,29-Nov-25,CUST0033,P017,Speaker,Accessories,North,4,4000,0,UPI
ORD01156,04-Nov-25,CUST0773,P017,Speaker,Accessories,North,4,4000,0.12,UPI
ORD01176,10-Oct-25,CUST0513,P017,Speaker,Accessories,North,4,4000,0.08,UPI
ORD01196,15-Sep-25,CUST0253,P017,Speaker,Accessories,North,4,4000,0.04,UPI
ORD01216,21-Aug-25,CUST0993,P017,Speaker,Accessories,North,4,4000,0,UPI
ORD01236,27-Jul-25,CUST0733,P017,Speaker,Accessories,North,4,4000,0.12,UPI
ORD01256,02-Jul-25,CUST0473,P017,Speaker,Accessories,North,4,4000,0.08,UPI
ORD01276,07-Jun-25,CUST0213,P017,Speaker,Accessories,North,4,4000,0.04,UPI
ORD01296,13-May-25,CUST0953,P017,Speaker,Accessories,North,4,4000,0,UPI
ORD01316,18-Apr-25,CUST0693,P017,Speaker,Accessories,North,4,4000,0.12,UPI
ORD01336,24-Mar-25,CUST0433,P017,Speaker,Accessories,North,4,4000,0.08,UPI
ORD01356,27-Feb-25,CUST0173,P017,Speaker,Accessories,North,4,4000,0.04,UPI
ORD01376,02-Feb-25,CUST0913,P017,Speaker,Accessories,North,4,4000,0,UPI
ORD01396,08-Jan-25,CUST0653,P017,Speaker,Accessories,North,4,4000,0.12,UPI
ORD01416,14-Dec-25,CUST0393,P017,Speaker,Accessories,North,4,4000,0.08,UPI
ORD01436,19-Nov-25,CUST0133,P017,Speaker,Accessories,North,4,4000,0.04,UPI
ORD01456,25-Oct-25,CUST0873,P017,Speaker,Accessories,North,4,4000,0,UPI
ORD01476,30-Sep-25,CUST0613,P017,Speaker,Accessories,North,4,4000,0.12,UPI
ORD01496,05-Sep-25,CUST0353,P017,Speaker,Accessories,North,4,4000,0.08,UPI
ORD01516,11-Aug-25,CUST0093,P017,Speaker,Accessories,North,4,4000,0.04,UPI
ORD01536,17-Jul-25,CUST0833,P017,Speaker,Accessories,North,4,4000,0,UPI
ORD01556,22-Jun-25,CUST0573,P017,Speaker,Accessories,North,4,4000,0.12,UPI
ORD01576,28-May-25,CUST0313,P017,Speaker,Accessories,North,4,4000,0.08,UPI
ORD01596,03-May-25,CUST0053,P017,Speaker,Accessories,North,4,4000,0.04,UPI
ORD01616,08-Apr-25,CUST0793,P017,Speaker,Accessories,North,4,4000,0,UPI
ORD01636,14-Mar-25,CUST0533,P017,Speaker,Accessories,North,4,4000,0.12,UPI
ORD01656,17-Feb-25,CUST0273,P017,Speaker,Accessories,North,4,4000,0.08,UPI
ORD01676,23-Jan-25,CUST0013,P017,Speaker,Accessories,North,4,4000,0.04,UPI
ORD01696,29-Dec-25,CUST0753,P017,Speaker,Accessories,North,4,4000,0,UPI
ORD01716,04-Dec-25,CUST0493,P017,Speaker,Accessories,North,4,4000,0.12,UPI
ORD01736,09-Nov-25,CUST0233,P017,Speaker,Accessories,North,4,4000,0.08,UPI
ORD01756,15-Oct-25,CUST0973,P017,Speaker,Accessories,North,4,4000,0.04,UPI
ORD01776,20-Sep-25,CUST0713,P017,Speaker,Accessories,North,4,4000,0,UPI
ORD01796,26-Aug-25,CUST0453,P017,Speaker,Accessories,North,4,4000,0.12,UPI
ORD01816,01-Aug-25,CUST0193,P017,Speaker,Accessories,North,4,4000,0.08,UPI
ORD01836,07-Jul-25,CUST0933,P017,Speaker,Accessories,North,4,4000,0.04,UPI
ORD01856,12-Jun-25,CUST0673,P017,Speaker,Accessories,North,4,4000,0,UPI
ORD01876,18-May-25,CUST0413,P017,Speaker,Accessories,North,4,4000,0.12,UPI
ORD01896,23-Apr-25,CUST0153,P017,Speaker,Accessories,North,4,4000,0.08,UPI
ORD01916,29-Mar-25,CUST0893,P017,Speaker,Accessories,North,4,4000,0.04,UPI
ORD01936,04-Mar-25,CUST0633,P017,Speaker,Accessories,North,4,4000,0,UPI
ORD01956,07-Feb-25,CUST0373,P017,Speaker,Accessories,North,4,4000,0.12,UPI
ORD01976,13-Jan-25,CUST0113,P017,Speaker,Accessories,North,4,4000,0.08,UPI
ORD01996,19-Dec-25,CUST0853,P017,Speaker,Accessories,North,4,4000,0.04,UPI
ORD02016,24-Nov-25,CUST0593,P017,Speaker,Accessories,North,4,4000,0,UPI
ORD02036,30-Oct-25,CUST0333,P017,Speaker,Accessories,North,4,4000,0.12,UPI
ORD02056,05-Oct-25,CUST0073,P017,Speaker,Accessories,North,4,4000,0.08,UPI
ORD02076,10-Sep-25,CUST0813,P017,Speaker,Accessories,North,4,4000,0.04,UPI
ORD02096,16-Aug-25,CUST0553,P017,Speaker,Accessories,North,4,4000,0,UPI
ORD02116,22-Jul-25,CUST0293,P017,Speaker,Accessories,North,4,4000,0.12,UPI
ORD02136,27-Jun-25,CUST0033,P017,Speaker,Accessories,North,4,4000,0.08,UPI
ORD02156,02-Jun-25,CUST0773,P017,Speaker,Accessories,North,4,4000,0.04,UPI
ORD02176,08-May-25,CUST0513,P017,Speaker,Accessories,North,4,4000,0,UPI
ORD02196,13-Apr-25,CUST0253,P017,Speaker,Accessories,North,4,4000,0.12,UPI
ORD02216,19-Mar-25,CUST0993,P017,Speaker,Accessories,North,4,4000,0.08,UPI
ORD02236,22-Feb-25,CUST0733,P017,Speaker,Accessories,North,4,4000,0.04,UPI
ORD02256,28-Jan-25,CUST0473,P017,Speaker,Accessories,North,4,4000,0,UPI
ORD02276,03-Jan-25,CUST0213,P017,Speaker,Accessories,North,4,4000,0.12,UPI
ORD02296,09-Dec-25,CUST0953,P017,Speaker,Accessories,North,4,4000,0.08,UPI
ORD02316,14-Nov-25,CUST0693,P017,Speaker,Accessories,North,4,4000,0.04,UPI
ORD02336,20-Oct-25,CUST0433,P017,Speaker,Accessories,North,4,4000,0,UPI
ORD02356,25-Sep-25,CUST0173,P017,Speaker,Accessories,North,4,4000,0.12,UPI
ORD02376,31-Aug-25,CUST0913,P017,Speaker,Accessories,North,4,4000,0.08,UPI
ORD02396,06-Aug-25,CUST0653,P017,Speaker,Accessories,North,4,4000,0.04,UPI
ORD02416,12-Jul-25,CUST0393,P017,Speaker,Accessories,North,4,4000,0,UPI
ORD02436,17-Jun-25,CUST0133,P017,Speaker,Accessories,North,4,4000,0.12,UPI
ORD02456,23-May-25,CUST0873,P017,Speaker,Accessories,North,4,4000,0.08,UPI
ORD02476,28-Apr-25,CUST0613,P017,Speaker,Accessories,North,4,4000,0.04,UPI
ORD02496,03-Apr-25,CUST0353,P017,Speaker,Accessories,North,4,4000,0,UPI
ORD02516,09-Mar-25,CUST0093,P017,Speaker,Accessories,North,4,4000,0.12,UPI
ORD02536,12-Feb-25,CUST0833,P017,Speaker,Accessories,North,4,4000,0.08,UPI
ORD02556,18-Jan-25,CUST0573,P017,Speaker,Accessories,North,4,4000,0.04,UPI
ORD02576,24-Dec-25,CUST0313,P017,Speaker,Accessories,North,4,4000,0,UPI
ORD02596,29-Nov-25,CUST0053,P017,Speaker,Accessories,North,4,4000,0.12,UPI
ORD02616,04-Nov-25,CUST0793,P017,Speaker,Accessories,North,4,4000,0.08,UPI
ORD02636,10-Oct-25,CUST0533,P017,Speaker,Accessories,North,4,4000,0.04,UPI
ORD02656,15-Sep-25,CUST0273,P017,Speaker,Accessories,North,4,4000,0,UPI
ORD02676,21-Aug-25,CUST0013,P017,Speaker,Accessories,North,4,4000,0.12,UPI
ORD02696,27-Jul-25,CUST0753,P017,Speaker,Accessories,North,4,4000,0.08,UPI
ORD02716,02-Jul-25,CUST0493,P017,Speaker,Accessories,North,4,4000,0.04,UPI
ORD02736,07-Jun-25,CUST0233,P017,Speaker,Accessories,North,4,4000,0,UPI
ORD02756,13-May-25,CUST0973,P017,Speaker,Accessories,North,4,4000,0.12,UPI
ORD02776,18-Apr-25,CUST0713,P017,Speaker,Accessories,North,4,4000,0.08,UPI
ORD02796,24-Mar-25,CUST0453,P017,Speaker,Accessories,North,4,4000,0.04,UPI
ORD02816,27-Feb-25,CUST0193,P017,Speaker,Accessories,North,4,4000,0,UPI
ORD02836,02-Feb-25,CUST0933,P017,Speaker,Accessories,North,4,4000,0.12,UPI
ORD02856,08-Jan-25,CUST0673,P017,Speaker,Accessories,North,4,4000,0.08,UPI
ORD02876,14-Dec-25,CUST0413,P017,Speaker,Accessories,North,4,4000,0.04,UPI
ORD02896,19-Nov-25,CUST0153,P017,Speaker,Accessories,North,4,4000,0,UPI
ORD02916,25-Oct-25,CUST0893,P017,Speaker,Accessories,North,4,4000,0.12,UPI
ORD02936,30-Sep-25,CUST0633,P017,Speaker,Accessories,North,4,4000,0.08,UPI
ORD02956,05-Sep-25,CUST0373,P017,Speaker,Accessories,North,4,4000,0.04,UPI
ORD02976,11-Aug-25,CUST0113,P017,Speaker,Accessories,North,4,4000,0,UPI
ORD02996,17-Jul-25,CUST0853,P017,Speaker,Accessories,North,4,4000,0.12,UPI
ORD03016,22-Jun-25,CUST0593,P017,Speaker,Accessories,North,4,4000,0.08,UPI
ORD03036,28-May-25,CUST0333,P017,Speaker,Accessories,North,4,4000,0.04,UPI
ORD03056,03-May-25,CUST0073,P017,Speaker,Accessories,North,4,4000,0,UPI
ORD03076,08-Apr-25,CUST0813,P017,Speaker,Accessories,North,4,4000,0.12,UPI
ORD03096,14-Mar-25,CUST0553,P017,Speaker,Accessories,North,4,4000,0.08,UPI
ORD03116,17-Feb-25,CUST0293,P017,Speaker,Accessories,North,4,4000,0.04,UPI
ORD03136,23-Jan-25,CUST0033,P017,Speaker,Accessories,North,4,4000,0,UPI
ORD03156,29-Dec-25,CUST0773,P017,Speaker,Accessories,North,4,4000,0.12,UPI
ORD03176,04-Dec-25,CUST0513,P017,Speaker,Accessories,North,4,4000,0.08,UPI
ORD03196,09-Nov-25,CUST0253,P017,Speaker,Accessories,North,4,4000,0.04,UPI
ORD03216,15-Oct-25,CUST0993,P017,Speaker,Accessories,North,4,4000,0,UPI
ORD03236,20-Sep-25,CUST0733,P017,Speaker,Accessories,North,4,4000,0.12,UPI
ORD03256,26-Aug-25,CUST0473,P017,Speaker,Accessories,North,4,4000,0.08,UPI
ORD03276,01-Aug-25,CUST0213,P017,Speaker,Accessories,North,4,4000,0.04,UPI
ORD03296,07-Jul-25,CUST0953,P017,Speaker,Accessories,North,4,4000,0,UPI
ORD03316,12-Jun-25,CUST0693,P017,Speaker,Accessories,North,4,4000,0.12,UPI
ORD03336,18-May-25,CUST0433,P017,Speaker,Accessories,North,4,4000,0.08,UPI
ORD03356,23-Apr-25,CUST0173,P017,Speaker,Accessories,North,4,4000,0.04,UPI
ORD03376,29-Mar-25,CUST0913,P017,Speaker,Accessories,North,4,4000,0,UPI
ORD03396,04-Mar-25,CUST0653,P017,Speaker,Accessories,North,4,4000,0.12,UPI
ORD03416,07-Feb-25,CUST0393,P017,Speaker,Accessories,North,4,4000,0.08,UPI
ORD03436,13-Jan-25,CUST0133,P017,Speaker,Accessories,North,4,4000,0.04,UPI
ORD03456,19-Dec-25,CUST0873,P017,Speaker,Accessories,North,4,4000,0,UPI
ORD03476,24-Nov-25,CUST0613,P017,Speaker,Accessories,North,4,4000,0.12,UPI
ORD03496,30-Oct-25,CUST0353,P017,Speaker,Accessories,North,4,4000,0.08,UPI
ORD03516,05-Oct-25,CUST0093,P017,Speaker,Accessories,North,4,4000,0.04,UPI
ORD03536,10-Sep-25,CUST0833,P017,Speaker,Accessories,North,4,4000,0,UPI
ORD03556,16-Aug-25,CUST0573,P017,Speaker,Accessories,North,4,4000,0.12,UPI
ORD03576,22-Jul-25,CUST0313,P017,Speaker,Accessories,North,4,4000,0.08,UPI
ORD03596,27-Jun-25,CUST0053,P017,Speaker,Accessories,North,4,4000,0.04,UPI
ORD03616,02-Jun-25,CUST0793,P017,Speaker,Accessories,North,4,4000,0,UPI
ORD03636,08-May-25,CUST0533,P017,Speaker,Accessories,North,4,4000,0.12,UPI
ORD03656,13-Apr-25,CUST0273,P017,Speaker,Accessories,North,4,4000,0.08,UPI
ORD03676,19-Mar-25,CUST0013,P017,Speaker,Accessories,North,4,4000,0.04,UPI
ORD03696,22-Feb-25,CUST0753,P017,Speaker,Accessories,North,4,4000,0,UPI
ORD03716,28-Jan-25,CUST0493,P017,Speaker,Accessories,North,4,4000,0.12,UPI
ORD03736,03-Jan-25,CUST0233,P017,Speaker,Accessories,North,4,4000,0.08,UPI
ORD03756,09-Dec-25,CUST0973,P017,Speaker,Accessories,North,4,4000,0.04,UPI
ORD03776,14-Nov-25,CUST0713,P017,Speaker,Accessories,North,4,4000,0,UPI
ORD03796,20-Oct-25,CUST0453,P017,Speaker,Accessories,North,4,4000,0.12,UPI
ORD03816,25-Sep-25,CUST0193,P017,Speaker,Accessories,North,4,4000,0.08,UPI
ORD03836,31-Aug-25,CUST0933,P017,Speaker,Accessories,North,4,4000,0.04,UPI
ORD03856,06-Aug-25,CUST0673,P017,Speaker,Accessories,North,4,4000,0,UPI
ORD03876,12-Jul-25,CUST0413,P017,Speaker,Accessories,North,4,4000,0.12,UPI
ORD03896,17-Jun-25,CUST0153,P017,Speaker,Accessories,North,4,4000,0.08,UPI
ORD03916,23-May-25,CUST0893,P017,Speaker,Accessories,North,4,4000,0.04,UPI
ORD03936,28-Apr-25,CUST0633,P017,Speaker,Accessories,North,4,4000,0,UPI
ORD03956,03-Apr-25,CUST0373,P017,Speaker,Accessories,North,4,4000,0.12,UPI
ORD03976,09-Mar-25,CUST0113,P017,Speaker,Accessories,North,4,4000,0.08,UPI
ORD03996,12-Feb-25,CUST0853,P017,Speaker,Accessories,North,4,4000,0.04,UPI
ORD04016,18-Jan-25,CUST0593,P017,Speaker,Accessories,North,4,4000,0,UPI
ORD04036,24-Dec-25,CUST0333,P017,Speaker,Accessories,North,4,4000,0.12,UPI
ORD04056,29-Nov-25,CUST0073,P017,Speaker,Accessories,North,4,4000,0.08,UPI
ORD04076,04-Nov-25,CUST0813,P017,Speaker,Accessories,North,4,4000,0.04,UPI
ORD04096,10-Oct-25,CUST0553,P017,Speaker,Accessories,North,4,4000,0,UPI
ORD04116,15-Sep-25,CUST0293,P017,Speaker,Accessories,North,4,4000,0.12,UPI
ORD04136,21-Aug-25,CUST0033,P017,Speaker,Accessories,North,4,4000,0.08,UPI
ORD04156,27-Jul-25,CUST0773,P017,Speaker,Accessories,North,4,4000,0.04,UPI
ORD04176,02-Jul-25,CUST0513,P017,Speaker,Accessories,North,4,4000,0,UPI
ORD04196,07-Jun-25,CUST0253,P017,Speaker,Accessories,North,4,4000,0.12,UPI
ORD04216,13-May-25,CUST0993,P017,Speaker,Accessories,North,4,4000,0.08,UPI
ORD04236,18-Apr-25,CUST0733,P017,Speaker,Accessories,North,4,4000,0.04,UPI
ORD04256,24-Mar-25,CUST0473,P017,Speaker,Accessories,North,4,4000,0,UPI
ORD04276,27-Feb-25,CUST0213,P017,Speaker,Accessories,North,4,4000,0.12,UPI
ORD04296,02-Feb-25,CUST0953,P017,Speaker,Accessories,North,4,4000,0.08,UPI
ORD04316,08-Jan-25,CUST0693,P017,Speaker,Accessories,North,4,4000,0.04,UPI
ORD04336,14-Dec-25,CUST0433,P017,Speaker,Accessories,North,4,4000,0,UPI
ORD04356,19-Nov-25,CUST0173,P017,Speaker,Accessories,North,4,4000,0.12,UPI
ORD04376,25-Oct-25,CUST0913,P017,Speaker,Accessories,North,4,4000,0.08,UPI
ORD04396,30-Sep-25,CUST0653,P017,Speaker,Accessories,North,4,4000,0.04,UPI
ORD04416,05-Sep-25,CUST0393,P017,Speaker,Accessories,North,4,4000,0,UPI
ORD04436,11-Aug-25,CUST0133,P017,Speaker,Accessories,North,4,4000,0.12,UPI
ORD04456,17-Jul-25,CUST0873,P017,Speaker,Accessories,North,4,4000,0.08,UPI
ORD04476,22-Jun-25,CUST0613,P017,Speaker,Accessories,North,4,4000,0.04,UPI
ORD04496,28-May-25,CUST0353,P017,Speaker,Accessories,North,4,4000,0,UPI
ORD04516,03-May-25,CUST0093,P017,Speaker,Accessories,North,4,4000,0.12,UPI
ORD04536,08-Apr-25,CUST0833,P017,Speaker,Accessories,North,4,4000,0.08,UPI
ORD04556,14-Mar-25,CUST0573,P017,Speaker,Accessories,North,4,4000,0.04,UPI
ORD04576,17-Feb-25,CUST0313,P017,Speaker,Accessories,North,4,4000,0,UPI
ORD04596,23-Jan-25,CUST0053,P017,Speaker,Accessories,North,4,4000,0.12,UPI
ORD04616,29-Dec-25,CUST0793,P017,Speaker,Accessories,North,4,4000,0.08,UPI
ORD04636,04-Dec-25,CUST0533,P017,Speaker,Accessories,North,4,4000,0.04,UPI
ORD04656,09-Nov-25,CUST0273,P017,Speaker,Accessories,North,4,4000,0,UPI
ORD04676,15-Oct-25,CUST0013,P017,Speaker,Accessories,North,4,4000,0.12,UPI
ORD04696,20-Sep-25,CUST0753,P017,Speaker,Accessories,North,4,4000,0.08,UPI
ORD04716,26-Aug-25,CUST0493,P017,Speaker,Accessories,North,4,4000,0.04,UPI
ORD04736,01-Aug-25,CUST0233,P017,Speaker,Accessories,North,4,4000,0,UPI
ORD04756,07-Jul-25,CUST0973,P017,Speaker,Accessories,North,4,4000,0.12,UPI
ORD04776,12-Jun-25,CUST0713,P017,Speaker,Accessories,North,4,4000,0.08,UPI
ORD04796,18-May-25,CUST0453,P017,Speaker,Accessories,North,4,4000,0.04,UPI
ORD04816,23-Apr-25,CUST0193,P017,Speaker,Accessories,North,4,4000,0,UPI
ORD04836,29-Mar-25,CUST0933,P017,Speaker,Accessories,North,4,4000,0.12,UPI
ORD04856,04-Mar-25,CUST0673,P017,Speaker,Accessories,North,4,4000,0.08,UPI
ORD04876,07-Feb-25,CUST0413,P017,Speaker,Accessories,North,4,4000,0.04,UPI
ORD04896,13-Jan-25,CUST0153,P017,Speaker,Accessories,North,4,4000,0,UPI
ORD04916,19-Dec-25,CUST0893,P017,Speaker,Accessories,North,4,4000,0.12,UPI
ORD04936,24-Nov-25,CUST0633,P017,Speaker,Accessories,North,4,4000,0.08,UPI
ORD04956,30-Oct-25,CUST0373,P017,Speaker,Accessories,North,4,4000,0.04,UPI
ORD04976,05-Oct-25,CUST0113,P017,Speaker,Accessories,North,4,4000,0,UPI
ORD04996,10-Sep-25,CUST0853,P017,Speaker,Accessories,North,4,4000,0.12,UPI
ORD00013,10-Aug-25,CUST0482,P014,USB Hub,Accessories,East,5,1200,0.11,Card
ORD00033,16-Jul-25,CUST0222,P014,USB Hub,Accessories,East,5,1200,0.07,Card
ORD00053,21-Jun-25,CUST0962,P014,USB Hub,Accessories,East,5,1200,0.03,Card
ORD00073,27-May-25,CUST0702,P014,USB Hub,Accessories,East,5,1200,0.15,Card
ORD00093,02-May-25,CUST0442,P014,USB Hub,Accessories,East,5,1200,0.11,Card
ORD00113,07-Apr-25,CUST0182,P014,USB Hub,Accessories,East,5,1200,0.07,Card
ORD00133,13-Mar-25,CUST0922,P014,USB Hub,Accessories,East,5,1200,0.03,Card
ORD00153,16-Feb-25,CUST0662,P014,USB Hub,Accessories,East,5,1200,0.15,Card
ORD00173,22-Jan-25,CUST0402,P014,USB Hub,Accessories,East,5,1200,0.11,Card
ORD00193,28-Dec-25,CUST0142,P014,USB Hub,Accessories,East,5,1200,0.07,Card
ORD00213,03-Dec-25,CUST0882,P014,USB Hub,Accessories,East,5,1200,0.03,Card
ORD00233,08-Nov-25,CUST0622,P014,USB Hub,Accessories,East,5,1200,0.15,Card
ORD00253,14-Oct-25,CUST0362,P014,USB Hub,Accessories,East,5,1200,0.11,Card
ORD00273,19-Sep-25,CUST0102,P014,USB Hub,Accessories,East,5,1200,0.07,Card
ORD00293,25-Aug-25,CUST0842,P014,USB Hub,Accessories,East,5,1200,0.03,Card
ORD00313,31-Jul-25,CUST0582,P014,USB Hub,Accessories,East,5,1200,0.15,Card
ORD00333,06-Jul-25,CUST0322,P014,USB Hub,Accessories,East,5,1200,0.11,Card
ORD00353,11-Jun-25,CUST0062,P014,USB Hub,Accessories,East,5,1200,0.07,Card
ORD00373,17-May-25,CUST0802,P014,USB Hub,Accessories,East,5,1200,0.03,Card
ORD00393,22-Apr-25,CUST0542,P014,USB Hub,Accessories,East,5,1200,0.15,Card
ORD00413,28-Mar-25,CUST0282,P014,USB Hub,Accessories,East,5,1200,0.11,Card
ORD00433,03-Mar-25,CUST0022,P014,USB Hub,Accessories,East,5,1200,0.07,Card
ORD00453,06-Feb-25,CUST0762,P014,USB Hub,Accessories,East,5,1200,0.03,Card
ORD00473,12-Jan-25,CUST0502,P014,USB Hub,Accessories,East,5,1200,0.15,Card
ORD00493,18-Dec-25,CUST0242,P014,USB Hub,Accessories,East,5,1200,0.11,Card
ORD00513,23-Nov-25,CUST0982,P014,USB Hub,Accessories,East,5,1200,0.07,Card
ORD00533,29-Oct-25,CUST0722,P014,USB Hub,Accessories,East,5,1200,0.03,Card
ORD00553,04-Oct-25,CUST0462,P014,USB Hub,Accessories,East,5,1200,0.15,Card
ORD00573,09-Sep-25,CUST0202,P014,USB Hub,Accessories,East,5,1200,0.11,Card
ORD00593,15-Aug-25,CUST0942,P014,USB Hub,Accessories,East,5,1200,0.07,Card
ORD00613,21-Jul-25,CUST0682,P014,USB Hub,Accessories,East,5,1200,0.03,Card
ORD00633,26-Jun-25,CUST0422,P014,USB Hub,Accessories,East,5,1200,0.15,Card
ORD00653,01-Jun-25,CUST0162,P014,USB Hub,Accessories,East,5,1200,0.11,Card
ORD00673,07-May-25,CUST0902,P014,USB Hub,Accessories,East,5,1200,0.07,Card
ORD00693,12-Apr-25,CUST0642,P014,USB Hub,Accessories,East,5,1200,0.03,Card
ORD00713,18-Mar-25,CUST0382,P014,USB Hub,Accessories,East,5,1200,0.15,Card
ORD00733,21-Feb-25,CUST0122,P014,USB Hub,Accessories,East,5,1200,0.11,Card
ORD00753,27-Jan-25,CUST0862,P014,USB Hub,Accessories,East,5,1200,0.07,Card
ORD00773,02-Jan-25,CUST0602,P014,USB Hub,Accessories,East,5,1200,0.03,Card
ORD00793,08-Dec-25,CUST0342,P014,USB Hub,Accessories,East,5,1200,0.15,Card
ORD00813,13-Nov-25,CUST0082,P014,USB Hub,Accessories,East,5,1200,0.11,Card
ORD00833,19-Oct-25,CUST0822,P014,USB Hub,Accessories,East,5,1200,0.07,Card
ORD00853,24-Sep-25,CUST0562,P014,USB Hub,Accessories,East,5,1200,0.03,Card
ORD00873,30-Aug-25,CUST0302,P014,USB Hub,Accessories,East,5,1200,0.15,Card
ORD00893,05-Aug-25,CUST0042,P014,USB Hub,Accessories,East,5,1200,0.11,Card
ORD00913,11-Jul-25,CUST0782,P014,USB Hub,Accessories,East,5,1200,0.07,Card
ORD00933,16-Jun-25,CUST0522,P014,USB Hub,Accessories,East,5,1200,0.03,Card
ORD00953,22-May-25,CUST0262,P014,USB Hub,Accessories,East,5,1200,0.15,Card
ORD00973,27-Apr-25,CUST0002,P014,USB Hub,Accessories,East,5,1200,0.11,Card
ORD00993,02-Apr-25,CUST0742,P014,USB Hub,Accessories,East,5,1200,0.07,Card
ORD01013,08-Mar-25,CUST0482,P014,USB Hub,Accessories,East,5,1200,0.03,Card
ORD01033,11-Feb-25,CUST0222,P014,USB Hub,Accessories,East,5,1200,0.15,Card
ORD01053,17-Jan-25,CUST0962,P014,USB Hub,Accessories,East,5,1200,0.11,Card
ORD01073,23-Dec-25,CUST0702,P014,USB Hub,Accessories,East,5,1200,0.07,Card
ORD01093,28-Nov-25,CUST0442,P014,USB Hub,Accessories,East,5,1200,0.03,Card
ORD01113,03-Nov-25,CUST0182,P014,USB Hub,Accessories,East,5,1200,0.15,Card
ORD01133,09-Oct-25,CUST0922,P014,USB Hub,Accessories,East,5,1200,0.11,Card
ORD01153,14-Sep-25,CUST0662,P014,USB Hub,Accessories,East,5,1200,0.07,Card
ORD01173,20-Aug-25,CUST0402,P014,USB Hub,Accessories,East,5,1200,0.03,Card
ORD01193,26-Jul-25,CUST0142,P014,USB Hub,Accessories,East,5,1200,0.15,Card
ORD01213,01-Jul-25,CUST0882,P014,USB Hub,Accessories,East,5,1200,0.11,Card
ORD01233,06-Jun-25,CUST0622,P014,USB Hub,Accessories,East,5,1200,0.07,Card
ORD01253,12-May-25,CUST0362,P014,USB Hub,Accessories,East,5,1200,0.03,Card
ORD01273,17-Apr-25,CUST0102,P014,USB Hub,Accessories,East,5,1200,0.15,Card
ORD01293,23-Mar-25,CUST0842,P014,USB Hub,Accessories,East,5,1200,0.11,Card
ORD01313,26-Feb-25,CUST0582,P014,USB Hub,Accessories,East,5,1200,0.07,Card
ORD01333,01-Feb-25,CUST0322,P014,USB Hub,Accessories,East,5,1200,0.03,Card
ORD01353,07-Jan-25,CUST0062,P014,USB Hub,Accessories,East,5,1200,0.15,Card
ORD01373,13-Dec-25,CUST0802,P014,USB Hub,Accessories,East,5,1200,0.11,Card
ORD01393,18-Nov-25,CUST0542,P014,USB Hub,Accessories,East,5,1200,0.07,Card
ORD01413,24-Oct-25,CUST0282,P014,USB Hub,Accessories,East,5,1200,0.03,Card
ORD01433,29-Sep-25,CUST0022,P014,USB Hub,Accessories,East,5,1200,0.15,Card
ORD01453,04-Sep-25,CUST0762,P014,USB Hub,Accessories,East,5,1200,0.11,Card
ORD01473,10-Aug-25,CUST0502,P014,USB Hub,Accessories,East,5,1200,0.07,Card
ORD01493,16-Jul-25,CUST0242,P014,USB Hub,Accessories,East,5,1200,0.03,Card
ORD01513,21-Jun-25,CUST0982,P014,USB Hub,Accessories,East,5,1200,0.15,Card
ORD01533,27-May-25,CUST0722,P014,USB Hub,Accessories,East,5,1200,0.11,Card
ORD01553,02-May-25,CUST0462,P014,USB Hub,Accessories,East,5,1200,0.07,Card
ORD01573,07-Apr-25,CUST0202,P014,USB Hub,Accessories,East,5,1200,0.03,Card
ORD01593,13-Mar-25,CUST0942,P014,USB Hub,Accessories,East,5,1200,0.15,Card
ORD01613,16-Feb-25,CUST0682,P014,USB Hub,Accessories,East,5,1200,0.11,Card
ORD01633,22-Jan-25,CUST0422,P014,USB Hub,Accessories,East,5,1200,0.07,Card
ORD01653,28-Dec-25,CUST0162,P014,USB Hub,Accessories,East,5,1200,0.03,Card
ORD01673,03-Dec-25,CUST0902,P014,USB Hub,Accessories,East,5,1200,0.15,Card
ORD01693,08-Nov-25,CUST0642,P014,USB Hub,Accessories,East,5,1200,0.11,Card
ORD01713,14-Oct-25,CUST0382,P014,USB Hub,Accessories,East,5,1200,0.07,Card
ORD01733,19-Sep-25,CUST0122,P014,USB Hub,Accessories,East,5,1200,0.03,Card
ORD01753,25-Aug-25,CUST0862,P014,USB Hub,Accessories,East,5,1200,0.15,Card
ORD01773,31-Jul-25,CUST0602,P014,USB Hub,Accessories,East,5,1200,0.11,Card
ORD01793,06-Jul-25,CUST0342,P014,USB Hub,Accessories,East,5,1200,0.07,Card
ORD01813,11-Jun-25,CUST0082,P014,USB Hub,Accessories,East,5,1200,0.03,Card
ORD01833,17-May-25,CUST0822,P014,USB Hub,Accessories,East,5,1200,0.15,Card
ORD01853,22-Apr-25,CUST0562,P014,USB Hub,Accessories,East,5,1200,0.11,Card
ORD01873,28-Mar-25,CUST0302,P014,USB Hub,Accessories,East,5,1200,0.07,Card
ORD01893,03-Mar-25,CUST0042,P014,USB Hub,Accessories,East,5,1200,0.03,Card
ORD01913,06-Feb-25,CUST0782,P014,USB Hub,Accessories,East,5,1200,0.15,Card
ORD01933,12-Jan-25,CUST0522,P014,USB Hub,Accessories,East,5,1200,0.11,Card
ORD01953,18-Dec-25,CUST0262,P014,USB Hub,Accessories,East,5,1200,0.07,Card
ORD01973,23-Nov-25,CUST0002,P014,USB Hub,Accessories,East,5,1200,0.03,Card
ORD01993,29-Oct-25,CUST0742,P014,USB Hub,Accessories,East,5,1200,0.15,Card
ORD02013,04-Oct-25,CUST0482,P014,USB Hub,Accessories,East,5,1200,0.11,Card
ORD02033,09-Sep-25,CUST0222,P014,USB Hub,Accessories,East,5,1200,0.07,Card
ORD02053,15-Aug-25,CUST0962,P014,USB Hub,Accessories,East,5,1200,0.03,Card
ORD02073,21-Jul-25,CUST0702,P014,USB Hub,Accessories,East,5,1200,0.15,Card
ORD02093,26-Jun-25,CUST0442,P014,USB Hub,Accessories,East,5,1200,0.11,Card
ORD02113,01-Jun-25,CUST0182,P014,USB Hub,Accessories,East,5,1200,0.07,Card
ORD02133,07-May-25,CUST0922,P014,USB Hub,Accessories,East,5,1200,0.03,Card
ORD02153,12-Apr-25,CUST0662,P014,USB Hub,Accessories,East,5,1200,0.15,Card
ORD02173,18-Mar-25,CUST0402,P014,USB Hub,Accessories,East,5,1200,0.11,Card
ORD02193,21-Feb-25,CUST0142,P014,USB Hub,Accessories,East,5,1200,0.07,Card
ORD02213,27-Jan-25,CUST0882,P014,USB Hub,Accessories,East,5,1200,0.03,Card
ORD02233,02-Jan-25,CUST0622,P014,USB Hub,Accessories,East,5,1200,0.15,Card
ORD02253,08-Dec-25,CUST0362,P014,USB Hub,Accessories,East,5,1200,0.11,Card
ORD02273,13-Nov-25,CUST0102,P014,USB Hub,Accessories,East,5,1200,0.07,Card
ORD02293,19-Oct-25,CUST0842,P014,USB Hub,Accessories,East,5,1200,0.03,Card
ORD02313,24-Sep-25,CUST0582,P014,USB Hub,Accessories,East,5,1200,0.15,Card
ORD02333,30-Aug-25,CUST0322,P014,USB Hub,Accessories,East,5,1200,0.11,Card
ORD02353,05-Aug-25,CUST0062,P014,USB Hub,Accessories,East,5,1200,0.07,Card
ORD02373,11-Jul-25,CUST0802,P014,USB Hub,Accessories,East,5,1200,0.03,Card
ORD02393,16-Jun-25,CUST0542,P014,USB Hub,Accessories,East,5,1200,0.15,Card
ORD02413,22-May-25,CUST0282,P014,USB Hub,Accessories,East,5,1200,0.11,Card
ORD02433,27-Apr-25,CUST0022,P014,USB Hub,Accessories,East,5,1200,0.07,Card
ORD02453,02-Apr-25,CUST0762,P014,USB Hub,Accessories,East,5,1200,0.03,Card
ORD02473,08-Mar-25,CUST0502,P014,USB Hub,Accessories,East,5,1200,0.15,Card
ORD02493,11-Feb-25,CUST0242,P014,USB Hub,Accessories,East,5,1200,0.11,Card
ORD02513,17-Jan-25,CUST0982,P014,USB Hub,Accessories,East,5,1200,0.07,Card
ORD02533,23-Dec-25,CUST0722,P014,USB Hub,Accessories,East,5,1200,0.03,Card
ORD02553,28-Nov-25,CUST0462,P014,USB Hub,Accessories,East,5,1200,0.15,Card
ORD02573,03-Nov-25,CUST0202,P014,USB Hub,Accessories,East,5,1200,0.11,Card
ORD02593,09-Oct-25,CUST0942,P014,USB Hub,Accessories,East,5,1200,0.07,Card
ORD02613,14-Sep-25,CUST0682,P014,USB Hub,Accessories,East,5,1200,0.03,Card
ORD02633,20-Aug-25,CUST0422,P014,USB Hub,Accessories,East,5,1200,0.15,Card
ORD02653,26-Jul-25,CUST0162,P014,USB Hub,Accessories,East,5,1200,0.11,Card
ORD02673,01-Jul-25,CUST0902,P014,USB Hub,Accessories,East,5,1200,0.07,Card
ORD02693,06-Jun-25,CUST0642,P014,USB Hub,Accessories,East,5,1200,0.03,Card
ORD02713,12-May-25,CUST0382,P014,USB Hub,Accessories,East,5,1200,0.15,Card
ORD02733,17-Apr-25,CUST0122,P014,USB Hub,Accessories,East,5,1200,0.11,Card
ORD02753,23-Mar-25,CUST0862,P014,USB Hub,Accessories,East,5,1200,0.07,Card
ORD02773,26-Feb-25,CUST0602,P014,USB Hub,Accessories,East,5,1200,0.03,Card
ORD02793,01-Feb-25,CUST0342,P014,USB Hub,Accessories,East,5,1200,0.15,Card
ORD02813,07-Jan-25,CUST0082,P014,USB Hub,Accessories,East,5,1200,0.11,Card
ORD02833,13-Dec-25,CUST0822,P014,USB Hub,Accessories,East,5,1200,0.07,Card
ORD02853,18-Nov-25,CUST0562,P014,USB Hub,Accessories,East,5,1200,0.03,Card
ORD02873,24-Oct-25,CUST0302,P014,USB Hub,Accessories,East,5,1200,0.15,Card
ORD02893,29-Sep-25,CUST0042,P014,USB Hub,Accessories,East,5,1200,0.11,Card
ORD02913,04-Sep-25,CUST0782,P014,USB Hub,Accessories,East,5,1200,0.07,Card
ORD02933,10-Aug-25,CUST0522,P014,USB Hub,Accessories,East,5,1200,0.03,Card
ORD02953,16-Jul-25,CUST0262,P014,USB Hub,Accessories,East,5,1200,0.15,Card
ORD02973,21-Jun-25,CUST0002,P014,USB Hub,Accessories,East,5,1200,0.11,Card
ORD02993,27-May-25,CUST0742,P014,USB Hub,Accessories,East,5,1200,0.07,Card
ORD03013,02-May-25,CUST0482,P014,USB Hub,Accessories,East,5,1200,0.03,Card
ORD03033,07-Apr-25,CUST0222,P014,USB Hub,Accessories,East,5,1200,0.15,Card
ORD03053,13-Mar-25,CUST0962,P014,USB Hub,Accessories,East,5,1200,0.11,Card
ORD03073,16-Feb-25,CUST0702,P014,USB Hub,Accessories,East,5,1200,0.07,Card
ORD03093,22-Jan-25,CUST0442,P014,USB Hub,Accessories,East,5,1200,0.03,Card
ORD03113,28-Dec-25,CUST0182,P014,USB Hub,Accessories,East,5,1200,0.15,Card
ORD03133,03-Dec-25,CUST0922,P014,USB Hub,Accessories,East,5,1200,0.11,Card
ORD03153,08-Nov-25,CUST0662,P014,USB Hub,Accessories,East,5,1200,0.07,Card
ORD03173,14-Oct-25,CUST0402,P014,USB Hub,Accessories,East,5,1200,0.03,Card
ORD03193,19-Sep-25,CUST0142,P014,USB Hub,Accessories,East,5,1200,0.15,Card
ORD03213,25-Aug-25,CUST0882,P014,USB Hub,Accessories,East,5,1200,0.11,Card
ORD03233,31-Jul-25,CUST0622,P014,USB Hub,Accessories,East,5,1200,0.07,Card
ORD03253,06-Jul-25,CUST0362,P014,USB Hub,Accessories,East,5,1200,0.03,Card
ORD03273,11-Jun-25,CUST0102,P014,USB Hub,Accessories,East,5,1200,0.15,Card
ORD03293,17-May-25,CUST0842,P014,USB Hub,Accessories,East,5,1200,0.11,Card
ORD03313,22-Apr-25,CUST0582,P014,USB Hub,Accessories,East,5,1200,0.07,Card
ORD03333,28-Mar-25,CUST0322,P014,USB Hub,Accessories,East,5,1200,0.03,Card
ORD03353,03-Mar-25,CUST0062,P014,USB Hub,Accessories,East,5,1200,0.15,Card
ORD03373,06-Feb-25,CUST0802,P014,USB Hub,Accessories,East,5,1200,0.11,Card
ORD03393,12-Jan-25,CUST0542,P014,USB Hub,Accessories,East,5,1200,0.07,Card
ORD03413,18-Dec-25,CUST0282,P014,USB Hub,Accessories,East,5,1200,0.03,Card
ORD03433,23-Nov-25,CUST0022,P014,USB Hub,Accessories,East,5,1200,0.15,Card
ORD03453,29-Oct-25,CUST0762,P014,USB Hub,Accessories,East,5,1200,0.11,Card
ORD03473,04-Oct-25,CUST0502,P014,USB Hub,Accessories,East,5,1200,0.07,Card
ORD03493,09-Sep-25,CUST0242,P014,USB Hub,Accessories,East,5,1200,0.03,Card
ORD03513,15-Aug-25,CUST0982,P014,USB Hub,Accessories,East,5,1200,0.15,Card
ORD03533,21-Jul-25,CUST0722,P014,USB Hub,Accessories,East,5,1200,0.11,Card
ORD03553,26-Jun-25,CUST0462,P014,USB Hub,Accessories,East,5,1200,0.07,Card
ORD03573,01-Jun-25,CUST0202,P014,USB Hub,Accessories,East,5,1200,0.03,Card
ORD03593,07-May-25,CUST0942,P014,USB Hub,Accessories,East,5,1200,0.15,Card
ORD03613,12-Apr-25,CUST0682,P014,USB Hub,Accessories,East,5,1200,0.11,Card
ORD03633,18-Mar-25,CUST0422,P014,USB Hub,Accessories,East,5,1200,0.07,Card
ORD03653,21-Feb-25,CUST0162,P014,USB Hub,Accessories,East,5,1200,0.03,Card
ORD03673,27-Jan-25,CUST0902,P014,USB Hub,Accessories,East,5,1200,0.15,Card
ORD03693,02-Jan-25,CUST0642,P014,USB Hub,Accessories,East,5,1200,0.11,Card
ORD03713,08-Dec-25,CUST0382,P014,USB Hub,Accessories,East,5,1200,0.07,Card
ORD03733,13-Nov-25,CUST0122,P014,USB Hub,Accessories,East,5,1200,0.03,Card
ORD03753,19-Oct-25,CUST0862,P014,USB Hub,Accessories,East,5,1200,0.15,Card
ORD03773,24-Sep-25,CUST0602,P014,USB Hub,Accessories,East,5,1200,0.11,Card
ORD03793,30-Aug-25,CUST0342,P014,USB Hub,Accessories,East,5,1200,0.07,Card
ORD03813,05-Aug-25,CUST0082,P014,USB Hub,Accessories,East,5,1200,0.03,Card
ORD03833,11-Jul-25,CUST0822,P014,USB Hub,Accessories,East,5,1200,0.15,Card
ORD03853,16-Jun-25,CUST0562,P014,USB Hub,Accessories,East,5,1200,0.11,Card
ORD03873,22-May-25,CUST0302,P014,USB Hub,Accessories,East,5,1200,0.07,Card
ORD03893,27-Apr-25,CUST0042,P014,USB Hub,Accessories,East,5,1200,0.03,Card
ORD03913,02-Apr-25,CUST0782,P014,USB Hub,Accessories,East,5,1200,0.15,Card
ORD03933,08-Mar-25,CUST0522,P014,USB Hub,Accessories,East,5,1200,0.11,Card
ORD03953,11-Feb-25,CUST0262,P014,USB Hub,Accessories,East,5,1200,0.07,Card
ORD03973,17-Jan-25,CUST0002,P014,USB Hub,Accessories,East,5,1200,0.03,Card
ORD03993,23-Dec-25,CUST0742,P014,USB Hub,Accessories,East,5,1200,0.15,Card
ORD04013,28-Nov-25,CUST0482,P014,USB Hub,Accessories,East,5,1200,0.11,Card
ORD04033,03-Nov-25,CUST0222,P014,USB Hub,Accessories,East,5,1200,0.07,Card
ORD04053,09-Oct-25,CUST0962,P014,USB Hub,Accessories,East,5,1200,0.03,Card
ORD04073,14-Sep-25,CUST0702,P014,USB Hub,Accessories,East,5,1200,0.15,Card
ORD04093,20-Aug-25,CUST0442,P014,USB Hub,Accessories,East,5,1200,0.11,Card
ORD04113,26-Jul-25,CUST0182,P014,USB Hub,Accessories,East,5,1200,0.07,Card
ORD04133,01-Jul-25,CUST0922,P014,USB Hub,Accessories,East,5,1200,0.03,Card
ORD04153,06-Jun-25,CUST0662,P014,USB Hub,Accessories,East,5,1200,0.15,Card
ORD04173,12-May-25,CUST0402,P014,USB Hub,Accessories,East,5,1200,0.11,Card
ORD04193,17-Apr-25,CUST0142,P014,USB Hub,Accessories,East,5,1200,0.07,Card
ORD04213,23-Mar-25,CUST0882,P014,USB Hub,Accessories,East,5,1200,0.03,Card
ORD04233,26-Feb-25,CUST0622,P014,USB Hub,Accessories,East,5,1200,0.15,Card
ORD04253,01-Feb-25,CUST0362,P014,USB Hub,Accessories,East,5,1200,0.11,Card
ORD04273,07-Jan-25,CUST0102,P014,USB Hub,Accessories,East,5,1200,0.07,Card
ORD04293,13-Dec-25,CUST0842,P014,USB Hub,Accessories,East,5,1200,0.03,Card
ORD04313,18-Nov-25,CUST0582,P014,USB Hub,Accessories,East,5,1200,0.15,Card
ORD04333,24-Oct-25,CUST0322,P014,USB Hub,Accessories,East,5,1200,0.11,Card
ORD04353,29-Sep-25,CUST0062,P014,USB Hub,Accessories,East,5,1200,0.07,Card
ORD04373,04-Sep-25,CUST0802,P014,USB Hub,Accessories,East,5,1200,0.03,Card
ORD04393,10-Aug-25,CUST0542,P014,USB Hub,Accessories,East,5,1200,0.15,Card
ORD04413,16-Jul-25,CUST0282,P014,USB Hub,Accessories,East,5,1200,0.11,Card
ORD04433,21-Jun-25,CUST0022,P014,USB Hub,Accessories,East,5,1200,0.07,Card
ORD04453,27-May-25,CUST0762,P014,USB Hub,Accessories,East,5,1200,0.03,Card
ORD04473,02-May-25,CUST0502,P014,USB Hub,Accessories,East,5,1200,0.15,Card
ORD04493,07-Apr-25,CUST0242,P014,USB Hub,Accessories,East,5,1200,0.11,Card
ORD04513,13-Mar-25,CUST0982,P014,USB Hub,Accessories,East,5,1200,0.07,Card
ORD04533,16-Feb-25,CUST0722,P014,USB Hub,Accessories,East,5,1200,0.03,Card
ORD04553,22-Jan-25,CUST0462,P014,USB Hub,Accessories,East,5,1200,0.15,Card
ORD04573,28-Dec-25,CUST0202,P014,USB Hub,Accessories,East,5,1200,0.11,Card
ORD04593,03-Dec-25,CUST0942,P014,USB Hub,Accessories,East,5,1200,0.07,Card
ORD04613,08-Nov-25,CUST0682,P014,USB Hub,Accessories,East,5,1200,0.03,Card
ORD04633,14-Oct-25,CUST0422,P014,USB Hub,Accessories,East,5,1200,0.15,Card
ORD04653,19-Sep-25,CUST0162,P014,USB Hub,Accessories,East,5,1200,0.11,Card
ORD04673,25-Aug-25,CUST0902,P014,USB Hub,Accessories,East,5,1200,0.07,Card
ORD04693,31-Jul-25,CUST0642,P014,USB Hub,Accessories,East,5,1200,0.03,Card
ORD04713,06-Jul-25,CUST0382,P014,USB Hub,Accessories,East,5,1200,0.15,Card
ORD04733,11-Jun-25,CUST0122,P014,USB Hub,Accessories,East,5,1200,0.11,Card
ORD04753,17-May-25,CUST0862,P014,USB Hub,Accessories,East,5,1200,0.07,Card
ORD04773,22-Apr-25,CUST0602,P014,USB Hub,Accessories,East,5,1200,0.03,Card
ORD04793,28-Mar-25,CUST0342,P014,USB Hub,Accessories,East,5,1200,0.15,Card
ORD04813,03-Mar-25,CUST0082,P014,USB Hub,Accessories,East,5,1200,0.11,Card
ORD04833,06-Feb-25,CUST0822,P014,USB Hub,Accessories,East,5,1200,0.07,Card
ORD04853,12-Jan-25,CUST0562,P014,USB Hub,Accessories,East,5,1200,0.03,Card
ORD04873,18-Dec-25,CUST0302,P014,USB Hub,Accessories,East,5,1200,0.15,Card
ORD04893,23-Nov-25,CUST0042,P014,USB Hub,Accessories,East,5,1200,0.11,Card
ORD04913,29-Oct-25,CUST0782,P014,USB Hub,Accessories,East,5,1200,0.07,Card
ORD04933,04-Oct-25,CUST0522,P014,USB Hub,Accessories,East,5,1200,0.03,Card
ORD04953,09-Sep-25,CUST0262,P014,USB Hub,Accessories,East,5,1200,0.15,Card
ORD04973,15-Aug-25,CUST0002,P014,USB Hub,Accessories,East,5,1200,0.11,Card
ORD04993,21-Jul-25,CUST0742,P014,USB Hub,Accessories,East,5,1200,0.07,Card
ORD00014,27-Aug-25,CUST0519,P015,Power Bank,Accessories,Central,3,2500,0.02,Cash
ORD00034,02-Aug-25,CUST0259,P015,Power Bank,Accessories,Central,3,2500,0.14,Cash
ORD00054,08-Jul-25,CUST0999,P015,Power Bank,Accessories,Central,3,2500,0.1,Cash
ORD00074,13-Jun-25,CUST0739,P015,Power Bank,Accessories,Central,3,2500,0.06,Cash
ORD00094,19-May-25,CUST0479,P015,Power Bank,Accessories,Central,3,2500,0.02,Cash
ORD00114,24-Apr-25,CUST0219,P015,Power Bank,Accessories,Central,3,2500,0.14,Cash
ORD00134,30-Mar-25,CUST0959,P015,Power Bank,Accessories,Central,3,2500,0.1,Cash
ORD00154,05-Mar-25,CUST0699,P015,Power Bank,Accessories,Central,3,2500,0.06,Cash
ORD00174,08-Feb-25,CUST0439,P015,Power Bank,Accessories,Central,3,2500,0.02,Cash
ORD00194,14-Jan-25,CUST0179,P015,Power Bank,Accessories,Central,3,2500,0.14,Cash
ORD00214,20-Dec-25,CUST0919,P015,Power Bank,Accessories,Central,3,2500,0.1,Cash
ORD00234,25-Nov-25,CUST0659,P015,Power Bank,Accessories,Central,3,2500,0.06,Cash
ORD00254,31-Oct-25,CUST0399,P015,Power Bank,Accessories,Central,3,2500,0.02,Cash
ORD00274,06-Oct-25,CUST0139,P015,Power Bank,Accessories,Central,3,2500,0.14,Cash
ORD00294,11-Sep-25,CUST0879,P015,Power Bank,Accessories,Central,3,2500,0.1,Cash
ORD00314,17-Aug-25,CUST0619,P015,Power Bank,Accessories,Central,3,2500,0.06,Cash
ORD00334,23-Jul-25,CUST0359,P015,Power Bank,Accessories,Central,3,2500,0.02,Cash
ORD00354,28-Jun-25,CUST0099,P015,Power Bank,Accessories,Central,3,2500,0.14,Cash
ORD00374,03-Jun-25,CUST0839,P015,Power Bank,Accessories,Central,3,2500,0.1,Cash
ORD00394,09-May-25,CUST0579,P015,Power Bank,Accessories,Central,3,2500,0.06,Cash
ORD00414,14-Apr-25,CUST0319,P015,Power Bank,Accessories,Central,3,2500,0.02,Cash
ORD00434,20-Mar-25,CUST0059,P015,Power Bank,Accessories,Central,3,2500,0.14,Cash
ORD00454,23-Feb-25,CUST0799,P015,Power Bank,Accessories,Central,3,2500,0.1,Cash
ORD00474,29-Jan-25,CUST0539,P015,Power Bank,Accessories,Central,3,2500,0.06,Cash
ORD00494,04-Jan-25,CUST0279,P015,Power Bank,Accessories,Central,3,2500,0.02,Cash
ORD00514,10-Dec-25,CUST0019,P015,Power Bank,Accessories,Central,3,2500,0.14,Cash
ORD00534,15-Nov-25,CUST0759,P015,Power Bank,Accessories,Central,3,2500,0.1,Cash
ORD00554,21-Oct-25,CUST0499,P015,Power Bank,Accessories,Central,3,2500,0.06,Cash
ORD00574,26-Sep-25,CUST0239,P015,Power Bank,Accessories,Central,3,2500,0.02,Cash
ORD00594,01-Sep-25,CUST0979,P015,Power Bank,Accessories,Central,3,2500,0.14,Cash
ORD00614,07-Aug-25,CUST0719,P015,Power Bank,Accessories,Central,3,2500,0.1,Cash
ORD00634,13-Jul-25,CUST0459,P015,Power Bank,Accessories,Central,3,2500,0.06,Cash
ORD00654,18-Jun-25,CUST0199,P015,Power Bank,Accessories,Central,3,2500,0.02,Cash
ORD00674,24-May-25,CUST0939,P015,Power Bank,Accessories,Central,3,2500,0.14,Cash
ORD00694,29-Apr-25,CUST0679,P015,Power Bank,Accessories,Central,3,2500,0.1,Cash
ORD00714,04-Apr-25,CUST0419,P015,Power Bank,Accessories,Central,3,2500,0.06,Cash
ORD00734,10-Mar-25,CUST0159,P015,Power Bank,Accessories,Central,3,2500,0.02,Cash
ORD00754,13-Feb-25,CUST0899,P015,Power Bank,Accessories,Central,3,2500,0.14,Cash
ORD00774,19-Jan-25,CUST0639,P015,Power Bank,Accessories,Central,3,2500,0.1,Cash
ORD00794,25-Dec-25,CUST0379,P015,Power Bank,Accessories,Central,3,2500,0.06,Cash
ORD00814,30-Nov-25,CUST0119,P015,Power Bank,Accessories,Central,3,2500,0.02,Cash
ORD00834,05-Nov-25,CUST0859,P015,Power Bank,Accessories,Central,3,2500,0.14,Cash
ORD00854,11-Oct-25,CUST0599,P015,Power Bank,Accessories,Central,3,2500,0.1,Cash
ORD00874,16-Sep-25,CUST0339,P015,Power Bank,Accessories,Central,3,2500,0.06,Cash
ORD00894,22-Aug-25,CUST0079,P015,Power Bank,Accessories,Central,3,2500,0.02,Cash
ORD00914,28-Jul-25,CUST0819,P015,Power Bank,Accessories,Central,3,2500,0.14,Cash
ORD00934,03-Jul-25,CUST0559,P015,Power Bank,Accessories,Central,3,2500,0.1,Cash
ORD00954,08-Jun-25,CUST0299,P015,Power Bank,Accessories,Central,3,2500,0.06,Cash
ORD00974,14-May-25,CUST0039,P015,Power Bank,Accessories,Central,3,2500,0.02,Cash
ORD00994,19-Apr-25,CUST0779,P015,Power Bank,Accessories,Central,3,2500,0.14,Cash
ORD01014,25-Mar-25,CUST0519,P015,Power Bank,Accessories,Central,3,2500,0.1,Cash
ORD01034,28-Feb-25,CUST0259,P015,Power Bank,Accessories,Central,3,2500,0.06,Cash
ORD01054,03-Feb-25,CUST0999,P015,Power Bank,Accessories,Central,3,2500,0.02,Cash
ORD01074,09-Jan-25,CUST0739,P015,Power Bank,Accessories,Central,3,2500,0.14,Cash
ORD01094,15-Dec-25,CUST0479,P015,Power Bank,Accessories,Central,3,2500,0.1,Cash
ORD01114,20-Nov-25,CUST0219,P015,Power Bank,Accessories,Central,3,2500,0.06,Cash
ORD01134,26-Oct-25,CUST0959,P015,Power Bank,Accessories,Central,3,2500,0.02,Cash
ORD01154,01-Oct-25,CUST0699,P015,Power Bank,Accessories,Central,3,2500,0.14,Cash
ORD01174,06-Sep-25,CUST0439,P015,Power Bank,Accessories,Central,3,2500,0.1,Cash
ORD01194,12-Aug-25,CUST0179,P015,Power Bank,Accessories,Central,3,2500,0.06,Cash
ORD01214,18-Jul-25,CUST0919,P015,Power Bank,Accessories,Central,3,2500,0.02,Cash
ORD01234,23-Jun-25,CUST0659,P015,Power Bank,Accessories,Central,3,2500,0.14,Cash
ORD01254,29-May-25,CUST0399,P015,Power Bank,Accessories,Central,3,2500,0.1,Cash
ORD01274,04-May-25,CUST0139,P015,Power Bank,Accessories,Central,3,2500,0.06,Cash
ORD01294,09-Apr-25,CUST0879,P015,Power Bank,Accessories,Central,3,2500,0.02,Cash
ORD01314,15-Mar-25,CUST0619,P015,Power Bank,Accessories,Central,3,2500,0.14,Cash
ORD01334,18-Feb-25,CUST0359,P015,Power Bank,Accessories,Central,3,2500,0.1,Cash
ORD01354,24-Jan-25,CUST0099,P015,Power Bank,Accessories,Central,3,2500,0.06,Cash
ORD01374,30-Dec-25,CUST0839,P015,Power Bank,Accessories,Central,3,2500,0.02,Cash
ORD01394,05-Dec-25,CUST0579,P015,Power Bank,Accessories,Central,3,2500,0.14,Cash
ORD01414,10-Nov-25,CUST0319,P015,Power Bank,Accessories,Central,3,2500,0.1,Cash
ORD01434,16-Oct-25,CUST0059,P015,Power Bank,Accessories,Central,3,2500,0.06,Cash
ORD01454,21-Sep-25,CUST0799,P015,Power Bank,Accessories,Central,3,2500,0.02,Cash
ORD01474,27-Aug-25,CUST0539,P015,Power Bank,Accessories,Central,3,2500,0.14,Cash
ORD01494,02-Aug-25,CUST0279,P015,Power Bank,Accessories,Central,3,2500,0.1,Cash
ORD01514,08-Jul-25,CUST0019,P015,Power Bank,Accessories,Central,3,2500,0.06,Cash
ORD01534,13-Jun-25,CUST0759,P015,Power Bank,Accessories,Central,3,2500,0.02,Cash
ORD01554,19-May-25,CUST0499,P015,Power Bank,Accessories,Central,3,2500,0.14,Cash
ORD01574,24-Apr-25,CUST0239,P015,Power Bank,Accessories,Central,3,2500,0.1,Cash
ORD01594,30-Mar-25,CUST0979,P015,Power Bank,Accessories,Central,3,2500,0.06,Cash
ORD01614,05-Mar-25,CUST0719,P015,Power Bank,Accessories,Central,3,2500,0.02,Cash
ORD01634,08-Feb-25,CUST0459,P015,Power Bank,Accessories,Central,3,2500,0.14,Cash
ORD01654,14-Jan-25,CUST0199,P015,Power Bank,Accessories,Central,3,2500,0.1,Cash
ORD01674,20-Dec-25,CUST0939,P015,Power Bank,Accessories,Central,3,2500,0.06,Cash
ORD01694,25-Nov-25,CUST0679,P015,Power Bank,Accessories,Central,3,2500,0.02,Cash
ORD01714,31-Oct-25,CUST0419,P015,Power Bank,Accessories,Central,3,2500,0.14,Cash
ORD01734,06-Oct-25,CUST0159,P015,Power Bank,Accessories,Central,3,2500,0.1,Cash
ORD01754,11-Sep-25,CUST0899,P015,Power Bank,Accessories,Central,3,2500,0.06,Cash
ORD01774,17-Aug-25,CUST0639,P015,Power Bank,Accessories,Central,3,2500,0.02,Cash
ORD01794,23-Jul-25,CUST0379,P015,Power Bank,Accessories,Central,3,2500,0.14,Cash
ORD01814,28-Jun-25,CUST0119,P015,Power Bank,Accessories,Central,3,2500,0.1,Cash
ORD01834,03-Jun-25,CUST0859,P015,Power Bank,Accessories,Central,3,2500,0.06,Cash
ORD01854,09-May-25,CUST0599,P015,Power Bank,Accessories,Central,3,2500,0.02,Cash
ORD01874,14-Apr-25,CUST0339,P015,Power Bank,Accessories,Central,3,2500,0.14,Cash
ORD01894,20-Mar-25,CUST0079,P015,Power Bank,Accessories,Central,3,2500,0.1,Cash
ORD01914,23-Feb-25,CUST0819,P015,Power Bank,Accessories,Central,3,2500,0.06,Cash
ORD01934,29-Jan-25,CUST0559,P015,Power Bank,Accessories,Central,3,2500,0.02,Cash
ORD01954,04-Jan-25,CUST0299,P015,Power Bank,Accessories,Central,3,2500,0.14,Cash
ORD01974,10-Dec-25,CUST0039,P015,Power Bank,Accessories,Central,3,2500,0.1,Cash
ORD01994,15-Nov-25,CUST0779,P015,Power Bank,Accessories,Central,3,2500,0.06,Cash
ORD02014,21-Oct-25,CUST0519,P015,Power Bank,Accessories,Central,3,2500,0.02,Cash
ORD02034,26-Sep-25,CUST0259,P015,Power Bank,Accessories,Central,3,2500,0.14,Cash
ORD02054,01-Sep-25,CUST0999,P015,Power Bank,Accessories,Central,3,2500,0.1,Cash
ORD02074,07-Aug-25,CUST0739,P015,Power Bank,Accessories,Central,3,2500,0.06,Cash
ORD02094,13-Jul-25,CUST0479,P015,Power Bank,Accessories,Central,3,2500,0.02,Cash
ORD02114,18-Jun-25,CUST0219,P015,Power Bank,Accessories,Central,3,2500,0.14,Cash
ORD02134,24-May-25,CUST0959,P015,Power Bank,Accessories,Central,3,2500,0.1,Cash
ORD02154,29-Apr-25,CUST0699,P015,Power Bank,Accessories,Central,3,2500,0.06,Cash
ORD02174,04-Apr-25,CUST0439,P015,Power Bank,Accessories,Central,3,2500,0.02,Cash
ORD02194,10-Mar-25,CUST0179,P015,Power Bank,Accessories,Central,3,2500,0.14,Cash
ORD02214,13-Feb-25,CUST0919,P015,Power Bank,Accessories,Central,3,2500,0.1,Cash
ORD02234,19-Jan-25,CUST0659,P015,Power Bank,Accessories,Central,3,2500,0.06,Cash
ORD02254,25-Dec-25,CUST0399,P015,Power Bank,Accessories,Central,3,2500,0.02,Cash
ORD02274,30-Nov-25,CUST0139,P015,Power Bank,Accessories,Central,3,2500,0.14,Cash
ORD02294,05-Nov-25,CUST0879,P015,Power Bank,Accessories,Central,3,2500,0.1,Cash
ORD02314,11-Oct-25,CUST0619,P015,Power Bank,Accessories,Central,3,2500,0.06,Cash
ORD02334,16-Sep-25,CUST0359,P015,Power Bank,Accessories,Central,3,2500,0.02,Cash
ORD02354,22-Aug-25,CUST0099,P015,Power Bank,Accessories,Central,3,2500,0.14,Cash
ORD02374,28-Jul-25,CUST0839,P015,Power Bank,Accessories,Central,3,2500,0.1,Cash
ORD02394,03-Jul-25,CUST0579,P015,Power Bank,Accessories,Central,3,2500,0.06,Cash
ORD02414,08-Jun-25,CUST0319,P015,Power Bank,Accessories,Central,3,2500,0.02,Cash
ORD02434,14-May-25,CUST0059,P015,Power Bank,Accessories,Central,3,2500,0.14,Cash
ORD02454,19-Apr-25,CUST0799,P015,Power Bank,Accessories,Central,3,2500,0.1,Cash
ORD02474,25-Mar-25,CUST0539,P015,Power Bank,Accessories,Central,3,2500,0.06,Cash
ORD02494,28-Feb-25,CUST0279,P015,Power Bank,Accessories,Central,3,2500,0.02,Cash
ORD02514,03-Feb-25,CUST0019,P015,Power Bank,Accessories,Central,3,2500,0.14,Cash
ORD02534,09-Jan-25,CUST0759,P015,Power Bank,Accessories,Central,3,2500,0.1,Cash
ORD02554,15-Dec-25,CUST0499,P015,Power Bank,Accessories,Central,3,2500,0.06,Cash
ORD02574,20-Nov-25,CUST0239,P015,Power Bank,Accessories,Central,3,2500,0.02,Cash
ORD02594,26-Oct-25,CUST0979,P015,Power Bank,Accessories,Central,3,2500,0.14,Cash
ORD02614,01-Oct-25,CUST0719,P015,Power Bank,Accessories,Central,3,2500,0.1,Cash
ORD02634,06-Sep-25,CUST0459,P015,Power Bank,Accessories,Central,3,2500,0.06,Cash
ORD02654,12-Aug-25,CUST0199,P015,Power Bank,Accessories,Central,3,2500,0.02,Cash
ORD02674,18-Jul-25,CUST0939,P015,Power Bank,Accessories,Central,3,2500,0.14,Cash
ORD02694,23-Jun-25,CUST0679,P015,Power Bank,Accessories,Central,3,2500,0.1,Cash
ORD02714,29-May-25,CUST0419,P015,Power Bank,Accessories,Central,3,2500,0.06,Cash
ORD02734,04-May-25,CUST0159,P015,Power Bank,Accessories,Central,3,2500,0.02,Cash
ORD02754,09-Apr-25,CUST0899,P015,Power Bank,Accessories,Central,3,2500,0.14,Cash
ORD02774,15-Mar-25,CUST0639,P015,Power Bank,Accessories,Central,3,2500,0.1,Cash
ORD02794,18-Feb-25,CUST0379,P015,Power Bank,Accessories,Central,3,2500,0.06,Cash
ORD02814,24-Jan-25,CUST0119,P015,Power Bank,Accessories,Central,3,2500,0.02,Cash
ORD02834,30-Dec-25,CUST0859,P015,Power Bank,Accessories,Central,3,2500,0.14,Cash
ORD02854,05-Dec-25,CUST0599,P015,Power Bank,Accessories,Central,3,2500,0.1,Cash
ORD02874,10-Nov-25,CUST0339,P015,Power Bank,Accessories,Central,3,2500,0.06,Cash
ORD02894,16-Oct-25,CUST0079,P015,Power Bank,Accessories,Central,3,2500,0.02,Cash
ORD02914,21-Sep-25,CUST0819,P015,Power Bank,Accessories,Central,3,2500,0.14,Cash
ORD02934,27-Aug-25,CUST0559,P015,Power Bank,Accessories,Central,3,2500,0.1,Cash
ORD02954,02-Aug-25,CUST0299,P015,Power Bank,Accessories,Central,3,2500,0.06,Cash
ORD02974,08-Jul-25,CUST0039,P015,Power Bank,Accessories,Central,3,2500,0.02,Cash
ORD02994,13-Jun-25,CUST0779,P015,Power Bank,Accessories,Central,3,2500,0.14,Cash
ORD03014,19-May-25,CUST0519,P015,Power Bank,Accessories,Central,3,2500,0.1,Cash
ORD03034,24-Apr-25,CUST0259,P015,Power Bank,Accessories,Central,3,2500,0.06,Cash
ORD03054,30-Mar-25,CUST0999,P015,Power Bank,Accessories,Central,3,2500,0.02,Cash
ORD03074,05-Mar-25,CUST0739,P015,Power Bank,Accessories,Central,3,2500,0.14,Cash
ORD03094,08-Feb-25,CUST0479,P015,Power Bank,Accessories,Central,3,2500,0.1,Cash
ORD03114,14-Jan-25,CUST0219,P015,Power Bank,Accessories,Central,3,2500,0.06,Cash
ORD03134,20-Dec-25,CUST0959,P015,Power Bank,Accessories,Central,3,2500,0.02,Cash
ORD03154,25-Nov-25,CUST0699,P015,Power Bank,Accessories,Central,3,2500,0.14,Cash
ORD03174,31-Oct-25,CUST0439,P015,Power Bank,Accessories,Central,3,2500,0.1,Cash
ORD03194,06-Oct-25,CUST0179,P015,Power Bank,Accessories,Central,3,2500,0.06,Cash
ORD03214,11-Sep-25,CUST0919,P015,Power Bank,Accessories,Central,3,2500,0.02,Cash
ORD03234,17-Aug-25,CUST0659,P015,Power Bank,Accessories,Central,3,2500,0.14,Cash
ORD03254,23-Jul-25,CUST0399,P015,Power Bank,Accessories,Central,3,2500,0.1,Cash
ORD03274,28-Jun-25,CUST0139,P015,Power Bank,Accessories,Central,3,2500,0.06,Cash
ORD03294,03-Jun-25,CUST0879,P015,Power Bank,Accessories,Central,3,2500,0.02,Cash
ORD03314,09-May-25,CUST0619,P015,Power Bank,Accessories,Central,3,2500,0.14,Cash
ORD03334,14-Apr-25,CUST0359,P015,Power Bank,Accessories,Central,3,2500,0.1,Cash
ORD03354,20-Mar-25,CUST0099,P015,Power Bank,Accessories,Central,3,2500,0.06,Cash
ORD03374,23-Feb-25,CUST0839,P015,Power Bank,Accessories,Central,3,2500,0.02,Cash
ORD03394,29-Jan-25,CUST0579,P015,Power Bank,Accessories,Central,3,2500,0.14,Cash
ORD03414,04-Jan-25,CUST0319,P015,Power Bank,Accessories,Central,3,2500,0.1,Cash
ORD03434,10-Dec-25,CUST0059,P015,Power Bank,Accessories,Central,3,2500,0.06,Cash
ORD03454,15-Nov-25,CUST0799,P015,Power Bank,Accessories,Central,3,2500,0.02,Cash
ORD03474,21-Oct-25,CUST0539,P015,Power Bank,Accessories,Central,3,2500,0.14,Cash
ORD03494,26-Sep-25,CUST0279,P015,Power Bank,Accessories,Central,3,2500,0.1,Cash
ORD03514,01-Sep-25,CUST0019,P015,Power Bank,Accessories,Central,3,2500,0.06,Cash
ORD03534,07-Aug-25,CUST0759,P015,Power Bank,Accessories,Central,3,2500,0.02,Cash
ORD03554,13-Jul-25,CUST0499,P015,Power Bank,Accessories,Central,3,2500,0.14,Cash
ORD03574,18-Jun-25,CUST0239,P015,Power Bank,Accessories,Central,3,2500,0.1,Cash
ORD03594,24-May-25,CUST0979,P015,Power Bank,Accessories,Central,3,2500,0.06,Cash
ORD03614,29-Apr-25,CUST0719,P015,Power Bank,Accessories,Central,3,2500,0.02,Cash
ORD03634,04-Apr-25,CUST0459,P015,Power Bank,Accessories,Central,3,2500,0.14,Cash
ORD03654,10-Mar-25,CUST0199,P015,Power Bank,Accessories,Central,3,2500,0.1,Cash
ORD03674,13-Feb-25,CUST0939,P015,Power Bank,Accessories,Central,3,2500,0.06,Cash
ORD03694,19-Jan-25,CUST0679,P015,Power Bank,Accessories,Central,3,2500,0.02,Cash
ORD03714,25-Dec-25,CUST0419,P015,Power Bank,Accessories,Central,3,2500,0.14,Cash
ORD03734,30-Nov-25,CUST0159,P015,Power Bank,Accessories,Central,3,2500,0.1,Cash
ORD03754,05-Nov-25,CUST0899,P015,Power Bank,Accessories,Central,3,2500,0.06,Cash
ORD03774,11-Oct-25,CUST0639,P015,Power Bank,Accessories,Central,3,2500,0.02,Cash
ORD03794,16-Sep-25,CUST0379,P015,Power Bank,Accessories,Central,3,2500,0.14,Cash
ORD03814,22-Aug-25,CUST0119,P015,Power Bank,Accessories,Central,3,2500,0.1,Cash
ORD03834,28-Jul-25,CUST0859,P015,Power Bank,Accessories,Central,3,2500,0.06,Cash
ORD03854,03-Jul-25,CUST0599,P015,Power Bank,Accessories,Central,3,2500,0.02,Cash
ORD03874,08-Jun-25,CUST0339,P015,Power Bank,Accessories,Central,3,2500,0.14,Cash
ORD03894,14-May-25,CUST0079,P015,Power Bank,Accessories,Central,3,2500,0.1,Cash
ORD03914,19-Apr-25,CUST0819,P015,Power Bank,Accessories,Central,3,2500,0.06,Cash
ORD03934,25-Mar-25,CUST0559,P015,Power Bank,Accessories,Central,3,2500,0.02,Cash
ORD03954,28-Feb-25,CUST0299,P015,Power Bank,Accessories,Central,3,2500,0.14,Cash
ORD03974,03-Feb-25,CUST0039,P015,Power Bank,Accessories,Central,3,2500,0.1,Cash
ORD03994,09-Jan-25,CUST0779,P015,Power Bank,Accessories,Central,3,2500,0.06,Cash
ORD04014,15-Dec-25,CUST0519,P015,Power Bank,Accessories,Central,3,2500,0.02,Cash
ORD04034,20-Nov-25,CUST0259,P015,Power Bank,Accessories,Central,3,2500,0.14,Cash
ORD04054,26-Oct-25,CUST0999,P015,Power Bank,Accessories,Central,3,2500,0.1,Cash
ORD04074,01-Oct-25,CUST0739,P015,Power Bank,Accessories,Central,3,2500,0.06,Cash
ORD04094,06-Sep-25,CUST0479,P015,Power Bank,Accessories,Central,3,2500,0.02,Cash
ORD04114,12-Aug-25,CUST0219,P015,Power Bank,Accessories,Central,3,2500,0.14,Cash
ORD04134,18-Jul-25,CUST0959,P015,Power Bank,Accessories,Central,3,2500,0.1,Cash
ORD04154,23-Jun-25,CUST0699,P015,Power Bank,Accessories,Central,3,2500,0.06,Cash
ORD04174,29-May-25,CUST0439,P015,Power Bank,Accessories,Central,3,2500,0.02,Cash
ORD04194,04-May-25,CUST0179,P015,Power Bank,Accessories,Central,3,2500,0.14,Cash
ORD04214,09-Apr-25,CUST0919,P015,Power Bank,Accessories,Central,3,2500,0.1,Cash
ORD04234,15-Mar-25,CUST0659,P015,Power Bank,Accessories,Central,3,2500,0.06,Cash
ORD04254,18-Feb-25,CUST0399,P015,Power Bank,Accessories,Central,3,2500,0.02,Cash
ORD04274,24-Jan-25,CUST0139,P015,Power Bank,Accessories,Central,3,2500,0.14,Cash
ORD04294,30-Dec-25,CUST0879,P015,Power Bank,Accessories,Central,3,2500,0.1,Cash
ORD04314,05-Dec-25,CUST0619,P015,Power Bank,Accessories,Central,3,2500,0.06,Cash
ORD04334,10-Nov-25,CUST0359,P015,Power Bank,Accessories,Central,3,2500,0.02,Cash
ORD04354,16-Oct-25,CUST0099,P015,Power Bank,Accessories,Central,3,2500,0.14,Cash
ORD04374,21-Sep-25,CUST0839,P015,Power Bank,Accessories,Central,3,2500,0.1,Cash
ORD04394,27-Aug-25,CUST0579,P015,Power Bank,Accessories,Central,3,2500,0.06,Cash
ORD04414,02-Aug-25,CUST0319,P015,Power Bank,Accessories,Central,3,2500,0.02,Cash
ORD04434,08-Jul-25,CUST0059,P015,Power Bank,Accessories,Central,3,2500,0.14,Cash
ORD04454,13-Jun-25,CUST0799,P015,Power Bank,Accessories,Central,3,2500,0.1,Cash
ORD04474,19-May-25,CUST0539,P015,Power Bank,Accessories,Central,3,2500,0.06,Cash
ORD04494,24-Apr-25,CUST0279,P015,Power Bank,Accessories,Central,3,2500,0.02,Cash
ORD04514,30-Mar-25,CUST0019,P015,Power Bank,Accessories,Central,3,2500,0.14,Cash
ORD04534,05-Mar-25,CUST0759,P015,Power Bank,Accessories,Central,3,2500,0.1,Cash
ORD04554,08-Feb-25,CUST0499,P015,Power Bank,Accessories,Central,3,2500,0.06,Cash
ORD04574,14-Jan-25,CUST0239,P015,Power Bank,Accessories,Central,3,2500,0.02,Cash
ORD04594,20-Dec-25,CUST0979,P015,Power Bank,Accessories,Central,3,2500,0.14,Cash
ORD04614,25-Nov-25,CUST0719,P015,Power Bank,Accessories,Central,3,2500,0.1,Cash
ORD04634,31-Oct-25,CUST0459,P015,Power Bank,Accessories,Central,3,2500,0.06,Cash
ORD04654,06-Oct-25,CUST0199,P015,Power Bank,Accessories,Central,3,2500,0.02,Cash
ORD04674,11-Sep-25,CUST0939,P015,Power Bank,Accessories,Central,3,2500,0.14,Cash
ORD04694,17-Aug-25,CUST0679,P015,Power Bank,Accessories,Central,3,2500,0.1,Cash
ORD04714,23-Jul-25,CUST0419,P015,Power Bank,Accessories,Central,3,2500,0.06,Cash
ORD04734,28-Jun-25,CUST0159,P015,Power Bank,Accessories,Central,3,2500,0.02,Cash
ORD04754,03-Jun-25,CUST0899,P015,Power Bank,Accessories,Central,3,2500,0.14,Cash
ORD04774,09-May-25,CUST0639,P015,Power Bank,Accessories,Central,3,2500,0.1,Cash
ORD04794,14-Apr-25,CUST0379,P015,Power Bank,Accessories,Central,3,2500,0.06,Cash
ORD04814,20-Mar-25,CUST0119,P015,Power Bank,Accessories,Central,3,2500,0.02,Cash
ORD04834,23-Feb-25,CUST0859,P015,Power Bank,Accessories,Central,3,2500,0.14,Cash
ORD04854,29-Jan-25,CUST0599,P015,Power Bank,Accessories,Central,3,2500,0.1,Cash
ORD04874,04-Jan-25,CUST0339,P015,Power Bank,Accessories,Central,3,2500,0.06,Cash
ORD04894,10-Dec-25,CUST0079,P015,Power Bank,Accessories,Central,3,2500,0.02,Cash
ORD04914,15-Nov-25,CUST0819,P015,Power Bank,Accessories,Central,3,2500,0.14,Cash
ORD04934,21-Oct-25,CUST0559,P015,Power Bank,Accessories,Central,3,2500,0.1,Cash
ORD04954,26-Sep-25,CUST0299,P015,Power Bank,Accessories,Central,3,2500,0.06,Cash
ORD04974,01-Sep-25,CUST0039,P015,Power Bank,Accessories,Central,3,2500,0.02,Cash
ORD04994,07-Aug-25,CUST0779,P015,Power Bank,Accessories,Central,3,2500,0.14,Cash
ORD00019,20-Nov-25,CUST0704,P020,Monitor Stand,Accessories,Central,3,2000,0.05,Net Banking
ORD00039,26-Oct-25,CUST0444,P020,Monitor Stand,Accessories,Central,3,2000,0.01,Net Banking
ORD00059,01-Oct-25,CUST0184,P020,Monitor Stand,Accessories,Central,3,2000,0.13,Net Banking
ORD00079,06-Sep-25,CUST0924,P020,Monitor Stand,Accessories,Central,3,2000,0.09,Net Banking
ORD00099,12-Aug-25,CUST0664,P020,Monitor Stand,Accessories,Central,3,2000,0.05,Net Banking
ORD00119,18-Jul-25,CUST0404,P020,Monitor Stand,Accessories,Central,3,2000,0.01,Net Banking
ORD00139,23-Jun-25,CUST0144,P020,Monitor Stand,Accessories,Central,3,2000,0.13,Net Banking
ORD00159,29-May-25,CUST0884,P020,Monitor Stand,Accessories,Central,3,2000,0.09,Net Banking
ORD00179,04-May-25,CUST0624,P020,Monitor Stand,Accessories,Central,3,2000,0.05,Net Banking
ORD00199,09-Apr-25,CUST0364,P020,Monitor Stand,Accessories,Central,3,2000,0.01,Net Banking
ORD00219,15-Mar-25,CUST0104,P020,Monitor Stand,Accessories,Central,3,2000,0.13,Net Banking
ORD00239,18-Feb-25,CUST0844,P020,Monitor Stand,Accessories,Central,3,2000,0.09,Net Banking
ORD00259,24-Jan-25,CUST0584,P020,Monitor Stand,Accessories,Central,3,2000,0.05,Net Banking
ORD00279,30-Dec-25,CUST0324,P020,Monitor Stand,Accessories,Central,3,2000,0.01,Net Banking
ORD00299,05-Dec-25,CUST0064,P020,Monitor Stand,Accessories,Central,3,2000,0.13,Net Banking
ORD00319,10-Nov-25,CUST0804,P020,Monitor Stand,Accessories,Central,3,2000,0.09,Net Banking
ORD00339,16-Oct-25,CUST0544,P020,Monitor Stand,Accessories,Central,3,2000,0.05,Net Banking
ORD00359,21-Sep-25,CUST0284,P020,Monitor Stand,Accessories,Central,3,2000,0.01,Net Banking
ORD00379,27-Aug-25,CUST0024,P020,Monitor Stand,Accessories,Central,3,2000,0.13,Net Banking
ORD00399,02-Aug-25,CUST0764,P020,Monitor Stand,Accessories,Central,3,2000,0.09,Net Banking
ORD00419,08-Jul-25,CUST0504,P020,Monitor Stand,Accessories,Central,3,2000,0.05,Net Banking
ORD00439,13-Jun-25,CUST0244,P020,Monitor Stand,Accessories,Central,3,2000,0.01,Net Banking
ORD00459,19-May-25,CUST0984,P020,Monitor Stand,Accessories,Central,3,2000,0.13,Net Banking
ORD00479,24-Apr-25,CUST0724,P020,Monitor Stand,Accessories,Central,3,2000,0.09,Net Banking
ORD00499,30-Mar-25,CUST0464,P020,Monitor Stand,Accessories,Central,3,2000,0.05,Net Banking
ORD00519,05-Mar-25,CUST0204,P020,Monitor Stand,Accessories,Central,3,2000,0.01,Net Banking
ORD00539,08-Feb-25,CUST0944,P020,Monitor Stand,Accessories,Central,3,2000,0.13,Net Banking
ORD00559,14-Jan-25,CUST0684,P020,Monitor Stand,Accessories,Central,3,2000,0.09,Net Banking
ORD00579,20-Dec-25,CUST0424,P020,Monitor Stand,Accessories,Central,3,2000,0.05,Net Banking
ORD00599,25-Nov-25,CUST0164,P020,Monitor Stand,Accessories,Central,3,2000,0.01,Net Banking
ORD00619,31-Oct-25,CUST0904,P020,Monitor Stand,Accessories,Central,3,2000,0.13,Net Banking
ORD00639,06-Oct-25,CUST0644,P020,Monitor Stand,Accessories,Central,3,2000,0.09,Net Banking
ORD00659,11-Sep-25,CUST0384,P020,Monitor Stand,Accessories,Central,3,2000,0.05,Net Banking
ORD00679,17-Aug-25,CUST0124,P020,Monitor Stand,Accessories,Central,3,2000,0.01,Net Banking
ORD00699,23-Jul-25,CUST0864,P020,Monitor Stand,Accessories,Central,3,2000,0.13,Net Banking
ORD00719,28-Jun-25,CUST0604,P020,Monitor Stand,Accessories,Central,3,2000,0.09,Net Banking
ORD00739,03-Jun-25,CUST0344,P020,Monitor Stand,Accessories,Central,3,2000,0.05,Net Banking
ORD00759,09-May-25,CUST0084,P020,Monitor Stand,Accessories,Central,3,2000,0.01,Net Banking
ORD00779,14-Apr-25,CUST0824,P020,Monitor Stand,Accessories,Central,3,2000,0.13,Net Banking
ORD00799,20-Mar-25,CUST0564,P020,Monitor Stand,Accessories,Central,3,2000,0.09,Net Banking
ORD00819,23-Feb-25,CUST0304,P020,Monitor Stand,Accessories,Central,3,2000,0.05,Net Banking
ORD00839,29-Jan-25,CUST0044,P020,Monitor Stand,Accessories,Central,3,2000,0.01,Net Banking
ORD00859,04-Jan-25,CUST0784,P020,Monitor Stand,Accessories,Central,3,2000,0.13,Net Banking
ORD00879,10-Dec-25,CUST0524,P020,Monitor Stand,Accessories,Central,3,2000,0.09,Net Banking
ORD00899,15-Nov-25,CUST0264,P020,Monitor Stand,Accessories,Central,3,2000,0.05,Net Banking
ORD00919,21-Oct-25,CUST0004,P020,Monitor Stand,Accessories,Central,3,2000,0.01,Net Banking
ORD00939,26-Sep-25,CUST0744,P020,Monitor Stand,Accessories,Central,3,2000,0.13,Net Banking
ORD00959,01-Sep-25,CUST0484,P020,Monitor Stand,Accessories,Central,3,2000,0.09,Net Banking
ORD00979,07-Aug-25,CUST0224,P020,Monitor Stand,Accessories,Central,3,2000,0.05,Net Banking
ORD00999,13-Jul-25,CUST0964,P020,Monitor Stand,Accessories,Central,3,2000,0.01,Net Banking
ORD01019,18-Jun-25,CUST0704,P020,Monitor Stand,Accessories,Central,3,2000,0.13,Net Banking
ORD01039,24-May-25,CUST0444,P020,Monitor Stand,Accessories,Central,3,2000,0.09,Net Banking
ORD01059,29-Apr-25,CUST0184,P020,Monitor Stand,Accessories,Central,3,2000,0.05,Net Banking
ORD01079,04-Apr-25,CUST0924,P020,Monitor Stand,Accessories,Central,3,2000,0.01,Net Banking
ORD01099,10-Mar-25,CUST0664,P020,Monitor Stand,Accessories,Central,3,2000,0.13,Net Banking
ORD01119,13-Feb-25,CUST0404,P020,Monitor Stand,Accessories,Central,3,2000,0.09,Net Banking
ORD01139,19-Jan-25,CUST0144,P020,Monitor Stand,Accessories,Central,3,2000,0.05,Net Banking
ORD01159,25-Dec-25,CUST0884,P020,Monitor Stand,Accessories,Central,3,2000,0.01,Net Banking
ORD01179,30-Nov-25,CUST0624,P020,Monitor Stand,Accessories,Central,3,2000,0.13,Net Banking
ORD01199,05-Nov-25,CUST0364,P020,Monitor Stand,Accessories,Central,3,2000,0.09,Net Banking
ORD01219,11-Oct-25,CUST0104,P020,Monitor Stand,Accessories,Central,3,2000,0.05,Net Banking
ORD01239,16-Sep-25,CUST0844,P020,Monitor Stand,Accessories,Central,3,2000,0.01,Net Banking
ORD01259,22-Aug-25,CUST0584,P020,Monitor Stand,Accessories,Central,3,2000,0.13,Net Banking
ORD01279,28-Jul-25,CUST0324,P020,Monitor Stand,Accessories,Central,3,2000,0.09,Net Banking
ORD01299,03-Jul-25,CUST0064,P020,Monitor Stand,Accessories,Central,3,2000,0.05,Net Banking
ORD01319,08-Jun-25,CUST0804,P020,Monitor Stand,Accessories,Central,3,2000,0.01,Net Banking
ORD01339,14-May-25,CUST0544,P020,Monitor Stand,Accessories,Central,3,2000,0.13,Net Banking
ORD01359,19-Apr-25,CUST0284,P020,Monitor Stand,Accessories,Central,3,2000,0.09,Net Banking
ORD01379,25-Mar-25,CUST0024,P020,Monitor Stand,Accessories,Central,3,2000,0.05,Net Banking
ORD01399,28-Feb-25,CUST0764,P020,Monitor Stand,Accessories,Central,3,2000,0.01,Net Banking
ORD01419,03-Feb-25,CUST0504,P020,Monitor Stand,Accessories,Central,3,2000,0.13,Net Banking
ORD01439,09-Jan-25,CUST0244,P020,Monitor Stand,Accessories,Central,3,2000,0.09,Net Banking
ORD01459,15-Dec-25,CUST0984,P020,Monitor Stand,Accessories,Central,3,2000,0.05,Net Banking
ORD01479,20-Nov-25,CUST0724,P020,Monitor Stand,Accessories,Central,3,2000,0.01,Net Banking
ORD01499,26-Oct-25,CUST0464,P020,Monitor Stand,Accessories,Central,3,2000,0.13,Net Banking
ORD01519,01-Oct-25,CUST0204,P020,Monitor Stand,Accessories,Central,3,2000,0.09,Net Banking
ORD01539,06-Sep-25,CUST0944,P020,Monitor Stand,Accessories,Central,3,2000,0.05,Net Banking
ORD01559,12-Aug-25,CUST0684,P020,Monitor Stand,Accessories,Central,3,2000,0.01,Net Banking
ORD01579,18-Jul-25,CUST0424,P020,Monitor Stand,Accessories,Central,3,2000,0.13,Net Banking
ORD01599,23-Jun-25,CUST0164,P020,Monitor Stand,Accessories,Central,3,2000,0.09,Net Banking
ORD01619,29-May-25,CUST0904,P020,Monitor Stand,Accessories,Central,3,2000,0.05,Net Banking
ORD01639,04-May-25,CUST0644,P020,Monitor Stand,Accessories,Central,3,2000,0.01,Net Banking
ORD01659,09-Apr-25,CUST0384,P020,Monitor Stand,Accessories,Central,3,2000,0.13,Net Banking
ORD01679,15-Mar-25,CUST0124,P020,Monitor Stand,Accessories,Central,3,2000,0.09,Net Banking
ORD01699,18-Feb-25,CUST0864,P020,Monitor Stand,Accessories,Central,3,2000,0.05,Net Banking
ORD01719,24-Jan-25,CUST0604,P020,Monitor Stand,Accessories,Central,3,2000,0.01,Net Banking
ORD01739,30-Dec-25,CUST0344,P020,Monitor Stand,Accessories,Central,3,2000,0.13,Net Banking
ORD01759,05-Dec-25,CUST0084,P020,Monitor Stand,Accessories,Central,3,2000,0.09,Net Banking
ORD01779,10-Nov-25,CUST0824,P020,Monitor Stand,Accessories,Central,3,2000,0.05,Net Banking
ORD01799,16-Oct-25,CUST0564,P020,Monitor Stand,Accessories,Central,3,2000,0.01,Net Banking
ORD01819,21-Sep-25,CUST0304,P020,Monitor Stand,Accessories,Central,3,2000,0.13,Net Banking
ORD01839,27-Aug-25,CUST0044,P020,Monitor Stand,Accessories,Central,3,2000,0.09,Net Banking
ORD01859,02-Aug-25,CUST0784,P020,Monitor Stand,Accessories,Central,3,2000,0.05,Net Banking
ORD01879,08-Jul-25,CUST0524,P020,Monitor Stand,Accessories,Central,3,2000,0.01,Net Banking
ORD01899,13-Jun-25,CUST0264,P020,Monitor Stand,Accessories,Central,3,2000,0.13,Net Banking
ORD01919,19-May-25,CUST0004,P020,Monitor Stand,Accessories,Central,3,2000,0.09,Net Banking
ORD01939,24-Apr-25,CUST0744,P020,Monitor Stand,Accessories,Central,3,2000,0.05,Net Banking
ORD01959,30-Mar-25,CUST0484,P020,Monitor Stand,Accessories,Central,3,2000,0.01,Net Banking
ORD01979,05-Mar-25,CUST0224,P020,Monitor Stand,Accessories,Central,3,2000,0.13,Net Banking
ORD01999,08-Feb-25,CUST0964,P020,Monitor Stand,Accessories,Central,3,2000,0.09,Net Banking
ORD02019,14-Jan-25,CUST0704,P020,Monitor Stand,Accessories,Central,3,2000,0.05,Net Banking
ORD02039,20-Dec-25,CUST0444,P020,Monitor Stand,Accessories,Central,3,2000,0.01,Net Banking
ORD02059,25-Nov-25,CUST0184,P020,Monitor Stand,Accessories,Central,3,2000,0.13,Net Banking
ORD02079,31-Oct-25,CUST0924,P020,Monitor Stand,Accessories,Central,3,2000,0.09,Net Banking
ORD02099,06-Oct-25,CUST0664,P020,Monitor Stand,Accessories,Central,3,2000,0.05,Net Banking
ORD02119,11-Sep-25,CUST0404,P020,Monitor Stand,Accessories,Central,3,2000,0.01,Net Banking
ORD02139,17-Aug-25,CUST0144,P020,Monitor Stand,Accessories,Central,3,2000,0.13,Net Banking
ORD02159,23-Jul-25,CUST0884,P020,Monitor Stand,Accessories,Central,3,2000,0.09,Net Banking
ORD02179,28-Jun-25,CUST0624,P020,Monitor Stand,Accessories,Central,3,2000,0.05,Net Banking
ORD02199,03-Jun-25,CUST0364,P020,Monitor Stand,Accessories,Central,3,2000,0.01,Net Banking
ORD02219,09-May-25,CUST0104,P020,Monitor Stand,Accessories,Central,3,2000,0.13,Net Banking
ORD02239,14-Apr-25,CUST0844,P020,Monitor Stand,Accessories,Central,3,2000,0.09,Net Banking
ORD02259,20-Mar-25,CUST0584,P020,Monitor Stand,Accessories,Central,3,2000,0.05,Net Banking
ORD02279,23-Feb-25,CUST0324,P020,Monitor Stand,Accessories,Central,3,2000,0.01,Net Banking
ORD02299,29-Jan-25,CUST0064,P020,Monitor Stand,Accessories,Central,3,2000,0.13,Net Banking
ORD02319,04-Jan-25,CUST0804,P020,Monitor Stand,Accessories,Central,3,2000,0.09,Net Banking
ORD02339,10-Dec-25,CUST0544,P020,Monitor Stand,Accessories,Central,3,2000,0.05,Net Banking
ORD02359,15-Nov-25,CUST0284,P020,Monitor Stand,Accessories,Central,3,2000,0.01,Net Banking
ORD02379,21-Oct-25,CUST0024,P020,Monitor Stand,Accessories,Central,3,2000,0.13,Net Banking
ORD02399,26-Sep-25,CUST0764,P020,Monitor Stand,Accessories,Central,3,2000,0.09,Net Banking
ORD02419,01-Sep-25,CUST0504,P020,Monitor Stand,Accessories,Central,3,2000,0.05,Net Banking
ORD02439,07-Aug-25,CUST0244,P020,Monitor Stand,Accessories,Central,3,2000,0.01,Net Banking
ORD02459,13-Jul-25,CUST0984,P020,Monitor Stand,Accessories,Central,3,2000,0.13,Net Banking
ORD02479,18-Jun-25,CUST0724,P020,Monitor Stand,Accessories,Central,3,2000,0.09,Net Banking
ORD02499,24-May-25,CUST0464,P020,Monitor Stand,Accessories,Central,3,2000,0.05,Net Banking
ORD02519,29-Apr-25,CUST0204,P020,Monitor Stand,Accessories,Central,3,2000,0.01,Net Banking
ORD02539,04-Apr-25,CUST0944,P020,Monitor Stand,Accessories,Central,3,2000,0.13,Net Banking
ORD02559,10-Mar-25,CUST0684,P020,Monitor Stand,Accessories,Central,3,2000,0.09,Net Banking
ORD02579,13-Feb-25,CUST0424,P020,Monitor Stand,Accessories,Central,3,2000,0.05,Net Banking
ORD02599,19-Jan-25,CUST0164,P020,Monitor Stand,Accessories,Central,3,2000,0.01,Net Banking
ORD02619,25-Dec-25,CUST0904,P020,Monitor Stand,Accessories,Central,3,2000,0.13,Net Banking
ORD02639,30-Nov-25,CUST0644,P020,Monitor Stand,Accessories,Central,3,2000,0.09,Net Banking
ORD02659,05-Nov-25,CUST0384,P020,Monitor Stand,Accessories,Central,3,2000,0.05,Net Banking
ORD02679,11-Oct-25,CUST0124,P020,Monitor Stand,Accessories,Central,3,2000,0.01,Net Banking
ORD02699,16-Sep-25,CUST0864,P020,Monitor Stand,Accessories,Central,3,2000,0.13,Net Banking
ORD02719,22-Aug-25,CUST0604,P020,Monitor Stand,Accessories,Central,3,2000,0.09,Net Banking
ORD02739,28-Jul-25,CUST0344,P020,Monitor Stand,Accessories,Central,3,2000,0.05,Net Banking
ORD02759,03-Jul-25,CUST0084,P020,Monitor Stand,Accessories,Central,3,2000,0.01,Net Banking
ORD02779,08-Jun-25,CUST0824,P020,Monitor Stand,Accessories,Central,3,2000,0.13,Net Banking
ORD02799,14-May-25,CUST0564,P020,Monitor Stand,Accessories,Central,3,2000,0.09,Net Banking
ORD02819,19-Apr-25,CUST0304,P020,Monitor Stand,Accessories,Central,3,2000,0.05,Net Banking
ORD02839,25-Mar-25,CUST0044,P020,Monitor Stand,Accessories,Central,3,2000,0.01,Net Banking
ORD02859,28-Feb-25,CUST0784,P020,Monitor Stand,Accessories,Central,3,2000,0.13,Net Banking
ORD02879,03-Feb-25,CUST0524,P020,Monitor Stand,Accessories,Central,3,2000,0.09,Net Banking
ORD02899,09-Jan-25,CUST0264,P020,Monitor Stand,Accessories,Central,3,2000,0.05,Net Banking
ORD02919,15-Dec-25,CUST0004,P020,Monitor Stand,Accessories,Central,3,2000,0.01,Net Banking
ORD02939,20-Nov-25,CUST0744,P020,Monitor Stand,Accessories,Central,3,2000,0.13,Net Banking
ORD02959,26-Oct-25,CUST0484,P020,Monitor Stand,Accessories,Central,3,2000,0.09,Net Banking
ORD02979,01-Oct-25,CUST0224,P020,Monitor Stand,Accessories,Central,3,2000,0.05,Net Banking
ORD02999,06-Sep-25,CUST0964,P020,Monitor Stand,Accessories,Central,3,2000,0.01,Net Banking
ORD03019,12-Aug-25,CUST0704,P020,Monitor Stand,Accessories,Central,3,2000,0.13,Net Banking
ORD03039,18-Jul-25,CUST0444,P020,Monitor Stand,Accessories,Central,3,2000,0.09,Net Banking
ORD03059,23-Jun-25,CUST0184,P020,Monitor Stand,Accessories,Central,3,2000,0.05,Net Banking
ORD03079,29-May-25,CUST0924,P020,Monitor Stand,Accessories,Central,3,2000,0.01,Net Banking
ORD03099,04-May-25,CUST0664,P020,Monitor Stand,Accessories,Central,3,2000,0.13,Net Banking
ORD03119,09-Apr-25,CUST0404,P020,Monitor Stand,Accessories,Central,3,2000,0.09,Net Banking
ORD03139,15-Mar-25,CUST0144,P020,Monitor Stand,Accessories,Central,3,2000,0.05,Net Banking
ORD03159,18-Feb-25,CUST0884,P020,Monitor Stand,Accessories,Central,3,2000,0.01,Net Banking
ORD03179,24-Jan-25,CUST0624,P020,Monitor Stand,Accessories,Central,3,2000,0.13,Net Banking
ORD03199,30-Dec-25,CUST0364,P020,Monitor Stand,Accessories,Central,3,2000,0.09,Net Banking
ORD03219,05-Dec-25,CUST0104,P020,Monitor Stand,Accessories,Central,3,2000,0.05,Net Banking
ORD03239,10-Nov-25,CUST0844,P020,Monitor Stand,Accessories,Central,3,2000,0.01,Net Banking
ORD03259,16-Oct-25,CUST0584,P020,Monitor Stand,Accessories,Central,3,2000,0.13,Net Banking
ORD03279,21-Sep-25,CUST0324,P020,Monitor Stand,Accessories,Central,3,2000,0.09,Net Banking
ORD03299,27-Aug-25,CUST0064,P020,Monitor Stand,Accessories,Central,3,2000,0.05,Net Banking
ORD03319,02-Aug-25,CUST0804,P020,Monitor Stand,Accessories,Central,3,2000,0.01,Net Banking
ORD03339,08-Jul-25,CUST0544,P020,Monitor Stand,Accessories,Central,3,2000,0.13,Net Banking
ORD03359,13-Jun-25,CUST0284,P020,Monitor Stand,Accessories,Central,3,2000,0.09,Net Banking
ORD03379,19-May-25,CUST0024,P020,Monitor Stand,Accessories,Central,3,2000,0.05,Net Banking
ORD03399,24-Apr-25,CUST0764,P020,Monitor Stand,Accessories,Central,3,2000,0.01,Net Banking
ORD03419,30-Mar-25,CUST0504,P020,Monitor Stand,Accessories,Central,3,2000,0.13,Net Banking
ORD03439,05-Mar-25,CUST0244,P020,Monitor Stand,Accessories,Central,3,2000,0.09,Net Banking
ORD03459,08-Feb-25,CUST0984,P020,Monitor Stand,Accessories,Central,3,2000,0.05,Net Banking
ORD03479,14-Jan-25,CUST0724,P020,Monitor Stand,Accessories,Central,3,2000,0.01,Net Banking
ORD03499,20-Dec-25,CUST0464,P020,Monitor Stand,Accessories,Central,3,2000,0.13,Net Banking
ORD03519,25-Nov-25,CUST0204,P020,Monitor Stand,Accessories,Central,3,2000,0.09,Net Banking
ORD03539,31-Oct-25,CUST0944,P020,Monitor Stand,Accessories,Central,3,2000,0.05,Net Banking
ORD03559,06-Oct-25,CUST0684,P020,Monitor Stand,Accessories,Central,3,2000,0.01,Net Banking
ORD03579,11-Sep-25,CUST0424,P020,Monitor Stand,Accessories,Central,3,2000,0.13,Net Banking
ORD03599,17-Aug-25,CUST0164,P020,Monitor Stand,Accessories,Central,3,2000,0.09,Net Banking
ORD03619,23-Jul-25,CUST0904,P020,Monitor Stand,Accessories,Central,3,2000,0.05,Net Banking
ORD03639,28-Jun-25,CUST0644,P020,Monitor Stand,Accessories,Central,3,2000,0.01,Net Banking
ORD03659,03-Jun-25,CUST0384,P020,Monitor Stand,Accessories,Central,3,2000,0.13,Net Banking
ORD03679,09-May-25,CUST0124,P020,Monitor Stand,Accessories,Central,3,2000,0.09,Net Banking
ORD03699,14-Apr-25,CUST0864,P020,Monitor Stand,Accessories,Central,3,2000,0.05,Net Banking
ORD03719,20-Mar-25,CUST0604,P020,Monitor Stand,Accessories,Central,3,2000,0.01,Net Banking
ORD03739,23-Feb-25,CUST0344,P020,Monitor Stand,Accessories,Central,3,2000,0.13,Net Banking
ORD03759,29-Jan-25,CUST0084,P020,Monitor Stand,Accessories,Central,3,2000,0.09,Net Banking
ORD03779,04-Jan-25,CUST0824,P020,Monitor Stand,Accessories,Central,3,2000,0.05,Net Banking
ORD03799,10-Dec-25,CUST0564,P020,Monitor Stand,Accessories,Central,3,2000,0.01,Net Banking
ORD03819,15-Nov-25,CUST0304,P020,Monitor Stand,Accessories,Central,3,2000,0.13,Net Banking
ORD03839,21-Oct-25,CUST0044,P020,Monitor Stand,Accessories,Central,3,2000,0.09,Net Banking
ORD03859,26-Sep-25,CUST0784,P020,Monitor Stand,Accessories,Central,3,2000,0.05,Net Banking
ORD03879,01-Sep-25,CUST0524,P020,Monitor Stand,Accessories,Central,3,2000,0.01,Net Banking
ORD03899,07-Aug-25,CUST0264,P020,Monitor Stand,Accessories,Central,3,2000,0.13,Net Banking
ORD03919,13-Jul-25,CUST0004,P020,Monitor Stand,Accessories,Central,3,2000,0.09,Net Banking
ORD03939,18-Jun-25,CUST0744,P020,Monitor Stand,Accessories,Central,3,2000,0.05,Net Banking
ORD03959,24-May-25,CUST0484,P020,Monitor Stand,Accessories,Central,3,2000,0.01,Net Banking
ORD03979,29-Apr-25,CUST0224,P020,Monitor Stand,Accessories,Central,3,2000,0.13,Net Banking
ORD03999,04-Apr-25,CUST0964,P020,Monitor Stand,Accessories,Central,3,2000,0.09,Net Banking
ORD04019,10-Mar-25,CUST0704,P020,Monitor Stand,Accessories,Central,3,2000,0.05,Net Banking
ORD04039,13-Feb-25,CUST0444,P020,Monitor Stand,Accessories,Central,3,2000,0.01,Net Banking
ORD04059,19-Jan-25,CUST0184,P020,Monitor Stand,Accessories,Central,3,2000,0.13,Net Banking
ORD04079,25-Dec-25,CUST0924,P020,Monitor Stand,Accessories,Central,3,2000,0.09,Net Banking
ORD04099,30-Nov-25,CUST0664,P020,Monitor Stand,Accessories,Central,3,2000,0.05,Net Banking
ORD04119,05-Nov-25,CUST0404,P020,Monitor Stand,Accessories,Central,3,2000,0.01,Net Banking
ORD04139,11-Oct-25,CUST0144,P020,Monitor Stand,Accessories,Central,3,2000,0.13,Net Banking
ORD04159,16-Sep-25,CUST0884,P020,Monitor Stand,Accessories,Central,3,2000,0.09,Net Banking
ORD04179,22-Aug-25,CUST0624,P020,Monitor Stand,Accessories,Central,3,2000,0.05,Net Banking
ORD04199,28-Jul-25,CUST0364,P020,Monitor Stand,Accessories,Central,3,2000,0.01,Net Banking
ORD04219,03-Jul-25,CUST0104,P020,Monitor Stand,Accessories,Central,3,2000,0.13,Net Banking
ORD04239,08-Jun-25,CUST0844,P020,Monitor Stand,Accessories,Central,3,2000,0.09,Net Banking
ORD04259,14-May-25,CUST0584,P020,Monitor Stand,Accessories,Central,3,2000,0.05,Net Banking
ORD04279,19-Apr-25,CUST0324,P020,Monitor Stand,Accessories,Central,3,2000,0.01,Net Banking
ORD04299,25-Mar-25,CUST0064,P020,Monitor Stand,Accessories,Central,3,2000,0.13,Net Banking
ORD04319,28-Feb-25,CUST0804,P020,Monitor Stand,Accessories,Central,3,2000,0.09,Net Banking
ORD04339,03-Feb-25,CUST0544,P020,Monitor Stand,Accessories,Central,3,2000,0.05,Net Banking
ORD04359,09-Jan-25,CUST0284,P020,Monitor Stand,Accessories,Central,3,2000,0.01,Net Banking
ORD04379,15-Dec-25,CUST0024,P020,Monitor Stand,Accessories,Central,3,2000,0.13,Net Banking
ORD04399,20-Nov-25,CUST0764,P020,Monitor Stand,Accessories,Central,3,2000,0.09,Net Banking
ORD04419,26-Oct-25,CUST0504,P020,Monitor Stand,Accessories,Central,3,2000,0.05,Net Banking
ORD04439,01-Oct-25,CUST0244,P020,Monitor Stand,Accessories,Central,3,2000,0.01,Net Banking
ORD04459,06-Sep-25,CUST0984,P020,Monitor Stand,Accessories,Central,3,2000,0.13,Net Banking
ORD04479,12-Aug-25,CUST0724,P020,Monitor Stand,Accessories,Central,3,2000,0.09,Net Banking
ORD04499,18-Jul-25,CUST0464,P020,Monitor Stand,Accessories,Central,3,2000,0.05,Net Banking
ORD04519,23-Jun-25,CUST0204,P020,Monitor Stand,Accessories,Central,3,2000,0.01,Net Banking
ORD04539,29-May-25,CUST0944,P020,Monitor Stand,Accessories,Central,3,2000,0.13,Net Banking
ORD04559,04-May-25,CUST0684,P020,Monitor Stand,Accessories,Central,3,2000,0.09,Net Banking
ORD04579,09-Apr-25,CUST0424,P020,Monitor Stand,Accessories,Central,3,2000,0.05,Net Banking
ORD04599,15-Mar-25,CUST0164,P020,Monitor Stand,Accessories,Central,3,2000,0.01,Net Banking
ORD04619,18-Feb-25,CUST0904,P020,Monitor Stand,Accessories,Central,3,2000,0.13,Net Banking
ORD04639,24-Jan-25,CUST0644,P020,Monitor Stand,Accessories,Central,3,2000,0.09,Net Banking
ORD04659,30-Dec-25,CUST0384,P020,Monitor Stand,Accessories,Central,3,2000,0.05,Net Banking
ORD04679,05-Dec-25,CUST0124,P020,Monitor Stand,Accessories,Central,3,2000,0.01,Net Banking
ORD04699,10-Nov-25,CUST0864,P020,Monitor Stand,Accessories,Central,3,2000,0.13,Net Banking
ORD04719,16-Oct-25,CUST0604,P020,Monitor Stand,Accessories,Central,3,2000,0.09,Net Banking
ORD04739,21-Sep-25,CUST0344,P020,Monitor Stand,Accessories,Central,3,2000,0.05,Net Banking
ORD04759,27-Aug-25,CUST0084,P020,Monitor Stand,Accessories,Central,3,2000,0.01,Net Banking
ORD04779,02-Aug-25,CUST0824,P020,Monitor Stand,Accessories,Central,3,2000,0.13,Net Banking
ORD04799,08-Jul-25,CUST0564,P020,Monitor Stand,Accessories,Central,3,2000,0.09,Net Banking
ORD04819,13-Jun-25,CUST0304,P020,Monitor Stand,Accessories,Central,3,2000,0.05,Net Banking
ORD04839,19-May-25,CUST0044,P020,Monitor Stand,Accessories,Central,3,2000,0.01,Net Banking
ORD04859,24-Apr-25,CUST0784,P020,Monitor Stand,Accessories,Central,3,2000,0.13,Net Banking
ORD04879,30-Mar-25,CUST0524,P020,Monitor Stand,Accessories,Central,3,2000,0.09,Net Banking
ORD04899,05-Mar-25,CUST0264,P020,Monitor Stand,Accessories,Central,3,2000,0.05,Net Banking
ORD04919,08-Feb-25,CUST0004,P020,Monitor Stand,Accessories,Central,3,2000,0.01,Net Banking
ORD04939,14-Jan-25,CUST0744,P020,Monitor Stand,Accessories,Central,3,2000,0.13,Net Banking
ORD04959,20-Dec-25,CUST0484,P020,Monitor Stand,Accessories,Central,3,2000,0.09,Net Banking
ORD04979,25-Nov-25,CUST0224,P020,Monitor Stand,Accessories,Central,3,2000,0.05,Net Banking
ORD04999,31-Oct-25,CUST0964,P020,Monitor Stand,Accessories,Central,3,2000,0.01,Net Banking
ORD00017,17-Oct-25,CUST0630,P018,Graphics Tablet,Accessories,West,2,6000,0.07,Card
ORD00037,22-Sep-25,CUST0370,P018,Graphics Tablet,Accessories,West,2,6000,0.03,Card
ORD00057,28-Aug-25,CUST0110,P018,Graphics Tablet,Accessories,West,2,6000,0.15,Card
ORD00077,03-Aug-25,CUST0850,P018,Graphics Tablet,Accessories,West,2,6000,0.11,Card
ORD00097,09-Jul-25,CUST0590,P018,Graphics Tablet,Accessories,West,2,6000,0.07,Card
ORD00117,14-Jun-25,CUST0330,P018,Graphics Tablet,Accessories,West,2,6000,0.03,Card
ORD00137,20-May-25,CUST0070,P018,Graphics Tablet,Accessories,West,2,6000,0.15,Card
ORD00157,25-Apr-25,CUST0810,P018,Graphics Tablet,Accessories,West,2,6000,0.11,Card
ORD00177,31-Mar-25,CUST0550,P018,Graphics Tablet,Accessories,West,2,6000,0.07,Card
ORD00197,06-Mar-25,CUST0290,P018,Graphics Tablet,Accessories,West,2,6000,0.03,Card
ORD00217,09-Feb-25,CUST0030,P018,Graphics Tablet,Accessories,West,2,6000,0.15,Card
ORD00237,15-Jan-25,CUST0770,P018,Graphics Tablet,Accessories,West,2,6000,0.11,Card
ORD00257,21-Dec-25,CUST0510,P018,Graphics Tablet,Accessories,West,2,6000,0.07,Card
ORD00277,26-Nov-25,CUST0250,P018,Graphics Tablet,Accessories,West,2,6000,0.03,Card
ORD00297,01-Nov-25,CUST0990,P018,Graphics Tablet,Accessories,West,2,6000,0.15,Card
ORD00317,07-Oct-25,CUST0730,P018,Graphics Tablet,Accessories,West,2,6000,0.11,Card
ORD00337,12-Sep-25,CUST0470,P018,Graphics Tablet,Accessories,West,2,6000,0.07,Card
ORD00357,18-Aug-25,CUST0210,P018,Graphics Tablet,Accessories,West,2,6000,0.03,Card
ORD00377,24-Jul-25,CUST0950,P018,Graphics Tablet,Accessories,West,2,6000,0.15,Card
ORD00397,29-Jun-25,CUST0690,P018,Graphics Tablet,Accessories,West,2,6000,0.11,Card
ORD00417,04-Jun-25,CUST0430,P018,Graphics Tablet,Accessories,West,2,6000,0.07,Card
ORD00437,10-May-25,CUST0170,P018,Graphics Tablet,Accessories,West,2,6000,0.03,Card
ORD00457,15-Apr-25,CUST0910,P018,Graphics Tablet,Accessories,West,2,6000,0.15,Card
ORD00477,21-Mar-25,CUST0650,P018,Graphics Tablet,Accessories,West,2,6000,0.11,Card
ORD00497,24-Feb-25,CUST0390,P018,Graphics Tablet,Accessories,West,2,6000,0.07,Card
ORD00517,30-Jan-25,CUST0130,P018,Graphics Tablet,Accessories,West,2,6000,0.03,Card
ORD00537,05-Jan-25,CUST0870,P018,Graphics Tablet,Accessories,West,2,6000,0.15,Card
ORD00557,11-Dec-25,CUST0610,P018,Graphics Tablet,Accessories,West,2,6000,0.11,Card
ORD00577,16-Nov-25,CUST0350,P018,Graphics Tablet,Accessories,West,2,6000,0.07,Card
ORD00597,22-Oct-25,CUST0090,P018,Graphics Tablet,Accessories,West,2,6000,0.03,Card
ORD00617,27-Sep-25,CUST0830,P018,Graphics Tablet,Accessories,West,2,6000,0.15,Card
ORD00637,02-Sep-25,CUST0570,P018,Graphics Tablet,Accessories,West,2,6000,0.11,Card
ORD00657,08-Aug-25,CUST0310,P018,Graphics Tablet,Accessories,West,2,6000,0.07,Card
ORD00677,14-Jul-25,CUST0050,P018,Graphics Tablet,Accessories,West,2,6000,0.03,Card
ORD00697,19-Jun-25,CUST0790,P018,Graphics Tablet,Accessories,West,2,6000,0.15,Card
ORD00717,25-May-25,CUST0530,P018,Graphics Tablet,Accessories,West,2,6000,0.11,Card
ORD00737,30-Apr-25,CUST0270,P018,Graphics Tablet,Accessories,West,2,6000,0.07,Card
ORD00757,05-Apr-25,CUST0010,P018,Graphics Tablet,Accessories,West,2,6000,0.03,Card
ORD00777,11-Mar-25,CUST0750,P018,Graphics Tablet,Accessories,West,2,6000,0.15,Card
ORD00797,14-Feb-25,CUST0490,P018,Graphics Tablet,Accessories,West,2,6000,0.11,Card
ORD00817,20-Jan-25,CUST0230,P018,Graphics Tablet,Accessories,West,2,6000,0.07,Card
ORD00837,26-Dec-25,CUST0970,P018,Graphics Tablet,Accessories,West,2,6000,0.03,Card
ORD00857,01-Dec-25,CUST0710,P018,Graphics Tablet,Accessories,West,2,6000,0.15,Card
ORD00877,06-Nov-25,CUST0450,P018,Graphics Tablet,Accessories,West,2,6000,0.11,Card
ORD00897,12-Oct-25,CUST0190,P018,Graphics Tablet,Accessories,West,2,6000,0.07,Card
ORD00917,17-Sep-25,CUST0930,P018,Graphics Tablet,Accessories,West,2,6000,0.03,Card
ORD00937,23-Aug-25,CUST0670,P018,Graphics Tablet,Accessories,West,2,6000,0.15,Card
ORD00957,29-Jul-25,CUST0410,P018,Graphics Tablet,Accessories,West,2,6000,0.11,Card
ORD00977,04-Jul-25,CUST0150,P018,Graphics Tablet,Accessories,West,2,6000,0.07,Card
ORD00997,09-Jun-25,CUST0890,P018,Graphics Tablet,Accessories,West,2,6000,0.03,Card
ORD01017,15-May-25,CUST0630,P018,Graphics Tablet,Accessories,West,2,6000,0.15,Card
ORD01037,20-Apr-25,CUST0370,P018,Graphics Tablet,Accessories,West,2,6000,0.11,Card
ORD01057,26-Mar-25,CUST0110,P018,Graphics Tablet,Accessories,West,2,6000,0.07,Card
ORD01077,01-Mar-25,CUST0850,P018,Graphics Tablet,Accessories,West,2,6000,0.03,Card
ORD01097,04-Feb-25,CUST0590,P018,Graphics Tablet,Accessories,West,2,6000,0.15,Card
ORD01117,10-Jan-25,CUST0330,P018,Graphics Tablet,Accessories,West,2,6000,0.11,Card
ORD01137,16-Dec-25,CUST0070,P018,Graphics Tablet,Accessories,West,2,6000,0.07,Card
ORD01157,21-Nov-25,CUST0810,P018,Graphics Tablet,Accessories,West,2,6000,0.03,Card
ORD01177,27-Oct-25,CUST0550,P018,Graphics Tablet,Accessories,West,2,6000,0.15,Card
ORD01197,02-Oct-25,CUST0290,P018,Graphics Tablet,Accessories,West,2,6000,0.11,Card
ORD01217,07-Sep-25,CUST0030,P018,Graphics Tablet,Accessories,West,2,6000,0.07,Card
ORD01237,13-Aug-25,CUST0770,P018,Graphics Tablet,Accessories,West,2,6000,0.03,Card
ORD01257,19-Jul-25,CUST0510,P018,Graphics Tablet,Accessories,West,2,6000,0.15,Card
ORD01277,24-Jun-25,CUST0250,P018,Graphics Tablet,Accessories,West,2,6000,0.11,Card
ORD01297,30-May-25,CUST0990,P018,Graphics Tablet,Accessories,West,2,6000,0.07,Card
ORD01317,05-May-25,CUST0730,P018,Graphics Tablet,Accessories,West,2,6000,0.03,Card
ORD01337,10-Apr-25,CUST0470,P018,Graphics Tablet,Accessories,West,2,6000,0.15,Card
ORD01357,16-Mar-25,CUST0210,P018,Graphics Tablet,Accessories,West,2,6000,0.11,Card
ORD01377,19-Feb-25,CUST0950,P018,Graphics Tablet,Accessories,West,2,6000,0.07,Card
ORD01397,25-Jan-25,CUST0690,P018,Graphics Tablet,Accessories,West,2,6000,0.03,Card
ORD01417,31-Dec-25,CUST0430,P018,Graphics Tablet,Accessories,West,2,6000,0.15,Card
ORD01437,06-Dec-25,CUST0170,P018,Graphics Tablet,Accessories,West,2,6000,0.11,Card
ORD01457,11-Nov-25,CUST0910,P018,Graphics Tablet,Accessories,West,2,6000,0.07,Card
ORD01477,17-Oct-25,CUST0650,P018,Graphics Tablet,Accessories,West,2,6000,0.03,Card
ORD01497,22-Sep-25,CUST0390,P018,Graphics Tablet,Accessories,West,2,6000,0.15,Card
ORD01517,28-Aug-25,CUST0130,P018,Graphics Tablet,Accessories,West,2,6000,0.11,Card
ORD01537,03-Aug-25,CUST0870,P018,Graphics Tablet,Accessories,West,2,6000,0.07,Card
ORD01557,09-Jul-25,CUST0610,P018,Graphics Tablet,Accessories,West,2,6000,0.03,Card
ORD01577,14-Jun-25,CUST0350,P018,Graphics Tablet,Accessories,West,2,6000,0.15,Card
ORD01597,20-May-25,CUST0090,P018,Graphics Tablet,Accessories,West,2,6000,0.11,Card
ORD01617,25-Apr-25,CUST0830,P018,Graphics Tablet,Accessories,West,2,6000,0.07,Card
ORD01637,31-Mar-25,CUST0570,P018,Graphics Tablet,Accessories,West,2,6000,0.03,Card
ORD01657,06-Mar-25,CUST0310,P018,Graphics Tablet,Accessories,West,2,6000,0.15,Card
ORD01677,09-Feb-25,CUST0050,P018,Graphics Tablet,Accessories,West,2,6000,0.11,Card
ORD01697,15-Jan-25,CUST0790,P018,Graphics Tablet,Accessories,West,2,6000,0.07,Card
ORD01717,21-Dec-25,CUST0530,P018,Graphics Tablet,Accessories,West,2,6000,0.03,Card
ORD01737,26-Nov-25,CUST0270,P018,Graphics Tablet,Accessories,West,2,6000,0.15,Card
ORD01757,01-Nov-25,CUST0010,P018,Graphics Tablet,Accessories,West,2,6000,0.11,Card
ORD01777,07-Oct-25,CUST0750,P018,Graphics Tablet,Accessories,West,2,6000,0.07,Card
ORD01797,12-Sep-25,CUST0490,P018,Graphics Tablet,Accessories,West,2,6000,0.03,Card
ORD01817,18-Aug-25,CUST0230,P018,Graphics Tablet,Accessories,West,2,6000,0.15,Card
ORD01837,24-Jul-25,CUST0970,P018,Graphics Tablet,Accessories,West,2,6000,0.11,Card
ORD01857,29-Jun-25,CUST0710,P018,Graphics Tablet,Accessories,West,2,6000,0.07,Card
ORD01877,04-Jun-25,CUST0450,P018,Graphics Tablet,Accessories,West,2,6000,0.03,Card
ORD01897,10-May-25,CUST0190,P018,Graphics Tablet,Accessories,West,2,6000,0.15,Card
ORD01917,15-Apr-25,CUST0930,P018,Graphics Tablet,Accessories,West,2,6000,0.11,Card
ORD01937,21-Mar-25,CUST0670,P018,Graphics Tablet,Accessories,West,2,6000,0.07,Card
ORD01957,24-Feb-25,CUST0410,P018,Graphics Tablet,Accessories,West,2,6000,0.03,Card
ORD01977,30-Jan-25,CUST0150,P018,Graphics Tablet,Accessories,West,2,6000,0.15,Card
ORD01997,05-Jan-25,CUST0890,P018,Graphics Tablet,Accessories,West,2,6000,0.11,Card
ORD02017,11-Dec-25,CUST0630,P018,Graphics Tablet,Accessories,West,2,6000,0.07,Card
ORD02037,16-Nov-25,CUST0370,P018,Graphics Tablet,Accessories,West,2,6000,0.03,Card
ORD02057,22-Oct-25,CUST0110,P018,Graphics Tablet,Accessories,West,2,6000,0.15,Card
ORD02077,27-Sep-25,CUST0850,P018,Graphics Tablet,Accessories,West,2,6000,0.11,Card
ORD02097,02-Sep-25,CUST0590,P018,Graphics Tablet,Accessories,West,2,6000,0.07,Card
ORD02117,08-Aug-25,CUST0330,P018,Graphics Tablet,Accessories,West,2,6000,0.03,Card
ORD02137,14-Jul-25,CUST0070,P018,Graphics Tablet,Accessories,West,2,6000,0.15,Card
ORD02157,19-Jun-25,CUST0810,P018,Graphics Tablet,Accessories,West,2,6000,0.11,Card
ORD02177,25-May-25,CUST0550,P018,Graphics Tablet,Accessories,West,2,6000,0.07,Card
ORD02197,30-Apr-25,CUST0290,P018,Graphics Tablet,Accessories,West,2,6000,0.03,Card
ORD02217,05-Apr-25,CUST0030,P018,Graphics Tablet,Accessories,West,2,6000,0.15,Card
ORD02237,11-Mar-25,CUST0770,P018,Graphics Tablet,Accessories,West,2,6000,0.11,Card
ORD02257,14-Feb-25,CUST0510,P018,Graphics Tablet,Accessories,West,2,6000,0.07,Card
ORD02277,20-Jan-25,CUST0250,P018,Graphics Tablet,Accessories,West,2,6000,0.03,Card
ORD02297,26-Dec-25,CUST0990,P018,Graphics Tablet,Accessories,West,2,6000,0.15,Card
ORD02317,01-Dec-25,CUST0730,P018,Graphics Tablet,Accessories,West,2,6000,0.11,Card
ORD02337,06-Nov-25,CUST0470,P018,Graphics Tablet,Accessories,West,2,6000,0.07,Card
ORD02357,12-Oct-25,CUST0210,P018,Graphics Tablet,Accessories,West,2,6000,0.03,Card
ORD02377,17-Sep-25,CUST0950,P018,Graphics Tablet,Accessories,West,2,6000,0.15,Card
ORD02397,23-Aug-25,CUST0690,P018,Graphics Tablet,Accessories,West,2,6000,0.11,Card
ORD02417,29-Jul-25,CUST0430,P018,Graphics Tablet,Accessories,West,2,6000,0.07,Card
ORD02437,04-Jul-25,CUST0170,P018,Graphics Tablet,Accessories,West,2,6000,0.03,Card
ORD02457,09-Jun-25,CUST0910,P018,Graphics Tablet,Accessories,West,2,6000,0.15,Card
ORD02477,15-May-25,CUST0650,P018,Graphics Tablet,Accessories,West,2,6000,0.11,Card
ORD02497,20-Apr-25,CUST0390,P018,Graphics Tablet,Accessories,West,2,6000,0.07,Card
ORD02517,26-Mar-25,CUST0130,P018,Graphics Tablet,Accessories,West,2,6000,0.03,Card
ORD02537,01-Mar-25,CUST0870,P018,Graphics Tablet,Accessories,West,2,6000,0.15,Card
ORD02557,04-Feb-25,CUST0610,P018,Graphics Tablet,Accessories,West,2,6000,0.11,Card
ORD02577,10-Jan-25,CUST0350,P018,Graphics Tablet,Accessories,West,2,6000,0.07,Card
ORD02597,16-Dec-25,CUST0090,P018,Graphics Tablet,Accessories,West,2,6000,0.03,Card
ORD02617,21-Nov-25,CUST0830,P018,Graphics Tablet,Accessories,West,2,6000,0.15,Card
ORD02637,27-Oct-25,CUST0570,P018,Graphics Tablet,Accessories,West,2,6000,0.11,Card
ORD02657,02-Oct-25,CUST0310,P018,Graphics Tablet,Accessories,West,2,6000,0.07,Card
ORD02677,07-Sep-25,CUST0050,P018,Graphics Tablet,Accessories,West,2,6000,0.03,Card
ORD02697,13-Aug-25,CUST0790,P018,Graphics Tablet,Accessories,West,2,6000,0.15,Card
ORD02717,19-Jul-25,CUST0530,P018,Graphics Tablet,Accessories,West,2,6000,0.11,Card
ORD02737,24-Jun-25,CUST0270,P018,Graphics Tablet,Accessories,West,2,6000,0.07,Card
ORD02757,30-May-25,CUST0010,P018,Graphics Tablet,Accessories,West,2,6000,0.03,Card
ORD02777,05-May-25,CUST0750,P018,Graphics Tablet,Accessories,West,2,6000,0.15,Card
ORD02797,10-Apr-25,CUST0490,P018,Graphics Tablet,Accessories,West,2,6000,0.11,Card
ORD02817,16-Mar-25,CUST0230,P018,Graphics Tablet,Accessories,West,2,6000,0.07,Card
ORD02837,19-Feb-25,CUST0970,P018,Graphics Tablet,Accessories,West,2,6000,0.03,Card
ORD02857,25-Jan-25,CUST0710,P018,Graphics Tablet,Accessories,West,2,6000,0.15,Card
ORD02877,31-Dec-25,CUST0450,P018,Graphics Tablet,Accessories,West,2,6000,0.11,Card
ORD02897,06-Dec-25,CUST0190,P018,Graphics Tablet,Accessories,West,2,6000,0.07,Card
ORD02917,11-Nov-25,CUST0930,P018,Graphics Tablet,Accessories,West,2,6000,0.03,Card
ORD02937,17-Oct-25,CUST0670,P018,Graphics Tablet,Accessories,West,2,6000,0.15,Card
ORD02957,22-Sep-25,CUST0410,P018,Graphics Tablet,Accessories,West,2,6000,0.11,Card
ORD02977,28-Aug-25,CUST0150,P018,Graphics Tablet,Accessories,West,2,6000,0.07,Card
ORD02997,03-Aug-25,CUST0890,P018,Graphics Tablet,Accessories,West,2,6000,0.03,Card
ORD03017,09-Jul-25,CUST0630,P018,Graphics Tablet,Accessories,West,2,6000,0.15,Card
ORD03037,14-Jun-25,CUST0370,P018,Graphics Tablet,Accessories,West,2,6000,0.11,Card
ORD03057,20-May-25,CUST0110,P018,Graphics Tablet,Accessories,West,2,6000,0.07,Card
ORD03077,25-Apr-25,CUST0850,P018,Graphics Tablet,Accessories,West,2,6000,0.03,Card
ORD03097,31-Mar-25,CUST0590,P018,Graphics Tablet,Accessories,West,2,6000,0.15,Card
ORD03117,06-Mar-25,CUST0330,P018,Graphics Tablet,Accessories,West,2,6000,0.11,Card
ORD03137,09-Feb-25,CUST0070,P018,Graphics Tablet,Accessories,West,2,6000,0.07,Card
ORD03157,15-Jan-25,CUST0810,P018,Graphics Tablet,Accessories,West,2,6000,0.03,Card
ORD03177,21-Dec-25,CUST0550,P018,Graphics Tablet,Accessories,West,2,6000,0.15,Card
ORD03197,26-Nov-25,CUST0290,P018,Graphics Tablet,Accessories,West,2,6000,0.11,Card
ORD03217,01-Nov-25,CUST0030,P018,Graphics Tablet,Accessories,West,2,6000,0.07,Card
ORD03237,07-Oct-25,CUST0770,P018,Graphics Tablet,Accessories,West,2,6000,0.03,Card
ORD03257,12-Sep-25,CUST0510,P018,Graphics Tablet,Accessories,West,2,6000,0.15,Card
ORD03277,18-Aug-25,CUST0250,P018,Graphics Tablet,Accessories,West,2,6000,0.11,Card
ORD03297,24-Jul-25,CUST0990,P018,Graphics Tablet,Accessories,West,2,6000,0.07,Card
ORD03317,29-Jun-25,CUST0730,P018,Graphics Tablet,Accessories,West,2,6000,0.03,Card
ORD03337,04-Jun-25,CUST0470,P018,Graphics Tablet,Accessories,West,2,6000,0.15,Card
ORD03357,10-May-25,CUST0210,P018,Graphics Tablet,Accessories,West,2,6000,0.11,Card
ORD03377,15-Apr-25,CUST0950,P018,Graphics Tablet,Accessories,West,2,6000,0.07,Card
ORD03397,21-Mar-25,CUST0690,P018,Graphics Tablet,Accessories,West,2,6000,0.03,Card
ORD03417,24-Feb-25,CUST0430,P018,Graphics Tablet,Accessories,West,2,6000,0.15,Card
ORD03437,30-Jan-25,CUST0170,P018,Graphics Tablet,Accessories,West,2,6000,0.11,Card
ORD03457,05-Jan-25,CUST0910,P018,Graphics Tablet,Accessories,West,2,6000,0.07,Card
ORD03477,11-Dec-25,CUST0650,P018,Graphics Tablet,Accessories,West,2,6000,0.03,Card
ORD03497,16-Nov-25,CUST0390,P018,Graphics Tablet,Accessories,West,2,6000,0.15,Card
ORD03517,22-Oct-25,CUST0130,P018,Graphics Tablet,Accessories,West,2,6000,0.11,Card
ORD03537,27-Sep-25,CUST0870,P018,Graphics Tablet,Accessories,West,2,6000,0.07,Card
ORD03557,02-Sep-25,CUST0610,P018,Graphics Tablet,Accessories,West,2,6000,0.03,Card
ORD03577,08-Aug-25,CUST0350,P018,Graphics Tablet,Accessories,West,2,6000,0.15,Card
ORD03597,14-Jul-25,CUST0090,P018,Graphics Tablet,Accessories,West,2,6000,0.11,Card
ORD03617,19-Jun-25,CUST0830,P018,Graphics Tablet,Accessories,West,2,6000,0.07,Card
ORD03637,25-May-25,CUST0570,P018,Graphics Tablet,Accessories,West,2,6000,0.03,Card
ORD03657,30-Apr-25,CUST0310,P018,Graphics Tablet,Accessories,West,2,6000,0.15,Card
ORD03677,05-Apr-25,CUST0050,P018,Graphics Tablet,Accessories,West,2,6000,0.11,Card
ORD03697,11-Mar-25,CUST0790,P018,Graphics Tablet,Accessories,West,2,6000,0.07,Card
ORD03717,14-Feb-25,CUST0530,P018,Graphics Tablet,Accessories,West,2,6000,0.03,Card
ORD03737,20-Jan-25,CUST0270,P018,Graphics Tablet,Accessories,West,2,6000,0.15,Card
ORD03757,26-Dec-25,CUST0010,P018,Graphics Tablet,Accessories,West,2,6000,0.11,Card
ORD03777,01-Dec-25,CUST0750,P018,Graphics Tablet,Accessories,West,2,6000,0.07,Card
ORD03797,06-Nov-25,CUST0490,P018,Graphics Tablet,Accessories,West,2,6000,0.03,Card
ORD03817,12-Oct-25,CUST0230,P018,Graphics Tablet,Accessories,West,2,6000,0.15,Card
ORD03837,17-Sep-25,CUST0970,P018,Graphics Tablet,Accessories,West,2,6000,0.11,Card
ORD03857,23-Aug-25,CUST0710,P018,Graphics Tablet,Accessories,West,2,6000,0.07,Card
ORD03877,29-Jul-25,CUST0450,P018,Graphics Tablet,Accessories,West,2,6000,0.03,Card
ORD03897,04-Jul-25,CUST0190,P018,Graphics Tablet,Accessories,West,2,6000,0.15,Card
ORD03917,09-Jun-25,CUST0930,P018,Graphics Tablet,Accessories,West,2,6000,0.11,Card
ORD03937,15-May-25,CUST0670,P018,Graphics Tablet,Accessories,West,2,6000,0.07,Card
ORD03957,20-Apr-25,CUST0410,P018,Graphics Tablet,Accessories,West,2,6000,0.03,Card
ORD03977,26-Mar-25,CUST0150,P018,Graphics Tablet,Accessories,West,2,6000,0.15,Card
ORD03997,01-Mar-25,CUST0890,P018,Graphics Tablet,Accessories,West,2,6000,0.11,Card
ORD04017,04-Feb-25,CUST0630,P018,Graphics Tablet,Accessories,West,2,6000,0.07,Card
ORD04037,10-Jan-25,CUST0370,P018,Graphics Tablet,Accessories,West,2,6000,0.03,Card
ORD04057,16-Dec-25,CUST0110,P018,Graphics Tablet,Accessories,West,2,6000,0.15,Card
ORD04077,21-Nov-25,CUST0850,P018,Graphics Tablet,Accessories,West,2,6000,0.11,Card
ORD04097,27-Oct-25,CUST0590,P018,Graphics Tablet,Accessories,West,2,6000,0.07,Card
ORD04117,02-Oct-25,CUST0330,P018,Graphics Tablet,Accessories,West,2,6000,0.03,Card
ORD04137,07-Sep-25,CUST0070,P018,Graphics Tablet,Accessories,West,2,6000,0.15,Card
ORD04157,13-Aug-25,CUST0810,P018,Graphics Tablet,Accessories,West,2,6000,0.11,Card
ORD04177,19-Jul-25,CUST0550,P018,Graphics Tablet,Accessories,West,2,6000,0.07,Card
ORD04197,24-Jun-25,CUST0290,P018,Graphics Tablet,Accessories,West,2,6000,0.03,Card
ORD04217,30-May-25,CUST0030,P018,Graphics Tablet,Accessories,West,2,6000,0.15,Card
ORD04237,05-May-25,CUST0770,P018,Graphics Tablet,Accessories,West,2,6000,0.11,Card
ORD04257,10-Apr-25,CUST0510,P018,Graphics Tablet,Accessories,West,2,6000,0.07,Card
ORD04277,16-Mar-25,CUST0250,P018,Graphics Tablet,Accessories,West,2,6000,0.03,Card
ORD04297,19-Feb-25,CUST0990,P018,Graphics Tablet,Accessories,West,2,6000,0.15,Card
ORD04317,25-Jan-25,CUST0730,P018,Graphics Tablet,Accessories,West,2,6000,0.11,Card
ORD04337,31-Dec-25,CUST0470,P018,Graphics Tablet,Accessories,West,2,6000,0.07,Card
ORD04357,06-Dec-25,CUST0210,P018,Graphics Tablet,Accessories,West,2,6000,0.03,Card
ORD04377,11-Nov-25,CUST0950,P018,Graphics Tablet,Accessories,West,2,6000,0.15,Card
ORD04397,17-Oct-25,CUST0690,P018,Graphics Tablet,Accessories,West,2,6000,0.11,Card
ORD04417,22-Sep-25,CUST0430,P018,Graphics Tablet,Accessories,West,2,6000,0.07,Card
ORD04437,28-Aug-25,CUST0170,P018,Graphics Tablet,Accessories,West,2,6000,0.03,Card
ORD04457,03-Aug-25,CUST0910,P018,Graphics Tablet,Accessories,West,2,6000,0.15,Card
ORD04477,09-Jul-25,CUST0650,P018,Graphics Tablet,Accessories,West,2,6000,0.11,Card
ORD04497,14-Jun-25,CUST0390,P018,Graphics Tablet,Accessories,West,2,6000,0.07,Card
ORD04517,20-May-25,CUST0130,P018,Graphics Tablet,Accessories,West,2,6000,0.03,Card
ORD04537,25-Apr-25,CUST0870,P018,Graphics Tablet,Accessories,West,2,6000,0.15,Card
ORD04557,31-Mar-25,CUST0610,P018,Graphics Tablet,Accessories,West,2,6000,0.11,Card
ORD04577,06-Mar-25,CUST0350,P018,Graphics Tablet,Accessories,West,2,6000,0.07,Card
ORD04597,09-Feb-25,CUST0090,P018,Graphics Tablet,Accessories,West,2,6000,0.03,Card
ORD04617,15-Jan-25,CUST0830,P018,Graphics Tablet,Accessories,West,2,6000,0.15,Card
ORD04637,21-Dec-25,CUST0570,P018,Graphics Tablet,Accessories,West,2,6000,0.11,Card
ORD04657,26-Nov-25,CUST0310,P018,Graphics Tablet,Accessories,West,2,6000,0.07,Card
ORD04677,01-Nov-25,CUST0050,P018,Graphics Tablet,Accessories,West,2,6000,0.03,Card
ORD04697,07-Oct-25,CUST0790,P018,Graphics Tablet,Accessories,West,2,6000,0.15,Card
ORD04717,12-Sep-25,CUST0530,P018,Graphics Tablet,Accessories,West,2,6000,0.11,Card
ORD04737,18-Aug-25,CUST0270,P018,Graphics Tablet,Accessories,West,2,6000,0.07,Card
ORD04757,24-Jul-25,CUST0010,P018,Graphics Tablet,Accessories,West,2,6000,0.03,Card
ORD04777,29-Jun-25,CUST0750,P018,Graphics Tablet,Accessories,West,2,6000,0.15,Card
ORD04797,04-Jun-25,CUST0490,P018,Graphics Tablet,Accessories,West,2,6000,0.11,Card
ORD04817,10-May-25,CUST0230,P018,Graphics Tablet,Accessories,West,2,6000,0.07,Card
ORD04837,15-Apr-25,CUST0970,P018,Graphics Tablet,Accessories,West,2,6000,0.03,Card
ORD04857,21-Mar-25,CUST0710,P018,Graphics Tablet,Accessories,West,2,6000,0.15,Card
ORD04877,24-Feb-25,CUST0450,P018,Graphics Tablet,Accessories,West,2,6000,0.11,Card
ORD04897,30-Jan-25,CUST0190,P018,Graphics Tablet,Accessories,West,2,6000,0.07,Card
ORD04917,05-Jan-25,CUST0930,P018,Graphics Tablet,Accessories,West,2,6000,0.03,Card
ORD04937,11-Dec-25,CUST0670,P018,Graphics Tablet,Accessories,West,2,6000,0.15,Card
ORD04957,16-Nov-25,CUST0410,P018,Graphics Tablet,Accessories,West,2,6000,0.11,Card
ORD04977,22-Oct-25,CUST0150,P018,Graphics Tablet,Accessories,West,2,6000,0.07,Card
ORD04997,27-Sep-25,CUST0890,P018,Graphics Tablet,Accessories,West,2,6000,0.03,Card
ORD00012,24-Jul-25,CUST0445,P013,Router,Accessories,West,2,3000,0.04,UPI
ORD00032,29-Jun-25,CUST0185,P013,Router,Accessories,West,2,3000,0,UPI
ORD00052,04-Jun-25,CUST0925,P013,Router,Accessories,West,2,3000,0.12,UPI
ORD00072,10-May-25,CUST0665,P013,Router,Accessories,West,2,3000,0.08,UPI
ORD00092,15-Apr-25,CUST0405,P013,Router,Accessories,West,2,3000,0.04,UPI
ORD00112,21-Mar-25,CUST0145,P013,Router,Accessories,West,2,3000,0,UPI
ORD00132,24-Feb-25,CUST0885,P013,Router,Accessories,West,2,3000,0.12,UPI
ORD00152,30-Jan-25,CUST0625,P013,Router,Accessories,West,2,3000,0.08,UPI
ORD00172,05-Jan-25,CUST0365,P013,Router,Accessories,West,2,3000,0.04,UPI
ORD00192,11-Dec-25,CUST0105,P013,Router,Accessories,West,2,3000,0,UPI
ORD00212,16-Nov-25,CUST0845,P013,Router,Accessories,West,2,3000,0.12,UPI
ORD00232,22-Oct-25,CUST0585,P013,Router,Accessories,West,2,3000,0.08,UPI
ORD00252,27-Sep-25,CUST0325,P013,Router,Accessories,West,2,3000,0.04,UPI
ORD00272,02-Sep-25,CUST0065,P013,Router,Accessories,West,2,3000,0,UPI
ORD00292,08-Aug-25,CUST0805,P013,Router,Accessories,West,2,3000,0.12,UPI
ORD00312,14-Jul-25,CUST0545,P013,Router,Accessories,West,2,3000,0.08,UPI
ORD00332,19-Jun-25,CUST0285,P013,Router,Accessories,West,2,3000,0.04,UPI
ORD00352,25-May-25,CUST0025,P013,Router,Accessories,West,2,3000,0,UPI
ORD00372,30-Apr-25,CUST0765,P013,Router,Accessories,West,2,3000,0.12,UPI
ORD00392,05-Apr-25,CUST0505,P013,Router,Accessories,West,2,3000,0.08,UPI
ORD00412,11-Mar-25,CUST0245,P013,Router,Accessories,West,2,3000,0.04,UPI
ORD00432,14-Feb-25,CUST0985,P013,Router,Accessories,West,2,3000,0,UPI
ORD00452,20-Jan-25,CUST0725,P013,Router,Accessories,West,2,3000,0.12,UPI
ORD00472,26-Dec-25,CUST0465,P013,Router,Accessories,West,2,3000,0.08,UPI
ORD00492,01-Dec-25,CUST0205,P013,Router,Accessories,West,2,3000,0.04,UPI
ORD00512,06-Nov-25,CUST0945,P013,Router,Accessories,West,2,3000,0,UPI
ORD00532,12-Oct-25,CUST0685,P013,Router,Accessories,West,2,3000,0.12,UPI
ORD00552,17-Sep-25,CUST0425,P013,Router,Accessories,West,2,3000,0.08,UPI
ORD00572,23-Aug-25,CUST0165,P013,Router,Accessories,West,2,3000,0.04,UPI
ORD00592,29-Jul-25,CUST0905,P013,Router,Accessories,West,2,3000,0,UPI
ORD00612,04-Jul-25,CUST0645,P013,Router,Accessories,West,2,3000,0.12,UPI
ORD00632,09-Jun-25,CUST0385,P013,Router,Accessories,West,2,3000,0.08,UPI
ORD00652,15-May-25,CUST0125,P013,Router,Accessories,West,2,3000,0.04,UPI
ORD00672,20-Apr-25,CUST0865,P013,Router,Accessories,West,2,3000,0,UPI
ORD00692,26-Mar-25,CUST0605,P013,Router,Accessories,West,2,3000,0.12,UPI
ORD00712,01-Mar-25,CUST0345,P013,Router,Accessories,West,2,3000,0.08,UPI
ORD00732,04-Feb-25,CUST0085,P013,Router,Accessories,West,2,3000,0.04,UPI
ORD00752,10-Jan-25,CUST0825,P013,Router,Accessories,West,2,3000,0,UPI
ORD00772,16-Dec-25,CUST0565,P013,Router,Accessories,West,2,3000,0.12,UPI
ORD00792,21-Nov-25,CUST0305,P013,Router,Accessories,West,2,3000,0.08,UPI
ORD00812,27-Oct-25,CUST0045,P013,Router,Accessories,West,2,3000,0.04,UPI
ORD00832,02-Oct-25,CUST0785,P013,Router,Accessories,West,2,3000,0,UPI
ORD00852,07-Sep-25,CUST0525,P013,Router,Accessories,West,2,3000,0.12,UPI
ORD00872,13-Aug-25,CUST0265,P013,Router,Accessories,West,2,3000,0.08,UPI
ORD00892,19-Jul-25,CUST0005,P013,Router,Accessories,West,2,3000,0.04,UPI
ORD00912,24-Jun-25,CUST0745,P013,Router,Accessories,West,2,3000,0,UPI
ORD00932,30-May-25,CUST0485,P013,Router,Accessories,West,2,3000,0.12,UPI
ORD00952,05-May-25,CUST0225,P013,Router,Accessories,West,2,3000,0.08,UPI
ORD00972,10-Apr-25,CUST0965,P013,Router,Accessories,West,2,3000,0.04,UPI
ORD00992,16-Mar-25,CUST0705,P013,Router,Accessories,West,2,3000,0,UPI
ORD01012,19-Feb-25,CUST0445,P013,Router,Accessories,West,2,3000,0.12,UPI
ORD01032,25-Jan-25,CUST0185,P013,Router,Accessories,West,2,3000,0.08,UPI
ORD01052,31-Dec-25,CUST0925,P013,Router,Accessories,West,2,3000,0.04,UPI
ORD01072,06-Dec-25,CUST0665,P013,Router,Accessories,West,2,3000,0,UPI
ORD01092,11-Nov-25,CUST0405,P013,Router,Accessories,West,2,3000,0.12,UPI
ORD01112,17-Oct-25,CUST0145,P013,Router,Accessories,West,2,3000,0.08,UPI
ORD01132,22-Sep-25,CUST0885,P013,Router,Accessories,West,2,3000,0.04,UPI
ORD01152,28-Aug-25,CUST0625,P013,Router,Accessories,West,2,3000,0,UPI
ORD01172,03-Aug-25,CUST0365,P013,Router,Accessories,West,2,3000,0.12,UPI
ORD01192,09-Jul-25,CUST0105,P013,Router,Accessories,West,2,3000,0.08,UPI
ORD01212,14-Jun-25,CUST0845,P013,Router,Accessories,West,2,3000,0.04,UPI
ORD01232,20-May-25,CUST0585,P013,Router,Accessories,West,2,3000,0,UPI
ORD01252,25-Apr-25,CUST0325,P013,Router,Accessories,West,2,3000,0.12,UPI
ORD01272,31-Mar-25,CUST0065,P013,Router,Accessories,West,2,3000,0.08,UPI
ORD01292,06-Mar-25,CUST0805,P013,Router,Accessories,West,2,3000,0.04,UPI
ORD01312,09-Feb-25,CUST0545,P013,Router,Accessories,West,2,3000,0,UPI
ORD01332,15-Jan-25,CUST0285,P013,Router,Accessories,West,2,3000,0.12,UPI
ORD01352,21-Dec-25,CUST0025,P013,Router,Accessories,West,2,3000,0.08,UPI
ORD01372,26-Nov-25,CUST0765,P013,Router,Accessories,West,2,3000,0.04,UPI
ORD01392,01-Nov-25,CUST0505,P013,Router,Accessories,West,2,3000,0,UPI
ORD01412,07-Oct-25,CUST0245,P013,Router,Accessories,West,2,3000,0.12,UPI
ORD01432,12-Sep-25,CUST0985,P013,Router,Accessories,West,2,3000,0.08,UPI
ORD01452,18-Aug-25,CUST0725,P013,Router,Accessories,West,2,3000,0.04,UPI
ORD01472,24-Jul-25,CUST0465,P013,Router,Accessories,West,2,3000,0,UPI
ORD01492,29-Jun-25,CUST0205,P013,Router,Accessories,West,2,3000,0.12,UPI
ORD01512,04-Jun-25,CUST0945,P013,Router,Accessories,West,2,3000,0.08,UPI
ORD01532,10-May-25,CUST0685,P013,Router,Accessories,West,2,3000,0.04,UPI
ORD01552,15-Apr-25,CUST0425,P013,Router,Accessories,West,2,3000,0,UPI
ORD01572,21-Mar-25,CUST0165,P013,Router,Accessories,West,2,3000,0.12,UPI
ORD01592,24-Feb-25,CUST0905,P013,Router,Accessories,West,2,3000,0.08,UPI
ORD01612,30-Jan-25,CUST0645,P013,Router,Accessories,West,2,3000,0.04,UPI
ORD01632,05-Jan-25,CUST0385,P013,Router,Accessories,West,2,3000,0,UPI
ORD01652,11-Dec-25,CUST0125,P013,Router,Accessories,West,2,3000,0.12,UPI
ORD01672,16-Nov-25,CUST0865,P013,Router,Accessories,West,2,3000,0.08,UPI
ORD01692,22-Oct-25,CUST0605,P013,Router,Accessories,West,2,3000,0.04,UPI
ORD01712,27-Sep-25,CUST0345,P013,Router,Accessories,West,2,3000,0,UPI
ORD01732,02-Sep-25,CUST0085,P013,Router,Accessories,West,2,3000,0.12,UPI
ORD01752,08-Aug-25,CUST0825,P013,Router,Accessories,West,2,3000,0.08,UPI
ORD01772,14-Jul-25,CUST0565,P013,Router,Accessories,West,2,3000,0.04,UPI
ORD01792,19-Jun-25,CUST0305,P013,Router,Accessories,West,2,3000,0,UPI
ORD01812,25-May-25,CUST0045,P013,Router,Accessories,West,2,3000,0.12,UPI
ORD01832,30-Apr-25,CUST0785,P013,Router,Accessories,West,2,3000,0.08,UPI
ORD01852,05-Apr-25,CUST0525,P013,Router,Accessories,West,2,3000,0.04,UPI
ORD01872,11-Mar-25,CUST0265,P013,Router,Accessories,West,2,3000,0,UPI
ORD01892,14-Feb-25,CUST0005,P013,Router,Accessories,West,2,3000,0.12,UPI
ORD01912,20-Jan-25,CUST0745,P013,Router,Accessories,West,2,3000,0.08,UPI
ORD01932,26-Dec-25,CUST0485,P013,Router,Accessories,West,2,3000,0.04,UPI
ORD01952,01-Dec-25,CUST0225,P013,Router,Accessories,West,2,3000,0,UPI
ORD01972,06-Nov-25,CUST0965,P013,Router,Accessories,West,2,3000,0.12,UPI
ORD01992,12-Oct-25,CUST0705,P013,Router,Accessories,West,2,3000,0.08,UPI
ORD02012,17-Sep-25,CUST0445,P013,Router,Accessories,West,2,3000,0.04,UPI
ORD02032,23-Aug-25,CUST0185,P013,Router,Accessories,West,2,3000,0,UPI
ORD02052,29-Jul-25,CUST0925,P013,Router,Accessories,West,2,3000,0.12,UPI
ORD02072,04-Jul-25,CUST0665,P013,Router,Accessories,West,2,3000,0.08,UPI
ORD02092,09-Jun-25,CUST0405,P013,Router,Accessories,West,2,3000,0.04,UPI
ORD02112,15-May-25,CUST0145,P013,Router,Accessories,West,2,3000,0,UPI
ORD02132,20-Apr-25,CUST0885,P013,Router,Accessories,West,2,3000,0.12,UPI
ORD02152,26-Mar-25,CUST0625,P013,Router,Accessories,West,2,3000,0.08,UPI
ORD02172,01-Mar-25,CUST0365,P013,Router,Accessories,West,2,3000,0.04,UPI
ORD02192,04-Feb-25,CUST0105,P013,Router,Accessories,West,2,3000,0,UPI
ORD02212,10-Jan-25,CUST0845,P013,Router,Accessories,West,2,3000,0.12,UPI
ORD02232,16-Dec-25,CUST0585,P013,Router,Accessories,West,2,3000,0.08,UPI
ORD02252,21-Nov-25,CUST0325,P013,Router,Accessories,West,2,3000,0.04,UPI
ORD02272,27-Oct-25,CUST0065,P013,Router,Accessories,West,2,3000,0,UPI
ORD02292,02-Oct-25,CUST0805,P013,Router,Accessories,West,2,3000,0.12,UPI
ORD02312,07-Sep-25,CUST0545,P013,Router,Accessories,West,2,3000,0.08,UPI
ORD02332,13-Aug-25,CUST0285,P013,Router,Accessories,West,2,3000,0.04,UPI
ORD02352,19-Jul-25,CUST0025,P013,Router,Accessories,West,2,3000,0,UPI
ORD02372,24-Jun-25,CUST0765,P013,Router,Accessories,West,2,3000,0.12,UPI
ORD02392,30-May-25,CUST0505,P013,Router,Accessories,West,2,3000,0.08,UPI
ORD02412,05-May-25,CUST0245,P013,Router,Accessories,West,2,3000,0.04,UPI
ORD02432,10-Apr-25,CUST0985,P013,Router,Accessories,West,2,3000,0,UPI
ORD02452,16-Mar-25,CUST0725,P013,Router,Accessories,West,2,3000,0.12,UPI
ORD02472,19-Feb-25,CUST0465,P013,Router,Accessories,West,2,3000,0.08,UPI
ORD02492,25-Jan-25,CUST0205,P013,Router,Accessories,West,2,3000,0.04,UPI
ORD02512,31-Dec-25,CUST0945,P013,Router,Accessories,West,2,3000,0,UPI
ORD02532,06-Dec-25,CUST0685,P013,Router,Accessories,West,2,3000,0.12,UPI
ORD02552,11-Nov-25,CUST0425,P013,Router,Accessories,West,2,3000,0.08,UPI
ORD02572,17-Oct-25,CUST0165,P013,Router,Accessories,West,2,3000,0.04,UPI
ORD02592,22-Sep-25,CUST0905,P013,Router,Accessories,West,2,3000,0,UPI
ORD02612,28-Aug-25,CUST0645,P013,Router,Accessories,West,2,3000,0.12,UPI
ORD02632,03-Aug-25,CUST0385,P013,Router,Accessories,West,2,3000,0.08,UPI
ORD02652,09-Jul-25,CUST0125,P013,Router,Accessories,West,2,3000,0.04,UPI
ORD02672,14-Jun-25,CUST0865,P013,Router,Accessories,West,2,3000,0,UPI
ORD02692,20-May-25,CUST0605,P013,Router,Accessories,West,2,3000,0.12,UPI
ORD02712,25-Apr-25,CUST0345,P013,Router,Accessories,West,2,3000,0.08,UPI
ORD02732,31-Mar-25,CUST0085,P013,Router,Accessories,West,2,3000,0.04,UPI
ORD02752,06-Mar-25,CUST0825,P013,Router,Accessories,West,2,3000,0,UPI
ORD02772,09-Feb-25,CUST0565,P013,Router,Accessories,West,2,3000,0.12,UPI
ORD02792,15-Jan-25,CUST0305,P013,Router,Accessories,West,2,3000,0.08,UPI
ORD02812,21-Dec-25,CUST0045,P013,Router,Accessories,West,2,3000,0.04,UPI
ORD02832,26-Nov-25,CUST0785,P013,Router,Accessories,West,2,3000,0,UPI
ORD02852,01-Nov-25,CUST0525,P013,Router,Accessories,West,2,3000,0.12,UPI
ORD02872,07-Oct-25,CUST0265,P013,Router,Accessories,West,2,3000,0.08,UPI
ORD02892,12-Sep-25,CUST0005,P013,Router,Accessories,West,2,3000,0.04,UPI
ORD02912,18-Aug-25,CUST0745,P013,Router,Accessories,West,2,3000,0,UPI
ORD02932,24-Jul-25,CUST0485,P013,Router,Accessories,West,2,3000,0.12,UPI
ORD02952,29-Jun-25,CUST0225,P013,Router,Accessories,West,2,3000,0.08,UPI
ORD02972,04-Jun-25,CUST0965,P013,Router,Accessories,West,2,3000,0.04,UPI
ORD02992,10-May-25,CUST0705,P013,Router,Accessories,West,2,3000,0,UPI
ORD03012,15-Apr-25,CUST0445,P013,Router,Accessories,West,2,3000,0.12,UPI
ORD03032,21-Mar-25,CUST0185,P013,Router,Accessories,West,2,3000,0.08,UPI
ORD03052,24-Feb-25,CUST0925,P013,Router,Accessories,West,2,3000,0.04,UPI
ORD03072,30-Jan-25,CUST0665,P013,Router,Accessories,West,2,3000,0,UPI
ORD03092,05-Jan-25,CUST0405,P013,Router,Accessories,West,2,3000,0.12,UPI
ORD03112,11-Dec-25,CUST0145,P013,Router,Accessories,West,2,3000,0.08,UPI
ORD03132,16-Nov-25,CUST0885,P013,Router,Accessories,West,2,3000,0.04,UPI
ORD03152,22-Oct-25,CUST0625,P013,Router,Accessories,West,2,3000,0,UPI
ORD03172,27-Sep-25,CUST0365,P013,Router,Accessories,West,2,3000,0.12,UPI
ORD03192,02-Sep-25,CUST0105,P013,Router,Accessories,West,2,3000,0.08,UPI
ORD03212,08-Aug-25,CUST0845,P013,Router,Accessories,West,2,3000,0.04,UPI
ORD03232,14-Jul-25,CUST0585,P013,Router,Accessories,West,2,3000,0,UPI
ORD03252,19-Jun-25,CUST0325,P013,Router,Accessories,West,2,3000,0.12,UPI
ORD03272,25-May-25,CUST0065,P013,Router,Accessories,West,2,3000,0.08,UPI
ORD03292,30-Apr-25,CUST0805,P013,Router,Accessories,West,2,3000,0.04,UPI
ORD03312,05-Apr-25,CUST0545,P013,Router,Accessories,West,2,3000,0,UPI
ORD03332,11-Mar-25,CUST0285,P013,Router,Accessories,West,2,3000,0.12,UPI
ORD03352,14-Feb-25,CUST0025,P013,Router,Accessories,West,2,3000,0.08,UPI
ORD03372,20-Jan-25,CUST0765,P013,Router,Accessories,West,2,3000,0.04,UPI
ORD03392,26-Dec-25,CUST0505,P013,Router,Accessories,West,2,3000,0,UPI
ORD03412,01-Dec-25,CUST0245,P013,Router,Accessories,West,2,3000,0.12,UPI
ORD03432,06-Nov-25,CUST0985,P013,Router,Accessories,West,2,3000,0.08,UPI
ORD03452,12-Oct-25,CUST0725,P013,Router,Accessories,West,2,3000,0.04,UPI
ORD03472,17-Sep-25,CUST0465,P013,Router,Accessories,West,2,3000,0,UPI
ORD03492,23-Aug-25,CUST0205,P013,Router,Accessories,West,2,3000,0.12,UPI
ORD03512,29-Jul-25,CUST0945,P013,Router,Accessories,West,2,3000,0.08,UPI
ORD03532,04-Jul-25,CUST0685,P013,Router,Accessories,West,2,3000,0.04,UPI
ORD03552,09-Jun-25,CUST0425,P013,Router,Accessories,West,2,3000,0,UPI
ORD03572,15-May-25,CUST0165,P013,Router,Accessories,West,2,3000,0.12,UPI
ORD03592,20-Apr-25,CUST0905,P013,Router,Accessories,West,2,3000,0.08,UPI
ORD03612,26-Mar-25,CUST0645,P013,Router,Accessories,West,2,3000,0.04,UPI
ORD03632,01-Mar-25,CUST0385,P013,Router,Accessories,West,2,3000,0,UPI
ORD03652,04-Feb-25,CUST0125,P013,Router,Accessories,West,2,3000,0.12,UPI
ORD03672,10-Jan-25,CUST0865,P013,Router,Accessories,West,2,3000,0.08,UPI
ORD03692,16-Dec-25,CUST0605,P013,Router,Accessories,West,2,3000,0.04,UPI
ORD03712,21-Nov-25,CUST0345,P013,Router,Accessories,West,2,3000,0,UPI
ORD03732,27-Oct-25,CUST0085,P013,Router,Accessories,West,2,3000,0.12,UPI
ORD03752,02-Oct-25,CUST0825,P013,Router,Accessories,West,2,3000,0.08,UPI
ORD03772,07-Sep-25,CUST0565,P013,Router,Accessories,West,2,3000,0.04,UPI
ORD03792,13-Aug-25,CUST0305,P013,Router,Accessories,West,2,3000,0,UPI
ORD03812,19-Jul-25,CUST0045,P013,Router,Accessories,West,2,3000,0.12,UPI
ORD03832,24-Jun-25,CUST0785,P013,Router,Accessories,West,2,3000,0.08,UPI
ORD03852,30-May-25,CUST0525,P013,Router,Accessories,West,2,3000,0.04,UPI
ORD03872,05-May-25,CUST0265,P013,Router,Accessories,West,2,3000,0,UPI
ORD03892,10-Apr-25,CUST0005,P013,Router,Accessories,West,2,3000,0.12,UPI
ORD03912,16-Mar-25,CUST0745,P013,Router,Accessories,West,2,3000,0.08,UPI
ORD03932,19-Feb-25,CUST0485,P013,Router,Accessories,West,2,3000,0.04,UPI
ORD03952,25-Jan-25,CUST0225,P013,Router,Accessories,West,2,3000,0,UPI
ORD03972,31-Dec-25,CUST0965,P013,Router,Accessories,West,2,3000,0.12,UPI
ORD03992,06-Dec-25,CUST0705,P013,Router,Accessories,West,2,3000,0.08,UPI
ORD04012,11-Nov-25,CUST0445,P013,Router,Accessories,West,2,3000,0.04,UPI
ORD04032,17-Oct-25,CUST0185,P013,Router,Accessories,West,2,3000,0,UPI
ORD04052,22-Sep-25,CUST0925,P013,Router,Accessories,West,2,3000,0.12,UPI
ORD04072,28-Aug-25,CUST0665,P013,Router,Accessories,West,2,3000,0.08,UPI
ORD04092,03-Aug-25,CUST0405,P013,Router,Accessories,West,2,3000,0.04,UPI
ORD04112,09-Jul-25,CUST0145,P013,Router,Accessories,West,2,3000,0,UPI
ORD04132,14-Jun-25,CUST0885,P013,Router,Accessories,West,2,3000,0.12,UPI
ORD04152,20-May-25,CUST0625,P013,Router,Accessories,West,2,3000,0.08,UPI
ORD04172,25-Apr-25,CUST0365,P013,Router,Accessories,West,2,3000,0.04,UPI
ORD04192,31-Mar-25,CUST0105,P013,Router,Accessories,West,2,3000,0,UPI
ORD04212,06-Mar-25,CUST0845,P013,Router,Accessories,West,2,3000,0.12,UPI
ORD04232,09-Feb-25,CUST0585,P013,Router,Accessories,West,2,3000,0.08,UPI
ORD04252,15-Jan-25,CUST0325,P013,Router,Accessories,West,2,3000,0.04,UPI
ORD04272,21-Dec-25,CUST0065,P013,Router,Accessories,West,2,3000,0,UPI
ORD04292,26-Nov-25,CUST0805,P013,Router,Accessories,West,2,3000,0.12,UPI
ORD04312,01-Nov-25,CUST0545,P013,Router,Accessories,West,2,3000,0.08,UPI
ORD04332,07-Oct-25,CUST0285,P013,Router,Accessories,West,2,3000,0.04,UPI
ORD04352,12-Sep-25,CUST0025,P013,Router,Accessories,West,2,3000,0,UPI
ORD04372,18-Aug-25,CUST0765,P013,Router,Accessories,West,2,3000,0.12,UPI
ORD04392,24-Jul-25,CUST0505,P013,Router,Accessories,West,2,3000,0.08,UPI
ORD04412,29-Jun-25,CUST0245,P013,Router,Accessories,West,2,3000,0.04,UPI
ORD04432,04-Jun-25,CUST0985,P013,Router,Accessories,West,2,3000,0,UPI
ORD04452,10-May-25,CUST0725,P013,Router,Accessories,West,2,3000,0.12,UPI
ORD04472,15-Apr-25,CUST0465,P013,Router,Accessories,West,2,3000,0.08,UPI
ORD04492,21-Mar-25,CUST0205,P013,Router,Accessories,West,2,3000,0.04,UPI
ORD04512,24-Feb-25,CUST0945,P013,Router,Accessories,West,2,3000,0,UPI
ORD04532,30-Jan-25,CUST0685,P013,Router,Accessories,West,2,3000,0.12,UPI
ORD04552,05-Jan-25,CUST0425,P013,Router,Accessories,West,2,3000,0.08,UPI
ORD04572,11-Dec-25,CUST0165,P013,Router,Accessories,West,2,3000,0.04,UPI
ORD04592,16-Nov-25,CUST0905,P013,Router,Accessories,West,2,3000,0,UPI
ORD04612,22-Oct-25,CUST0645,P013,Router,Accessories,West,2,3000,0.12,UPI
ORD04632,27-Sep-25,CUST0385,P013,Router,Accessories,West,2,3000,0.08,UPI
ORD04652,02-Sep-25,CUST0125,P013,Router,Accessories,West,2,3000,0.04,UPI
ORD04672,08-Aug-25,CUST0865,P013,Router,Accessories,West,2,3000,0,UPI
ORD04692,14-Jul-25,CUST0605,P013,Router,Accessories,West,2,3000,0.12,UPI
ORD04712,19-Jun-25,CUST0345,P013,Router,Accessories,West,2,3000,0.08,UPI
ORD04732,25-May-25,CUST0085,P013,Router,Accessories,West,2,3000,0.04,UPI
ORD04752,30-Apr-25,CUST0825,P013,Router,Accessories,West,2,3000,0,UPI
ORD04772,05-Apr-25,CUST0565,P013,Router,Accessories,West,2,3000,0.12,UPI
ORD04792,11-Mar-25,CUST0305,P013,Router,Accessories,West,2,3000,0.08,UPI
ORD04812,14-Feb-25,CUST0045,P013,Router,Accessories,West,2,3000,0.04,UPI
ORD04832,20-Jan-25,CUST0785,P013,Router,Accessories,West,2,3000,0,UPI
ORD04852,26-Dec-25,CUST0525,P013,Router,Accessories,West,2,3000,0.12,UPI
ORD04872,01-Dec-25,CUST0265,P013,Router,Accessories,West,2,3000,0.08,UPI
ORD04892,06-Nov-25,CUST0005,P013,Router,Accessories,West,2,3000,0.04,UPI
ORD04912,12-Oct-25,CUST0745,P013,Router,Accessories,West,2,3000,0,UPI
ORD04932,17-Sep-25,CUST0485,P013,Router,Accessories,West,2,3000,0.12,UPI
ORD04952,23-Aug-25,CUST0225,P013,Router,Accessories,West,2,3000,0.08,UPI
ORD04972,29-Jul-25,CUST0965,P013,Router,Accessories,West,2,3000,0.04,UPI
ORD04992,04-Jul-25,CUST0705,P013,Router,Accessories,West,2,3000,0,UPI
ORD00010,20-Jun-25,CUST0371,P011,External SSD,Accessories,South,1,9000,0.06,Cash
ORD00030,26-May-25,CUST0111,P011,External SSD,Accessories,South,1,9000,0.02,Cash
ORD00050,01-May-25,CUST0851,P011,External SSD,Accessories,South,1,9000,0.14,Cash
ORD00070,06-Apr-25,CUST0591,P011,External SSD,Accessories,South,1,9000,0.1,Cash
ORD00090,12-Mar-25,CUST0331,P011,External SSD,Accessories,South,1,9000,0.06,Cash
ORD00110,15-Feb-25,CUST0071,P011,External SSD,Accessories,South,1,9000,0.02,Cash
ORD00130,21-Jan-25,CUST0811,P011,External SSD,Accessories,South,1,9000,0.14,Cash
ORD00150,27-Dec-25,CUST0551,P011,External SSD,Accessories,South,1,9000,0.1,Cash
ORD00170,02-Dec-25,CUST0291,P011,External SSD,Accessories,South,1,9000,0.06,Cash
ORD00190,07-Nov-25,CUST0031,P011,External SSD,Accessories,South,1,9000,0.02,Cash
ORD00210,13-Oct-25,CUST0771,P011,External SSD,Accessories,South,1,9000,0.14,Cash
ORD00230,18-Sep-25,CUST0511,P011,External SSD,Accessories,South,1,9000,0.1,Cash
ORD00250,24-Aug-25,CUST0251,P011,External SSD,Accessories,South,1,9000,0.06,Cash
ORD00270,30-Jul-25,CUST0991,P011,External SSD,Accessories,South,1,9000,0.02,Cash
ORD00290,05-Jul-25,CUST0731,P011,External SSD,Accessories,South,1,9000,0.14,Cash
ORD00310,10-Jun-25,CUST0471,P011,External SSD,Accessories,South,1,9000,0.1,Cash
ORD00330,16-May-25,CUST0211,P011,External SSD,Accessories,South,1,9000,0.06,Cash
ORD00350,21-Apr-25,CUST0951,P011,External SSD,Accessories,South,1,9000,0.02,Cash
ORD00370,27-Mar-25,CUST0691,P011,External SSD,Accessories,South,1,9000,0.14,Cash
ORD00390,02-Mar-25,CUST0431,P011,External SSD,Accessories,South,1,9000,0.1,Cash
ORD00410,05-Feb-25,CUST0171,P011,External SSD,Accessories,South,1,9000,0.06,Cash
ORD00430,11-Jan-25,CUST0911,P011,External SSD,Accessories,South,1,9000,0.02,Cash
ORD00450,17-Dec-25,CUST0651,P011,External SSD,Accessories,South,1,9000,0.14,Cash
ORD00470,22-Nov-25,CUST0391,P011,External SSD,Accessories,South,1,9000,0.1,Cash
ORD00490,28-Oct-25,CUST0131,P011,External SSD,Accessories,South,1,9000,0.06,Cash
ORD00510,03-Oct-25,CUST0871,P011,External SSD,Accessories,South,1,9000,0.02,Cash
ORD00530,08-Sep-25,CUST0611,P011,External SSD,Accessories,South,1,9000,0.14,Cash
ORD00550,14-Aug-25,CUST0351,P011,External SSD,Accessories,South,1,9000,0.1,Cash
ORD00570,20-Jul-25,CUST0091,P011,External SSD,Accessories,South,1,9000,0.06,Cash
ORD00590,25-Jun-25,CUST0831,P011,External SSD,Accessories,South,1,9000,0.02,Cash
ORD00610,31-May-25,CUST0571,P011,External SSD,Accessories,South,1,9000,0.14,Cash
ORD00630,06-May-25,CUST0311,P011,External SSD,Accessories,South,1,9000,0.1,Cash
ORD00650,11-Apr-25,CUST0051,P011,External SSD,Accessories,South,1,9000,0.06,Cash
ORD00670,17-Mar-25,CUST0791,P011,External SSD,Accessories,South,1,9000,0.02,Cash
ORD00690,20-Feb-25,CUST0531,P011,External SSD,Accessories,South,1,9000,0.14,Cash
ORD00710,26-Jan-25,CUST0271,P011,External SSD,Accessories,South,1,9000,0.1,Cash
ORD00730,01-Jan-25,CUST0011,P011,External SSD,Accessories,South,1,9000,0.06,Cash
ORD00750,07-Dec-25,CUST0751,P011,External SSD,Accessories,South,1,9000,0.02,Cash
ORD00770,12-Nov-25,CUST0491,P011,External SSD,Accessories,South,1,9000,0.14,Cash
ORD00790,18-Oct-25,CUST0231,P011,External SSD,Accessories,South,1,9000,0.1,Cash
ORD00810,23-Sep-25,CUST0971,P011,External SSD,Accessories,South,1,9000,0.06,Cash
ORD00830,29-Aug-25,CUST0711,P011,External SSD,Accessories,South,1,9000,0.02,Cash
ORD00850,04-Aug-25,CUST0451,P011,External SSD,Accessories,South,1,9000,0.14,Cash
ORD00870,10-Jul-25,CUST0191,P011,External SSD,Accessories,South,1,9000,0.1,Cash
ORD00890,15-Jun-25,CUST0931,P011,External SSD,Accessories,South,1,9000,0.06,Cash
ORD00910,21-May-25,CUST0671,P011,External SSD,Accessories,South,1,9000,0.02,Cash
ORD00930,26-Apr-25,CUST0411,P011,External SSD,Accessories,South,1,9000,0.14,Cash
ORD00950,01-Apr-25,CUST0151,P011,External SSD,Accessories,South,1,9000,0.1,Cash
ORD00970,07-Mar-25,CUST0891,P011,External SSD,Accessories,South,1,9000,0.06,Cash
ORD00990,10-Feb-25,CUST0631,P011,External SSD,Accessories,South,1,9000,0.02,Cash
ORD01010,16-Jan-25,CUST0371,P011,External SSD,Accessories,South,1,9000,0.14,Cash
ORD01030,22-Dec-25,CUST0111,P011,External SSD,Accessories,South,1,9000,0.1,Cash
ORD01050,27-Nov-25,CUST0851,P011,External SSD,Accessories,South,1,9000,0.06,Cash
ORD01070,02-Nov-25,CUST0591,P011,External SSD,Accessories,South,1,9000,0.02,Cash
ORD01090,08-Oct-25,CUST0331,P011,External SSD,Accessories,South,1,9000,0.14,Cash
ORD01110,13-Sep-25,CUST0071,P011,External SSD,Accessories,South,1,9000,0.1,Cash
ORD01130,19-Aug-25,CUST0811,P011,External SSD,Accessories,South,1,9000,0.06,Cash
ORD01150,25-Jul-25,CUST0551,P011,External SSD,Accessories,South,1,9000,0.02,Cash
ORD01170,30-Jun-25,CUST0291,P011,External SSD,Accessories,South,1,9000,0.14,Cash
ORD01190,05-Jun-25,CUST0031,P011,External SSD,Accessories,South,1,9000,0.1,Cash
ORD01210,11-May-25,CUST0771,P011,External SSD,Accessories,South,1,9000,0.06,Cash
ORD01230,16-Apr-25,CUST0511,P011,External SSD,Accessories,South,1,9000,0.02,Cash
ORD01250,22-Mar-25,CUST0251,P011,External SSD,Accessories,South,1,9000,0.14,Cash
ORD01270,25-Feb-25,CUST0991,P011,External SSD,Accessories,South,1,9000,0.1,Cash
ORD01290,31-Jan-25,CUST0731,P011,External SSD,Accessories,South,1,9000,0.06,Cash
ORD01310,06-Jan-25,CUST0471,P011,External SSD,Accessories,South,1,9000,0.02,Cash
ORD01330,12-Dec-25,CUST0211,P011,External SSD,Accessories,South,1,9000,0.14,Cash
ORD01350,17-Nov-25,CUST0951,P011,External SSD,Accessories,South,1,9000,0.1,Cash
ORD01370,23-Oct-25,CUST0691,P011,External SSD,Accessories,South,1,9000,0.06,Cash
ORD01390,28-Sep-25,CUST0431,P011,External SSD,Accessories,South,1,9000,0.02,Cash
ORD01410,03-Sep-25,CUST0171,P011,External SSD,Accessories,South,1,9000,0.14,Cash
ORD01430,09-Aug-25,CUST0911,P011,External SSD,Accessories,South,1,9000,0.1,Cash
ORD01450,15-Jul-25,CUST0651,P011,External SSD,Accessories,South,1,9000,0.06,Cash
ORD01470,20-Jun-25,CUST0391,P011,External SSD,Accessories,South,1,9000,0.02,Cash
ORD01490,26-May-25,CUST0131,P011,External SSD,Accessories,South,1,9000,0.14,Cash
ORD01510,01-May-25,CUST0871,P011,External SSD,Accessories,South,1,9000,0.1,Cash
ORD01530,06-Apr-25,CUST0611,P011,External SSD,Accessories,South,1,9000,0.06,Cash
ORD01550,12-Mar-25,CUST0351,P011,External SSD,Accessories,South,1,9000,0.02,Cash
ORD01570,15-Feb-25,CUST0091,P011,External SSD,Accessories,South,1,9000,0.14,Cash
ORD01590,21-Jan-25,CUST0831,P011,External SSD,Accessories,South,1,9000,0.1,Cash
ORD01610,27-Dec-25,CUST0571,P011,External SSD,Accessories,South,1,9000,0.06,Cash
ORD01630,02-Dec-25,CUST0311,P011,External SSD,Accessories,South,1,9000,0.02,Cash
ORD01650,07-Nov-25,CUST0051,P011,External SSD,Accessories,South,1,9000,0.14,Cash
ORD01670,13-Oct-25,CUST0791,P011,External SSD,Accessories,South,1,9000,0.1,Cash
ORD01690,18-Sep-25,CUST0531,P011,External SSD,Accessories,South,1,9000,0.06,Cash
ORD01710,24-Aug-25,CUST0271,P011,External SSD,Accessories,South,1,9000,0.02,Cash
ORD01730,30-Jul-25,CUST0011,P011,External SSD,Accessories,South,1,9000,0.14,Cash
ORD01750,05-Jul-25,CUST0751,P011,External SSD,Accessories,South,1,9000,0.1,Cash
ORD01770,10-Jun-25,CUST0491,P011,External SSD,Accessories,South,1,9000,0.06,Cash
ORD01790,16-May-25,CUST0231,P011,External SSD,Accessories,South,1,9000,0.02,Cash
ORD01810,21-Apr-25,CUST0971,P011,External SSD,Accessories,South,1,9000,0.14,Cash
ORD01830,27-Mar-25,CUST0711,P011,External SSD,Accessories,South,1,9000,0.1,Cash
ORD01850,02-Mar-25,CUST0451,P011,External SSD,Accessories,South,1,9000,0.06,Cash
ORD01870,05-Feb-25,CUST0191,P011,External SSD,Accessories,South,1,9000,0.02,Cash
ORD01890,11-Jan-25,CUST0931,P011,External SSD,Accessories,South,1,9000,0.14,Cash
ORD01910,17-Dec-25,CUST0671,P011,External SSD,Accessories,South,1,9000,0.1,Cash
ORD01930,22-Nov-25,CUST0411,P011,External SSD,Accessories,South,1,9000,0.06,Cash
ORD01950,28-Oct-25,CUST0151,P011,External SSD,Accessories,South,1,9000,0.02,Cash
ORD01970,03-Oct-25,CUST0891,P011,External SSD,Accessories,South,1,9000,0.14,Cash
ORD01990,08-Sep-25,CUST0631,P011,External SSD,Accessories,South,1,9000,0.1,Cash
ORD02010,14-Aug-25,CUST0371,P011,External SSD,Accessories,South,1,9000,0.06,Cash
ORD02030,20-Jul-25,CUST0111,P011,External SSD,Accessories,South,1,9000,0.02,Cash
ORD02050,25-Jun-25,CUST0851,P011,External SSD,Accessories,South,1,9000,0.14,Cash
ORD02070,31-May-25,CUST0591,P011,External SSD,Accessories,South,1,9000,0.1,Cash
ORD02090,06-May-25,CUST0331,P011,External SSD,Accessories,South,1,9000,0.06,Cash
ORD02110,11-Apr-25,CUST0071,P011,External SSD,Accessories,South,1,9000,0.02,Cash
ORD02130,17-Mar-25,CUST0811,P011,External SSD,Accessories,South,1,9000,0.14,Cash
ORD02150,20-Feb-25,CUST0551,P011,External SSD,Accessories,South,1,9000,0.1,Cash
ORD02170,26-Jan-25,CUST0291,P011,External SSD,Accessories,South,1,9000,0.06,Cash
ORD02190,01-Jan-25,CUST0031,P011,External SSD,Accessories,South,1,9000,0.02,Cash
ORD02210,07-Dec-25,CUST0771,P011,External SSD,Accessories,South,1,9000,0.14,Cash
ORD02230,12-Nov-25,CUST0511,P011,External SSD,Accessories,South,1,9000,0.1,Cash
ORD02250,18-Oct-25,CUST0251,P011,External SSD,Accessories,South,1,9000,0.06,Cash
ORD02270,23-Sep-25,CUST0991,P011,External SSD,Accessories,South,1,9000,0.02,Cash
ORD02290,29-Aug-25,CUST0731,P011,External SSD,Accessories,South,1,9000,0.14,Cash
ORD02310,04-Aug-25,CUST0471,P011,External SSD,Accessories,South,1,9000,0.1,Cash
ORD02330,10-Jul-25,CUST0211,P011,External SSD,Accessories,South,1,9000,0.06,Cash
ORD02350,15-Jun-25,CUST0951,P011,External SSD,Accessories,South,1,9000,0.02,Cash
ORD02370,21-May-25,CUST0691,P011,External SSD,Accessories,South,1,9000,0.14,Cash
ORD02390,26-Apr-25,CUST0431,P011,External SSD,Accessories,South,1,9000,0.1,Cash
ORD02410,01-Apr-25,CUST0171,P011,External SSD,Accessories,South,1,9000,0.06,Cash
ORD02430,07-Mar-25,CUST0911,P011,External SSD,Accessories,South,1,9000,0.02,Cash
ORD02450,10-Feb-25,CUST0651,P011,External SSD,Accessories,South,1,9000,0.14,Cash
ORD02470,16-Jan-25,CUST0391,P011,External SSD,Accessories,South,1,9000,0.1,Cash
ORD02490,22-Dec-25,CUST0131,P011,External SSD,Accessories,South,1,9000,0.06,Cash
ORD02510,27-Nov-25,CUST0871,P011,External SSD,Accessories,South,1,9000,0.02,Cash
ORD02530,02-Nov-25,CUST0611,P011,External SSD,Accessories,South,1,9000,0.14,Cash
ORD02550,08-Oct-25,CUST0351,P011,External SSD,Accessories,South,1,9000,0.1,Cash
ORD02570,13-Sep-25,CUST0091,P011,External SSD,Accessories,South,1,9000,0.06,Cash
ORD02590,19-Aug-25,CUST0831,P011,External SSD,Accessories,South,1,9000,0.02,Cash
ORD02610,25-Jul-25,CUST0571,P011,External SSD,Accessories,South,1,9000,0.14,Cash
ORD02630,30-Jun-25,CUST0311,P011,External SSD,Accessories,South,1,9000,0.1,Cash
ORD02650,05-Jun-25,CUST0051,P011,External SSD,Accessories,South,1,9000,0.06,Cash
ORD02670,11-May-25,CUST0791,P011,External SSD,Accessories,South,1,9000,0.02,Cash
ORD02690,16-Apr-25,CUST0531,P011,External SSD,Accessories,South,1,9000,0.14,Cash
ORD02710,22-Mar-25,CUST0271,P011,External SSD,Accessories,South,1,9000,0.1,Cash
ORD02730,25-Feb-25,CUST0011,P011,External SSD,Accessories,South,1,9000,0.06,Cash
ORD02750,31-Jan-25,CUST0751,P011,External SSD,Accessories,South,1,9000,0.02,Cash
ORD02770,06-Jan-25,CUST0491,P011,External SSD,Accessories,South,1,9000,0.14,Cash
ORD02790,12-Dec-25,CUST0231,P011,External SSD,Accessories,South,1,9000,0.1,Cash
ORD02810,17-Nov-25,CUST0971,P011,External SSD,Accessories,South,1,9000,0.06,Cash
ORD02830,23-Oct-25,CUST0711,P011,External SSD,Accessories,South,1,9000,0.02,Cash
ORD02850,28-Sep-25,CUST0451,P011,External SSD,Accessories,South,1,9000,0.14,Cash
ORD02870,03-Sep-25,CUST0191,P011,External SSD,Accessories,South,1,9000,0.1,Cash
ORD02890,09-Aug-25,CUST0931,P011,External SSD,Accessories,South,1,9000,0.06,Cash
ORD02910,15-Jul-25,CUST0671,P011,External SSD,Accessories,South,1,9000,0.02,Cash
ORD02930,20-Jun-25,CUST0411,P011,External SSD,Accessories,South,1,9000,0.14,Cash
ORD02950,26-May-25,CUST0151,P011,External SSD,Accessories,South,1,9000,0.1,Cash
ORD02970,01-May-25,CUST0891,P011,External SSD,Accessories,South,1,9000,0.06,Cash
ORD02990,06-Apr-25,CUST0631,P011,External SSD,Accessories,South,1,9000,0.02,Cash
ORD03010,12-Mar-25,CUST0371,P011,External SSD,Accessories,South,1,9000,0.14,Cash
ORD03030,15-Feb-25,CUST0111,P011,External SSD,Accessories,South,1,9000,0.1,Cash
ORD03050,21-Jan-25,CUST0851,P011,External SSD,Accessories,South,1,9000,0.06,Cash
ORD03070,27-Dec-25,CUST0591,P011,External SSD,Accessories,South,1,9000,0.02,Cash
ORD03090,02-Dec-25,CUST0331,P011,External SSD,Accessories,South,1,9000,0.14,Cash
ORD03110,07-Nov-25,CUST0071,P011,External SSD,Accessories,South,1,9000,0.1,Cash
ORD03130,13-Oct-25,CUST0811,P011,External SSD,Accessories,South,1,9000,0.06,Cash
ORD03150,18-Sep-25,CUST0551,P011,External SSD,Accessories,South,1,9000,0.02,Cash
ORD03170,24-Aug-25,CUST0291,P011,External SSD,Accessories,South,1,9000,0.14,Cash
ORD03190,30-Jul-25,CUST0031,P011,External SSD,Accessories,South,1,9000,0.1,Cash
ORD03210,05-Jul-25,CUST0771,P011,External SSD,Accessories,South,1,9000,0.06,Cash
ORD03230,10-Jun-25,CUST0511,P011,External SSD,Accessories,South,1,9000,0.02,Cash
ORD03250,16-May-25,CUST0251,P011,External SSD,Accessories,South,1,9000,0.14,Cash
ORD03270,21-Apr-25,CUST0991,P011,External SSD,Accessories,South,1,9000,0.1,Cash
ORD03290,27-Mar-25,CUST0731,P011,External SSD,Accessories,South,1,9000,0.06,Cash
ORD03310,02-Mar-25,CUST0471,P011,External SSD,Accessories,South,1,9000,0.02,Cash
ORD03330,05-Feb-25,CUST0211,P011,External SSD,Accessories,South,1,9000,0.14,Cash
ORD03350,11-Jan-25,CUST0951,P011,External SSD,Accessories,South,1,9000,0.1,Cash
ORD03370,17-Dec-25,CUST0691,P011,External SSD,Accessories,South,1,9000,0.06,Cash
ORD03390,22-Nov-25,CUST0431,P011,External SSD,Accessories,South,1,9000,0.02,Cash
ORD03410,28-Oct-25,CUST0171,P011,External SSD,Accessories,South,1,9000,0.14,Cash
ORD03430,03-Oct-25,CUST0911,P011,External SSD,Accessories,South,1,9000,0.1,Cash
ORD03450,08-Sep-25,CUST0651,P011,External SSD,Accessories,South,1,9000,0.06,Cash
ORD03470,14-Aug-25,CUST0391,P011,External SSD,Accessories,South,1,9000,0.02,Cash
ORD03490,20-Jul-25,CUST0131,P011,External SSD,Accessories,South,1,9000,0.14,Cash
ORD03510,25-Jun-25,CUST0871,P011,External SSD,Accessories,South,1,9000,0.1,Cash
ORD03530,31-May-25,CUST0611,P011,External SSD,Accessories,South,1,9000,0.06,Cash
ORD03550,06-May-25,CUST0351,P011,External SSD,Accessories,South,1,9000,0.02,Cash
ORD03570,11-Apr-25,CUST0091,P011,External SSD,Accessories,South,1,9000,0.14,Cash
ORD03590,17-Mar-25,CUST0831,P011,External SSD,Accessories,South,1,9000,0.1,Cash
ORD03610,20-Feb-25,CUST0571,P011,External SSD,Accessories,South,1,9000,0.06,Cash
ORD03630,26-Jan-25,CUST0311,P011,External SSD,Accessories,South,1,9000,0.02,Cash
ORD03650,01-Jan-25,CUST0051,P011,External SSD,Accessories,South,1,9000,0.14,Cash
ORD03670,07-Dec-25,CUST0791,P011,External SSD,Accessories,South,1,9000,0.1,Cash
ORD03690,12-Nov-25,CUST0531,P011,External SSD,Accessories,South,1,9000,0.06,Cash
ORD03710,18-Oct-25,CUST0271,P011,External SSD,Accessories,South,1,9000,0.02,Cash
ORD03730,23-Sep-25,CUST0011,P011,External SSD,Accessories,South,1,9000,0.14,Cash
ORD03750,29-Aug-25,CUST0751,P011,External SSD,Accessories,South,1,9000,0.1,Cash
ORD03770,04-Aug-25,CUST0491,P011,External SSD,Accessories,South,1,9000,0.06,Cash
ORD03790,10-Jul-25,CUST0231,P011,External SSD,Accessories,South,1,9000,0.02,Cash
ORD03810,15-Jun-25,CUST0971,P011,External SSD,Accessories,South,1,9000,0.14,Cash
ORD03830,21-May-25,CUST0711,P011,External SSD,Accessories,South,1,9000,0.1,Cash
ORD03850,26-Apr-25,CUST0451,P011,External SSD,Accessories,South,1,9000,0.06,Cash
ORD03870,01-Apr-25,CUST0191,P011,External SSD,Accessories,South,1,9000,0.02,Cash
ORD03890,07-Mar-25,CUST0931,P011,External SSD,Accessories,South,1,9000,0.14,Cash
ORD03910,10-Feb-25,CUST0671,P011,External SSD,Accessories,South,1,9000,0.1,Cash
ORD03930,16-Jan-25,CUST0411,P011,External SSD,Accessories,South,1,9000,0.06,Cash
ORD03950,22-Dec-25,CUST0151,P011,External SSD,Accessories,South,1,9000,0.02,Cash
ORD03970,27-Nov-25,CUST0891,P011,External SSD,Accessories,South,1,9000,0.14,Cash
ORD03990,02-Nov-25,CUST0631,P011,External SSD,Accessories,South,1,9000,0.1,Cash
ORD04010,08-Oct-25,CUST0371,P011,External SSD,Accessories,South,1,9000,0.06,Cash
ORD04030,13-Sep-25,CUST0111,P011,External SSD,Accessories,South,1,9000,0.02,Cash
ORD04050,19-Aug-25,CUST0851,P011,External SSD,Accessories,South,1,9000,0.14,Cash
ORD04070,25-Jul-25,CUST0591,P011,External SSD,Accessories,South,1,9000,0.1,Cash
ORD04090,30-Jun-25,CUST0331,P011,External SSD,Accessories,South,1,9000,0.06,Cash
ORD04110,05-Jun-25,CUST0071,P011,External SSD,Accessories,South,1,9000,0.02,Cash
ORD04130,11-May-25,CUST0811,P011,External SSD,Accessories,South,1,9000,0.14,Cash
ORD04150,16-Apr-25,CUST0551,P011,External SSD,Accessories,South,1,9000,0.1,Cash
ORD04170,22-Mar-25,CUST0291,P011,External SSD,Accessories,South,1,9000,0.06,Cash
ORD04190,25-Feb-25,CUST0031,P011,External SSD,Accessories,South,1,9000,0.02,Cash
ORD04210,31-Jan-25,CUST0771,P011,External SSD,Accessories,South,1,9000,0.14,Cash
ORD04230,06-Jan-25,CUST0511,P011,External SSD,Accessories,South,1,9000,0.1,Cash
ORD04250,12-Dec-25,CUST0251,P011,External SSD,Accessories,South,1,9000,0.06,Cash
ORD04270,17-Nov-25,CUST0991,P011,External SSD,Accessories,South,1,9000,0.02,Cash
ORD04290,23-Oct-25,CUST0731,P011,External SSD,Accessories,South,1,9000,0.14,Cash
ORD04310,28-Sep-25,CUST0471,P011,External SSD,Accessories,South,1,9000,0.1,Cash
ORD04330,03-Sep-25,CUST0211,P011,External SSD,Accessories,South,1,9000,0.06,Cash
ORD04350,09-Aug-25,CUST0951,P011,External SSD,Accessories,South,1,9000,0.02,Cash
ORD04370,15-Jul-25,CUST0691,P011,External SSD,Accessories,South,1,9000,0.14,Cash
ORD04390,20-Jun-25,CUST0431,P011,External SSD,Accessories,South,1,9000,0.1,Cash
ORD04410,26-May-25,CUST0171,P011,External SSD,Accessories,South,1,9000,0.06,Cash
ORD04430,01-May-25,CUST0911,P011,External SSD,Accessories,South,1,9000,0.02,Cash
ORD04450,06-Apr-25,CUST0651,P011,External SSD,Accessories,South,1,9000,0.14,Cash
ORD04470,12-Mar-25,CUST0391,P011,External SSD,Accessories,South,1,9000,0.1,Cash
ORD04490,15-Feb-25,CUST0131,P011,External SSD,Accessories,South,1,9000,0.06,Cash
ORD04510,21-Jan-25,CUST0871,P011,External SSD,Accessories,South,1,9000,0.02,Cash
ORD04530,27-Dec-25,CUST0611,P011,External SSD,Accessories,South,1,9000,0.14,Cash
ORD04550,02-Dec-25,CUST0351,P011,External SSD,Accessories,South,1,9000,0.1,Cash
ORD04570,07-Nov-25,CUST0091,P011,External SSD,Accessories,South,1,9000,0.06,Cash
ORD04590,13-Oct-25,CUST0831,P011,External SSD,Accessories,South,1,9000,0.02,Cash
ORD04610,18-Sep-25,CUST0571,P011,External SSD,Accessories,South,1,9000,0.14,Cash
ORD04630,24-Aug-25,CUST0311,P011,External SSD,Accessories,South,1,9000,0.1,Cash
ORD04650,30-Jul-25,CUST0051,P011,External SSD,Accessories,South,1,9000,0.06,Cash
ORD04670,05-Jul-25,CUST0791,P011,External SSD,Accessories,South,1,9000,0.02,Cash
ORD04690,10-Jun-25,CUST0531,P011,External SSD,Accessories,South,1,9000,0.14,Cash
ORD04710,16-May-25,CUST0271,P011,External SSD,Accessories,South,1,9000,0.1,Cash
ORD04730,21-Apr-25,CUST0011,P011,External SSD,Accessories,South,1,9000,0.06,Cash
ORD04750,27-Mar-25,CUST0751,P011,External SSD,Accessories,South,1,9000,0.02,Cash
ORD04770,02-Mar-25,CUST0491,P011,External SSD,Accessories,South,1,9000,0.14,Cash
ORD04790,05-Feb-25,CUST0231,P011,External SSD,Accessories,South,1,9000,0.1,Cash
ORD04810,11-Jan-25,CUST0971,P011,External SSD,Accessories,South,1,9000,0.06,Cash
ORD04830,17-Dec-25,CUST0711,P011,External SSD,Accessories,South,1,9000,0.02,Cash
ORD04850,22-Nov-25,CUST0451,P011,External SSD,Accessories,South,1,9000,0.14,Cash
ORD04870,28-Oct-25,CUST0191,P011,External SSD,Accessories,South,1,9000,0.1,Cash
ORD04890,03-Oct-25,CUST0931,P011,External SSD,Accessories,South,1,9000,0.06,Cash
ORD04910,08-Sep-25,CUST0671,P011,External SSD,Accessories,South,1,9000,0.02,Cash
ORD04930,14-Aug-25,CUST0411,P011,External SSD,Accessories,South,1,9000,0.14,Cash
ORD04950,20-Jul-25,CUST0151,P011,External SSD,Accessories,South,1,9000,0.1,Cash
ORD04970,25-Jun-25,CUST0891,P011,External SSD,Accessories,South,1,9000,0.06,Cash
ORD04990,31-May-25,CUST0631,P011,External SSD,Accessories,South,1,9000,0.02,Cash
ORD00015,13-Sep-25,CUST0556,P016,Smartwatch,Accessories,South,1,7000,0.09,Net Banking
ORD00035,19-Aug-25,CUST0296,P016,Smartwatch,Accessories,South,1,7000,0.05,Net Banking
ORD00055,25-Jul-25,CUST0036,P016,Smartwatch,Accessories,South,1,7000,0.01,Net Banking
ORD00075,30-Jun-25,CUST0776,P016,Smartwatch,Accessories,South,1,7000,0.13,Net Banking
ORD00095,05-Jun-25,CUST0516,P016,Smartwatch,Accessories,South,1,7000,0.09,Net Banking
ORD00115,11-May-25,CUST0256,P016,Smartwatch,Accessories,South,1,7000,0.05,Net Banking
ORD00135,16-Apr-25,CUST0996,P016,Smartwatch,Accessories,South,1,7000,0.01,Net Banking
ORD00155,22-Mar-25,CUST0736,P016,Smartwatch,Accessories,South,1,7000,0.13,Net Banking
ORD00175,25-Feb-25,CUST0476,P016,Smartwatch,Accessories,South,1,7000,0.09,Net Banking
ORD00195,31-Jan-25,CUST0216,P016,Smartwatch,Accessories,South,1,7000,0.05,Net Banking
ORD00215,06-Jan-25,CUST0956,P016,Smartwatch,Accessories,South,1,7000,0.01,Net Banking
ORD00235,12-Dec-25,CUST0696,P016,Smartwatch,Accessories,South,1,7000,0.13,Net Banking
ORD00255,17-Nov-25,CUST0436,P016,Smartwatch,Accessories,South,1,7000,0.09,Net Banking
ORD00275,23-Oct-25,CUST0176,P016,Smartwatch,Accessories,South,1,7000,0.05,Net Banking
ORD00295,28-Sep-25,CUST0916,P016,Smartwatch,Accessories,South,1,7000,0.01,Net Banking
ORD00315,03-Sep-25,CUST0656,P016,Smartwatch,Accessories,South,1,7000,0.13,Net Banking
ORD00335,09-Aug-25,CUST0396,P016,Smartwatch,Accessories,South,1,7000,0.09,Net Banking
ORD00355,15-Jul-25,CUST0136,P016,Smartwatch,Accessories,South,1,7000,0.05,Net Banking
ORD00375,20-Jun-25,CUST0876,P016,Smartwatch,Accessories,South,1,7000,0.01,Net Banking
ORD00395,26-May-25,CUST0616,P016,Smartwatch,Accessories,South,1,7000,0.13,Net Banking
ORD00415,01-May-25,CUST0356,P016,Smartwatch,Accessories,South,1,7000,0.09,Net Banking
ORD00435,06-Apr-25,CUST0096,P016,Smartwatch,Accessories,South,1,7000,0.05,Net Banking
ORD00455,12-Mar-25,CUST0836,P016,Smartwatch,Accessories,South,1,7000,0.01,Net Banking
ORD00475,15-Feb-25,CUST0576,P016,Smartwatch,Accessories,South,1,7000,0.13,Net Banking
ORD00495,21-Jan-25,CUST0316,P016,Smartwatch,Accessories,South,1,7000,0.09,Net Banking
ORD00515,27-Dec-25,CUST0056,P016,Smartwatch,Accessories,South,1,7000,0.05,Net Banking
ORD00535,02-Dec-25,CUST0796,P016,Smartwatch,Accessories,South,1,7000,0.01,Net Banking
ORD00555,07-Nov-25,CUST0536,P016,Smartwatch,Accessories,South,1,7000,0.13,Net Banking
ORD00575,13-Oct-25,CUST0276,P016,Smartwatch,Accessories,South,1,7000,0.09,Net Banking
ORD00595,18-Sep-25,CUST0016,P016,Smartwatch,Accessories,South,1,7000,0.05,Net Banking
ORD00615,24-Aug-25,CUST0756,P016,Smartwatch,Accessories,South,1,7000,0.01,Net Banking
ORD00635,30-Jul-25,CUST0496,P016,Smartwatch,Accessories,South,1,7000,0.13,Net Banking
ORD00655,05-Jul-25,CUST0236,P016,Smartwatch,Accessories,South,1,7000,0.09,Net Banking
ORD00675,10-Jun-25,CUST0976,P016,Smartwatch,Accessories,South,1,7000,0.05,Net Banking
ORD00695,16-May-25,CUST0716,P016,Smartwatch,Accessories,South,1,7000,0.01,Net Banking
ORD00715,21-Apr-25,CUST0456,P016,Smartwatch,Accessories,South,1,7000,0.13,Net Banking
ORD00735,27-Mar-25,CUST0196,P016,Smartwatch,Accessories,South,1,7000,0.09,Net Banking
ORD00755,02-Mar-25,CUST0936,P016,Smartwatch,Accessories,South,1,7000,0.05,Net Banking
ORD00775,05-Feb-25,CUST0676,P016,Smartwatch,Accessories,South,1,7000,0.01,Net Banking
ORD00795,11-Jan-25,CUST0416,P016,Smartwatch,Accessories,South,1,7000,0.13,Net Banking
ORD00815,17-Dec-25,CUST0156,P016,Smartwatch,Accessories,South,1,7000,0.09,Net Banking
ORD00835,22-Nov-25,CUST0896,P016,Smartwatch,Accessories,South,1,7000,0.05,Net Banking
ORD00855,28-Oct-25,CUST0636,P016,Smartwatch,Accessories,South,1,7000,0.01,Net Banking
ORD00875,03-Oct-25,CUST0376,P016,Smartwatch,Accessories,South,1,7000,0.13,Net Banking
ORD00895,08-Sep-25,CUST0116,P016,Smartwatch,Accessories,South,1,7000,0.09,Net Banking
ORD00915,14-Aug-25,CUST0856,P016,Smartwatch,Accessories,South,1,7000,0.05,Net Banking
ORD00935,20-Jul-25,CUST0596,P016,Smartwatch,Accessories,South,1,7000,0.01,Net Banking
ORD00955,25-Jun-25,CUST0336,P016,Smartwatch,Accessories,South,1,7000,0.13,Net Banking
ORD00975,31-May-25,CUST0076,P016,Smartwatch,Accessories,South,1,7000,0.09,Net Banking
ORD00995,06-May-25,CUST0816,P016,Smartwatch,Accessories,South,1,7000,0.05,Net Banking
ORD01015,11-Apr-25,CUST0556,P016,Smartwatch,Accessories,South,1,7000,0.01,Net Banking
ORD01035,17-Mar-25,CUST0296,P016,Smartwatch,Accessories,South,1,7000,0.13,Net Banking
ORD01055,20-Feb-25,CUST0036,P016,Smartwatch,Accessories,South,1,7000,0.09,Net Banking
ORD01075,26-Jan-25,CUST0776,P016,Smartwatch,Accessories,South,1,7000,0.05,Net Banking
ORD01095,01-Jan-25,CUST0516,P016,Smartwatch,Accessories,South,1,7000,0.01,Net Banking
ORD01115,07-Dec-25,CUST0256,P016,Smartwatch,Accessories,South,1,7000,0.13,Net Banking
ORD01135,12-Nov-25,CUST0996,P016,Smartwatch,Accessories,South,1,7000,0.09,Net Banking
ORD01155,18-Oct-25,CUST0736,P016,Smartwatch,Accessories,South,1,7000,0.05,Net Banking
ORD01175,23-Sep-25,CUST0476,P016,Smartwatch,Accessories,South,1,7000,0.01,Net Banking
ORD01195,29-Aug-25,CUST0216,P016,Smartwatch,Accessories,South,1,7000,0.13,Net Banking
ORD01215,04-Aug-25,CUST0956,P016,Smartwatch,Accessories,South,1,7000,0.09,Net Banking
ORD01235,10-Jul-25,CUST0696,P016,Smartwatch,Accessories,South,1,7000,0.05,Net Banking
ORD01255,15-Jun-25,CUST0436,P016,Smartwatch,Accessories,South,1,7000,0.01,Net Banking
ORD01275,21-May-25,CUST0176,P016,Smartwatch,Accessories,South,1,7000,0.13,Net Banking
ORD01295,26-Apr-25,CUST0916,P016,Smartwatch,Accessories,South,1,7000,0.09,Net Banking
ORD01315,01-Apr-25,CUST0656,P016,Smartwatch,Accessories,South,1,7000,0.05,Net Banking
ORD01335,07-Mar-25,CUST0396,P016,Smartwatch,Accessories,South,1,7000,0.01,Net Banking
ORD01355,10-Feb-25,CUST0136,P016,Smartwatch,Accessories,South,1,7000,0.13,Net Banking
ORD01375,16-Jan-25,CUST0876,P016,Smartwatch,Accessories,South,1,7000,0.09,Net Banking
ORD01395,22-Dec-25,CUST0616,P016,Smartwatch,Accessories,South,1,7000,0.05,Net Banking
ORD01415,27-Nov-25,CUST0356,P016,Smartwatch,Accessories,South,1,7000,0.01,Net Banking
ORD01435,02-Nov-25,CUST0096,P016,Smartwatch,Accessories,South,1,7000,0.13,Net Banking
ORD01455,08-Oct-25,CUST0836,P016,Smartwatch,Accessories,South,1,7000,0.09,Net Banking
ORD01475,13-Sep-25,CUST0576,P016,Smartwatch,Accessories,South,1,7000,0.05,Net Banking
ORD01495,19-Aug-25,CUST0316,P016,Smartwatch,Accessories,South,1,7000,0.01,Net Banking
ORD01515,25-Jul-25,CUST0056,P016,Smartwatch,Accessories,South,1,7000,0.13,Net Banking
ORD01535,30-Jun-25,CUST0796,P016,Smartwatch,Accessories,South,1,7000,0.09,Net Banking
ORD01555,05-Jun-25,CUST0536,P016,Smartwatch,Accessories,South,1,7000,0.05,Net Banking
ORD01575,11-May-25,CUST0276,P016,Smartwatch,Accessories,South,1,7000,0.01,Net Banking
ORD01595,16-Apr-25,CUST0016,P016,Smartwatch,Accessories,South,1,7000,0.13,Net Banking
ORD01615,22-Mar-25,CUST0756,P016,Smartwatch,Accessories,South,1,7000,0.09,Net Banking
ORD01635,25-Feb-25,CUST0496,P016,Smartwatch,Accessories,South,1,7000,0.05,Net Banking
ORD01655,31-Jan-25,CUST0236,P016,Smartwatch,Accessories,South,1,7000,0.01,Net Banking
ORD01675,06-Jan-25,CUST0976,P016,Smartwatch,Accessories,South,1,7000,0.13,Net Banking
ORD01695,12-Dec-25,CUST0716,P016,Smartwatch,Accessories,South,1,7000,0.09,Net Banking
ORD01715,17-Nov-25,CUST0456,P016,Smartwatch,Accessories,South,1,7000,0.05,Net Banking
ORD01735,23-Oct-25,CUST0196,P016,Smartwatch,Accessories,South,1,7000,0.01,Net Banking
ORD01755,28-Sep-25,CUST0936,P016,Smartwatch,Accessories,South,1,7000,0.13,Net Banking
ORD01775,03-Sep-25,CUST0676,P016,Smartwatch,Accessories,South,1,7000,0.09,Net Banking
ORD01795,09-Aug-25,CUST0416,P016,Smartwatch,Accessories,South,1,7000,0.05,Net Banking
ORD01815,15-Jul-25,CUST0156,P016,Smartwatch,Accessories,South,1,7000,0.01,Net Banking
ORD01835,20-Jun-25,CUST0896,P016,Smartwatch,Accessories,South,1,7000,0.13,Net Banking
ORD01855,26-May-25,CUST0636,P016,Smartwatch,Accessories,South,1,7000,0.09,Net Banking
ORD01875,01-May-25,CUST0376,P016,Smartwatch,Accessories,South,1,7000,0.05,Net Banking
ORD01895,06-Apr-25,CUST0116,P016,Smartwatch,Accessories,South,1,7000,0.01,Net Banking
ORD01915,12-Mar-25,CUST0856,P016,Smartwatch,Accessories,South,1,7000,0.13,Net Banking
ORD01935,15-Feb-25,CUST0596,P016,Smartwatch,Accessories,South,1,7000,0.09,Net Banking
ORD01955,21-Jan-25,CUST0336,P016,Smartwatch,Accessories,South,1,7000,0.05,Net Banking
ORD01975,27-Dec-25,CUST0076,P016,Smartwatch,Accessories,South,1,7000,0.01,Net Banking
ORD01995,02-Dec-25,CUST0816,P016,Smartwatch,Accessories,South,1,7000,0.13,Net Banking
ORD02015,07-Nov-25,CUST0556,P016,Smartwatch,Accessories,South,1,7000,0.09,Net Banking
ORD02035,13-Oct-25,CUST0296,P016,Smartwatch,Accessories,South,1,7000,0.05,Net Banking
ORD02055,18-Sep-25,CUST0036,P016,Smartwatch,Accessories,South,1,7000,0.01,Net Banking
ORD02075,24-Aug-25,CUST0776,P016,Smartwatch,Accessories,South,1,7000,0.13,Net Banking
ORD02095,30-Jul-25,CUST0516,P016,Smartwatch,Accessories,South,1,7000,0.09,Net Banking
ORD02115,05-Jul-25,CUST0256,P016,Smartwatch,Accessories,South,1,7000,0.05,Net Banking
ORD02135,10-Jun-25,CUST0996,P016,Smartwatch,Accessories,South,1,7000,0.01,Net Banking
ORD02155,16-May-25,CUST0736,P016,Smartwatch,Accessories,South,1,7000,0.13,Net Banking
ORD02175,21-Apr-25,CUST0476,P016,Smartwatch,Accessories,South,1,7000,0.09,Net Banking
ORD02195,27-Mar-25,CUST0216,P016,Smartwatch,Accessories,South,1,7000,0.05,Net Banking
ORD02215,02-Mar-25,CUST0956,P016,Smartwatch,Accessories,South,1,7000,0.01,Net Banking
ORD02235,05-Feb-25,CUST0696,P016,Smartwatch,Accessories,South,1,7000,0.13,Net Banking
ORD02255,11-Jan-25,CUST0436,P016,Smartwatch,Accessories,South,1,7000,0.09,Net Banking
ORD02275,17-Dec-25,CUST0176,P016,Smartwatch,Accessories,South,1,7000,0.05,Net Banking
ORD02295,22-Nov-25,CUST0916,P016,Smartwatch,Accessories,South,1,7000,0.01,Net Banking
ORD02315,28-Oct-25,CUST0656,P016,Smartwatch,Accessories,South,1,7000,0.13,Net Banking
ORD02335,03-Oct-25,CUST0396,P016,Smartwatch,Accessories,South,1,7000,0.09,Net Banking
ORD02355,08-Sep-25,CUST0136,P016,Smartwatch,Accessories,South,1,7000,0.05,Net Banking
ORD02375,14-Aug-25,CUST0876,P016,Smartwatch,Accessories,South,1,7000,0.01,Net Banking
ORD02395,20-Jul-25,CUST0616,P016,Smartwatch,Accessories,South,1,7000,0.13,Net Banking
ORD02415,25-Jun-25,CUST0356,P016,Smartwatch,Accessories,South,1,7000,0.09,Net Banking
ORD02435,31-May-25,CUST0096,P016,Smartwatch,Accessories,South,1,7000,0.05,Net Banking
ORD02455,06-May-25,CUST0836,P016,Smartwatch,Accessories,South,1,7000,0.01,Net Banking
ORD02475,11-Apr-25,CUST0576,P016,Smartwatch,Accessories,South,1,7000,0.13,Net Banking
ORD02495,17-Mar-25,CUST0316,P016,Smartwatch,Accessories,South,1,7000,0.09,Net Banking
ORD02515,20-Feb-25,CUST0056,P016,Smartwatch,Accessories,South,1,7000,0.05,Net Banking
ORD02535,26-Jan-25,CUST0796,P016,Smartwatch,Accessories,South,1,7000,0.01,Net Banking
ORD02555,01-Jan-25,CUST0536,P016,Smartwatch,Accessories,South,1,7000,0.13,Net Banking
ORD02575,07-Dec-25,CUST0276,P016,Smartwatch,Accessories,South,1,7000,0.09,Net Banking
ORD02595,12-Nov-25,CUST0016,P016,Smartwatch,Accessories,South,1,7000,0.05,Net Banking
ORD02615,18-Oct-25,CUST0756,P016,Smartwatch,Accessories,South,1,7000,0.01,Net Banking
ORD02635,23-Sep-25,CUST0496,P016,Smartwatch,Accessories,South,1,7000,0.13,Net Banking
ORD02655,29-Aug-25,CUST0236,P016,Smartwatch,Accessories,South,1,7000,0.09,Net Banking
ORD02675,04-Aug-25,CUST0976,P016,Smartwatch,Accessories,South,1,7000,0.05,Net Banking
ORD02695,10-Jul-25,CUST0716,P016,Smartwatch,Accessories,South,1,7000,0.01,Net Banking
ORD02715,15-Jun-25,CUST0456,P016,Smartwatch,Accessories,South,1,7000,0.13,Net Banking
ORD02735,21-May-25,CUST0196,P016,Smartwatch,Accessories,South,1,7000,0.09,Net Banking
ORD02755,26-Apr-25,CUST0936,P016,Smartwatch,Accessories,South,1,7000,0.05,Net Banking
ORD02775,01-Apr-25,CUST0676,P016,Smartwatch,Accessories,South,1,7000,0.01,Net Banking
ORD02795,07-Mar-25,CUST0416,P016,Smartwatch,Accessories,South,1,7000,0.13,Net Banking
ORD02815,10-Feb-25,CUST0156,P016,Smartwatch,Accessories,South,1,7000,0.09,Net Banking
ORD02835,16-Jan-25,CUST0896,P016,Smartwatch,Accessories,South,1,7000,0.05,Net Banking
ORD02855,22-Dec-25,CUST0636,P016,Smartwatch,Accessories,South,1,7000,0.01,Net Banking
ORD02875,27-Nov-25,CUST0376,P016,Smartwatch,Accessories,South,1,7000,0.13,Net Banking
ORD02895,02-Nov-25,CUST0116,P016,Smartwatch,Accessories,South,1,7000,0.09,Net Banking
ORD02915,08-Oct-25,CUST0856,P016,Smartwatch,Accessories,South,1,7000,0.05,Net Banking
ORD02935,13-Sep-25,CUST0596,P016,Smartwatch,Accessories,South,1,7000,0.01,Net Banking
ORD02955,19-Aug-25,CUST0336,P016,Smartwatch,Accessories,South,1,7000,0.13,Net Banking
ORD02975,25-Jul-25,CUST0076,P016,Smartwatch,Accessories,South,1,7000,0.09,Net Banking
ORD02995,30-Jun-25,CUST0816,P016,Smartwatch,Accessories,South,1,7000,0.05,Net Banking
ORD03015,05-Jun-25,CUST0556,P016,Smartwatch,Accessories,South,1,7000,0.01,Net Banking
ORD03035,11-May-25,CUST0296,P016,Smartwatch,Accessories,South,1,7000,0.13,Net Banking
ORD03055,16-Apr-25,CUST0036,P016,Smartwatch,Accessories,South,1,7000,0.09,Net Banking
ORD03075,22-Mar-25,CUST0776,P016,Smartwatch,Accessories,South,1,7000,0.05,Net Banking
ORD03095,25-Feb-25,CUST0516,P016,Smartwatch,Accessories,South,1,7000,0.01,Net Banking
ORD03115,31-Jan-25,CUST0256,P016,Smartwatch,Accessories,South,1,7000,0.13,Net Banking
ORD03135,06-Jan-25,CUST0996,P016,Smartwatch,Accessories,South,1,7000,0.09,Net Banking
ORD03155,12-Dec-25,CUST0736,P016,Smartwatch,Accessories,South,1,7000,0.05,Net Banking
ORD03175,17-Nov-25,CUST0476,P016,Smartwatch,Accessories,South,1,7000,0.01,Net Banking
ORD03195,23-Oct-25,CUST0216,P016,Smartwatch,Accessories,South,1,7000,0.13,Net Banking
ORD03215,28-Sep-25,CUST0956,P016,Smartwatch,Accessories,South,1,7000,0.09,Net Banking
ORD03235,03-Sep-25,CUST0696,P016,Smartwatch,Accessories,South,1,7000,0.05,Net Banking
ORD03255,09-Aug-25,CUST0436,P016,Smartwatch,Accessories,South,1,7000,0.01,Net Banking
ORD03275,15-Jul-25,CUST0176,P016,Smartwatch,Accessories,South,1,7000,0.13,Net Banking
ORD03295,20-Jun-25,CUST0916,P016,Smartwatch,Accessories,South,1,7000,0.09,Net Banking
ORD03315,26-May-25,CUST0656,P016,Smartwatch,Accessories,South,1,7000,0.05,Net Banking
ORD03335,01-May-25,CUST0396,P016,Smartwatch,Accessories,South,1,7000,0.01,Net Banking
ORD03355,06-Apr-25,CUST0136,P016,Smartwatch,Accessories,South,1,7000,0.13,Net Banking
ORD03375,12-Mar-25,CUST0876,P016,Smartwatch,Accessories,South,1,7000,0.09,Net Banking
ORD03395,15-Feb-25,CUST0616,P016,Smartwatch,Accessories,South,1,7000,0.05,Net Banking
ORD03415,21-Jan-25,CUST0356,P016,Smartwatch,Accessories,South,1,7000,0.01,Net Banking
ORD03435,27-Dec-25,CUST0096,P016,Smartwatch,Accessories,South,1,7000,0.13,Net Banking
ORD03455,02-Dec-25,CUST0836,P016,Smartwatch,Accessories,South,1,7000,0.09,Net Banking
ORD03475,07-Nov-25,CUST0576,P016,Smartwatch,Accessories,South,1,7000,0.05,Net Banking
ORD03495,13-Oct-25,CUST0316,P016,Smartwatch,Accessories,South,1,7000,0.01,Net Banking
ORD03515,18-Sep-25,CUST0056,P016,Smartwatch,Accessories,South,1,7000,0.13,Net Banking
ORD03535,24-Aug-25,CUST0796,P016,Smartwatch,Accessories,South,1,7000,0.09,Net Banking
ORD03555,30-Jul-25,CUST0536,P016,Smartwatch,Accessories,South,1,7000,0.05,Net Banking
ORD03575,05-Jul-25,CUST0276,P016,Smartwatch,Accessories,South,1,7000,0.01,Net Banking
ORD03595,10-Jun-25,CUST0016,P016,Smartwatch,Accessories,South,1,7000,0.13,Net Banking
ORD03615,16-May-25,CUST0756,P016,Smartwatch,Accessories,South,1,7000,0.09,Net Banking
ORD03635,21-Apr-25,CUST0496,P016,Smartwatch,Accessories,South,1,7000,0.05,Net Banking
ORD03655,27-Mar-25,CUST0236,P016,Smartwatch,Accessories,South,1,7000,0.01,Net Banking
ORD03675,02-Mar-25,CUST0976,P016,Smartwatch,Accessories,South,1,7000,0.13,Net Banking
ORD03695,05-Feb-25,CUST0716,P016,Smartwatch,Accessories,South,1,7000,0.09,Net Banking
ORD03715,11-Jan-25,CUST0456,P016,Smartwatch,Accessories,South,1,7000,0.05,Net Banking
ORD03735,17-Dec-25,CUST0196,P016,Smartwatch,Accessories,South,1,7000,0.01,Net Banking
ORD03755,22-Nov-25,CUST0936,P016,Smartwatch,Accessories,South,1,7000,0.13,Net Banking
ORD03775,28-Oct-25,CUST0676,P016,Smartwatch,Accessories,South,1,7000,0.09,Net Banking
ORD03795,03-Oct-25,CUST0416,P016,Smartwatch,Accessories,South,1,7000,0.05,Net Banking
ORD03815,08-Sep-25,CUST0156,P016,Smartwatch,Accessories,South,1,7000,0.01,Net Banking
ORD03835,14-Aug-25,CUST0896,P016,Smartwatch,Accessories,South,1,7000,0.13,Net Banking
ORD03855,20-Jul-25,CUST0636,P016,Smartwatch,Accessories,South,1,7000,0.09,Net Banking
ORD03875,25-Jun-25,CUST0376,P016,Smartwatch,Accessories,South,1,7000,0.05,Net Banking
ORD03895,31-May-25,CUST0116,P016,Smartwatch,Accessories,South,1,7000,0.01,Net Banking
ORD03915,06-May-25,CUST0856,P016,Smartwatch,Accessories,South,1,7000,0.13,Net Banking
ORD03935,11-Apr-25,CUST0596,P016,Smartwatch,Accessories,South,1,7000,0.09,Net Banking
ORD03955,17-Mar-25,CUST0336,P016,Smartwatch,Accessories,South,1,7000,0.05,Net Banking
ORD03975,20-Feb-25,CUST0076,P016,Smartwatch,Accessories,South,1,7000,0.01,Net Banking
ORD03995,26-Jan-25,CUST0816,P016,Smartwatch,Accessories,South,1,7000,0.13,Net Banking
ORD04015,01-Jan-25,CUST0556,P016,Smartwatch,Accessories,South,1,7000,0.09,Net Banking
ORD04035,07-Dec-25,CUST0296,P016,Smartwatch,Accessories,South,1,7000,0.05,Net Banking
ORD04055,12-Nov-25,CUST0036,P016,Smartwatch,Accessories,South,1,7000,0.01,Net Banking
ORD04075,18-Oct-25,CUST0776,P016,Smartwatch,Accessories,South,1,7000,0.13,Net Banking
ORD04095,23-Sep-25,CUST0516,P016,Smartwatch,Accessories,South,1,7000,0.09,Net Banking
ORD04115,29-Aug-25,CUST0256,P016,Smartwatch,Accessories,South,1,7000,0.05,Net Banking
ORD04135,04-Aug-25,CUST0996,P016,Smartwatch,Accessories,South,1,7000,0.01,Net Banking
ORD04155,10-Jul-25,CUST0736,P016,Smartwatch,Accessories,South,1,7000,0.13,Net Banking
ORD04175,15-Jun-25,CUST0476,P016,Smartwatch,Accessories,South,1,7000,0.09,Net Banking
ORD04195,21-May-25,CUST0216,P016,Smartwatch,Accessories,South,1,7000,0.05,Net Banking
ORD04215,26-Apr-25,CUST0956,P016,Smartwatch,Accessories,South,1,7000,0.01,Net Banking
ORD04235,01-Apr-25,CUST0696,P016,Smartwatch,Accessories,South,1,7000,0.13,Net Banking
ORD04255,07-Mar-25,CUST0436,P016,Smartwatch,Accessories,South,1,7000,0.09,Net Banking
ORD04275,10-Feb-25,CUST0176,P016,Smartwatch,Accessories,South,1,7000,0.05,Net Banking
ORD04295,16-Jan-25,CUST0916,P016,Smartwatch,Accessories,South,1,7000,0.01,Net Banking
ORD04315,22-Dec-25,CUST0656,P016,Smartwatch,Accessories,South,1,7000,0.13,Net Banking
ORD04335,27-Nov-25,CUST0396,P016,Smartwatch,Accessories,South,1,7000,0.09,Net Banking
ORD04355,02-Nov-25,CUST0136,P016,Smartwatch,Accessories,South,1,7000,0.05,Net Banking
ORD04375,08-Oct-25,CUST0876,P016,Smartwatch,Accessories,South,1,7000,0.01,Net Banking
ORD04395,13-Sep-25,CUST0616,P016,Smartwatch,Accessories,South,1,7000,0.13,Net Banking
ORD04415,19-Aug-25,CUST0356,P016,Smartwatch,Accessories,South,1,7000,0.09,Net Banking
ORD04435,25-Jul-25,CUST0096,P016,Smartwatch,Accessories,South,1,7000,0.05,Net Banking
ORD04455,30-Jun-25,CUST0836,P016,Smartwatch,Accessories,South,1,7000,0.01,Net Banking
ORD04475,05-Jun-25,CUST0576,P016,Smartwatch,Accessories,South,1,7000,0.13,Net Banking
ORD04495,11-May-25,CUST0316,P016,Smartwatch,Accessories,South,1,7000,0.09,Net Banking
ORD04515,16-Apr-25,CUST0056,P016,Smartwatch,Accessories,South,1,7000,0.05,Net Banking
ORD04535,22-Mar-25,CUST0796,P016,Smartwatch,Accessories,South,1,7000,0.01,Net Banking
ORD04555,25-Feb-25,CUST0536,P016,Smartwatch,Accessories,South,1,7000,0.13,Net Banking
ORD04575,31-Jan-25,CUST0276,P016,Smartwatch,Accessories,South,1,7000,0.09,Net Banking
ORD04595,06-Jan-25,CUST0016,P016,Smartwatch,Accessories,South,1,7000,0.05,Net Banking
ORD04615,12-Dec-25,CUST0756,P016,Smartwatch,Accessories,South,1,7000,0.01,Net Banking
ORD04635,17-Nov-25,CUST0496,P016,Smartwatch,Accessories,South,1,7000,0.13,Net Banking
ORD04655,23-Oct-25,CUST0236,P016,Smartwatch,Accessories,South,1,7000,0.09,Net Banking
ORD04675,28-Sep-25,CUST0976,P016,Smartwatch,Accessories,South,1,7000,0.05,Net Banking
ORD04695,03-Sep-25,CUST0716,P016,Smartwatch,Accessories,South,1,7000,0.01,Net Banking
ORD04715,09-Aug-25,CUST0456,P016,Smartwatch,Accessories,South,1,7000,0.13,Net Banking
ORD04735,15-Jul-25,CUST0196,P016,Smartwatch,Accessories,South,1,7000,0.09,Net Banking
ORD04755,20-Jun-25,CUST0936,P016,Smartwatch,Accessories,South,1,7000,0.05,Net Banking
ORD04775,26-May-25,CUST0676,P016,Smartwatch,Accessories,South,1,7000,0.01,Net Banking
ORD04795,01-May-25,CUST0416,P016,Smartwatch,Accessories,South,1,7000,0.13,Net Banking
ORD04815,06-Apr-25,CUST0156,P016,Smartwatch,Accessories,South,1,7000,0.09,Net Banking
ORD04835,12-Mar-25,CUST0896,P016,Smartwatch,Accessories,South,1,7000,0.05,Net Banking
ORD04855,15-Feb-25,CUST0636,P016,Smartwatch,Accessories,South,1,7000,0.01,Net Banking
ORD04875,21-Jan-25,CUST0376,P016,Smartwatch,Accessories,South,1,7000,0.13,Net Banking
ORD04895,27-Dec-25,CUST0116,P016,Smartwatch,Accessories,South,1,7000,0.09,Net Banking
ORD04915,02-Dec-25,CUST0856,P016,Smartwatch,Accessories,South,1,7000,0.05,Net Banking
ORD04935,07-Nov-25,CUST0596,P016,Smartwatch,Accessories,South,1,7000,0.01,Net Banking
ORD04955,13-Oct-25,CUST0336,P016,Smartwatch,Accessories,South,1,7000,0.13,Net Banking
ORD04975,18-Sep-25,CUST0076,P016,Smartwatch,Accessories,South,1,7000,0.09,Net Banking
ORD04995,24-Aug-25,CUST0816,P016,Smartwatch,Accessories,South,1,7000,0.05,Net Banking
ORD00006,13-Apr-25,CUST0223,P007,Headphones,Electronics,North,4,3500,0.1,Cash
ORD00026,19-Mar-25,CUST0963,P007,Headphones,Electronics,North,4,3500,0.06,Cash
ORD00046,22-Feb-25,CUST0703,P007,Headphones,Electronics,North,4,3500,0.02,Cash
ORD00066,28-Jan-25,CUST0443,P007,Headphones,Electronics,North,4,3500,0.14,Cash
ORD00086,03-Jan-25,CUST0183,P007,Headphones,Electronics,North,4,3500,0.1,Cash
ORD00106,09-Dec-25,CUST0923,P007,Headphones,Electronics,North,4,3500,0.06,Cash
ORD00126,14-Nov-25,CUST0663,P007,Headphones,Electronics,North,4,3500,0.02,Cash
ORD00146,20-Oct-25,CUST0403,P007,Headphones,Electronics,North,4,3500,0.14,Cash
ORD00166,25-Sep-25,CUST0143,P007,Headphones,Electronics,North,4,3500,0.1,Cash
ORD00186,31-Aug-25,CUST0883,P007,Headphones,Electronics,North,4,3500,0.06,Cash
ORD00206,06-Aug-25,CUST0623,P007,Headphones,Electronics,North,4,3500,0.02,Cash
ORD00226,12-Jul-25,CUST0363,P007,Headphones,Electronics,North,4,3500,0.14,Cash
ORD00246,17-Jun-25,CUST0103,P007,Headphones,Electronics,North,4,3500,0.1,Cash
ORD00266,23-May-25,CUST0843,P007,Headphones,Electronics,North,4,3500,0.06,Cash
ORD00286,28-Apr-25,CUST0583,P007,Headphones,Electronics,North,4,3500,0.02,Cash
ORD00306,03-Apr-25,CUST0323,P007,Headphones,Electronics,North,4,3500,0.14,Cash
ORD00326,09-Mar-25,CUST0063,P007,Headphones,Electronics,North,4,3500,0.1,Cash
ORD00346,12-Feb-25,CUST0803,P007,Headphones,Electronics,North,4,3500,0.06,Cash
ORD00366,18-Jan-25,CUST0543,P007,Headphones,Electronics,North,4,3500,0.02,Cash
ORD00386,24-Dec-25,CUST0283,P007,Headphones,Electronics,North,4,3500,0.14,Cash
ORD00406,29-Nov-25,CUST0023,P007,Headphones,Electronics,North,4,3500,0.1,Cash
ORD00426,04-Nov-25,CUST0763,P007,Headphones,Electronics,North,4,3500,0.06,Cash
ORD00446,10-Oct-25,CUST0503,P007,Headphones,Electronics,North,4,3500,0.02,Cash
ORD00466,15-Sep-25,CUST0243,P007,Headphones,Electronics,North,4,3500,0.14,Cash
ORD00486,21-Aug-25,CUST0983,P007,Headphones,Electronics,North,4,3500,0.1,Cash
ORD00506,27-Jul-25,CUST0723,P007,Headphones,Electronics,North,4,3500,0.06,Cash
ORD00526,02-Jul-25,CUST0463,P007,Headphones,Electronics,North,4,3500,0.02,Cash
ORD00546,07-Jun-25,CUST0203,P007,Headphones,Electronics,North,4,3500,0.14,Cash
ORD00566,13-May-25,CUST0943,P007,Headphones,Electronics,North,4,3500,0.1,Cash
ORD00586,18-Apr-25,CUST0683,P007,Headphones,Electronics,North,4,3500,0.06,Cash
ORD00606,24-Mar-25,CUST0423,P007,Headphones,Electronics,North,4,3500,0.02,Cash
ORD00626,27-Feb-25,CUST0163,P007,Headphones,Electronics,North,4,3500,0.14,Cash
ORD00646,02-Feb-25,CUST0903,P007,Headphones,Electronics,North,4,3500,0.1,Cash
ORD00666,08-Jan-25,CUST0643,P007,Headphones,Electronics,North,4,3500,0.06,Cash
ORD00686,14-Dec-25,CUST0383,P007,Headphones,Electronics,North,4,3500,0.02,Cash
ORD00706,19-Nov-25,CUST0123,P007,Headphones,Electronics,North,4,3500,0.14,Cash
ORD00726,25-Oct-25,CUST0863,P007,Headphones,Electronics,North,4,3500,0.1,Cash
ORD00746,30-Sep-25,CUST0603,P007,Headphones,Electronics,North,4,3500,0.06,Cash
ORD00766,05-Sep-25,CUST0343,P007,Headphones,Electronics,North,4,3500,0.02,Cash
ORD00786,11-Aug-25,CUST0083,P007,Headphones,Electronics,North,4,3500,0.14,Cash
ORD00806,17-Jul-25,CUST0823,P007,Headphones,Electronics,North,4,3500,0.1,Cash
ORD00826,22-Jun-25,CUST0563,P007,Headphones,Electronics,North,4,3500,0.06,Cash
ORD00846,28-May-25,CUST0303,P007,Headphones,Electronics,North,4,3500,0.02,Cash
ORD00866,03-May-25,CUST0043,P007,Headphones,Electronics,North,4,3500,0.14,Cash
ORD00886,08-Apr-25,CUST0783,P007,Headphones,Electronics,North,4,3500,0.1,Cash
ORD00906,14-Mar-25,CUST0523,P007,Headphones,Electronics,North,4,3500,0.06,Cash
ORD00926,17-Feb-25,CUST0263,P007,Headphones,Electronics,North,4,3500,0.02,Cash
ORD00946,23-Jan-25,CUST0003,P007,Headphones,Electronics,North,4,3500,0.14,Cash
ORD00966,29-Dec-25,CUST0743,P007,Headphones,Electronics,North,4,3500,0.1,Cash
ORD00986,04-Dec-25,CUST0483,P007,Headphones,Electronics,North,4,3500,0.06,Cash
ORD01006,09-Nov-25,CUST0223,P007,Headphones,Electronics,North,4,3500,0.02,Cash
ORD01026,15-Oct-25,CUST0963,P007,Headphones,Electronics,North,4,3500,0.14,Cash
ORD01046,20-Sep-25,CUST0703,P007,Headphones,Electronics,North,4,3500,0.1,Cash
ORD01066,26-Aug-25,CUST0443,P007,Headphones,Electronics,North,4,3500,0.06,Cash
ORD01086,01-Aug-25,CUST0183,P007,Headphones,Electronics,North,4,3500,0.02,Cash
ORD01106,07-Jul-25,CUST0923,P007,Headphones,Electronics,North,4,3500,0.14,Cash
ORD01126,12-Jun-25,CUST0663,P007,Headphones,Electronics,North,4,3500,0.1,Cash
ORD01146,18-May-25,CUST0403,P007,Headphones,Electronics,North,4,3500,0.06,Cash
ORD01166,23-Apr-25,CUST0143,P007,Headphones,Electronics,North,4,3500,0.02,Cash
ORD01186,29-Mar-25,CUST0883,P007,Headphones,Electronics,North,4,3500,0.14,Cash
ORD01206,04-Mar-25,CUST0623,P007,Headphones,Electronics,North,4,3500,0.1,Cash
ORD01226,07-Feb-25,CUST0363,P007,Headphones,Electronics,North,4,3500,0.06,Cash
ORD01246,13-Jan-25,CUST0103,P007,Headphones,Electronics,North,4,3500,0.02,Cash
ORD01266,19-Dec-25,CUST0843,P007,Headphones,Electronics,North,4,3500,0.14,Cash
ORD01286,24-Nov-25,CUST0583,P007,Headphones,Electronics,North,4,3500,0.1,Cash
ORD01306,30-Oct-25,CUST0323,P007,Headphones,Electronics,North,4,3500,0.06,Cash
ORD01326,05-Oct-25,CUST0063,P007,Headphones,Electronics,North,4,3500,0.02,Cash
ORD01346,10-Sep-25,CUST0803,P007,Headphones,Electronics,North,4,3500,0.14,Cash
ORD01366,16-Aug-25,CUST0543,P007,Headphones,Electronics,North,4,3500,0.1,Cash
ORD01386,22-Jul-25,CUST0283,P007,Headphones,Electronics,North,4,3500,0.06,Cash
ORD01406,27-Jun-25,CUST0023,P007,Headphones,Electronics,North,4,3500,0.02,Cash
ORD01426,02-Jun-25,CUST0763,P007,Headphones,Electronics,North,4,3500,0.14,Cash
ORD01446,08-May-25,CUST0503,P007,Headphones,Electronics,North,4,3500,0.1,Cash
ORD01466,13-Apr-25,CUST0243,P007,Headphones,Electronics,North,4,3500,0.06,Cash
ORD01486,19-Mar-25,CUST0983,P007,Headphones,Electronics,North,4,3500,0.02,Cash
ORD01506,22-Feb-25,CUST0723,P007,Headphones,Electronics,North,4,3500,0.14,Cash
ORD01526,28-Jan-25,CUST0463,P007,Headphones,Electronics,North,4,3500,0.1,Cash
ORD01546,03-Jan-25,CUST0203,P007,Headphones,Electronics,North,4,3500,0.06,Cash
ORD01566,09-Dec-25,CUST0943,P007,Headphones,Electronics,North,4,3500,0.02,Cash
ORD01586,14-Nov-25,CUST0683,P007,Headphones,Electronics,North,4,3500,0.14,Cash
ORD01606,20-Oct-25,CUST0423,P007,Headphones,Electronics,North,4,3500,0.1,Cash
ORD01626,25-Sep-25,CUST0163,P007,Headphones,Electronics,North,4,3500,0.06,Cash
ORD01646,31-Aug-25,CUST0903,P007,Headphones,Electronics,North,4,3500,0.02,Cash
ORD01666,06-Aug-25,CUST0643,P007,Headphones,Electronics,North,4,3500,0.14,Cash
ORD01686,12-Jul-25,CUST0383,P007,Headphones,Electronics,North,4,3500,0.1,Cash
ORD01706,17-Jun-25,CUST0123,P007,Headphones,Electronics,North,4,3500,0.06,Cash
ORD01726,23-May-25,CUST0863,P007,Headphones,Electronics,North,4,3500,0.02,Cash
ORD01746,28-Apr-25,CUST0603,P007,Headphones,Electronics,North,4,3500,0.14,Cash
ORD01766,03-Apr-25,CUST0343,P007,Headphones,Electronics,North,4,3500,0.1,Cash
ORD01786,09-Mar-25,CUST0083,P007,Headphones,Electronics,North,4,3500,0.06,Cash
ORD01806,12-Feb-25,CUST0823,P007,Headphones,Electronics,North,4,3500,0.02,Cash
ORD01826,18-Jan-25,CUST0563,P007,Headphones,Electronics,North,4,3500,0.14,Cash
ORD01846,24-Dec-25,CUST0303,P007,Headphones,Electronics,North,4,3500,0.1,Cash
ORD01866,29-Nov-25,CUST0043,P007,Headphones,Electronics,North,4,3500,0.06,Cash
ORD01886,04-Nov-25,CUST0783,P007,Headphones,Electronics,North,4,3500,0.02,Cash
ORD01906,10-Oct-25,CUST0523,P007,Headphones,Electronics,North,4,3500,0.14,Cash
ORD01926,15-Sep-25,CUST0263,P007,Headphones,Electronics,North,4,3500,0.1,Cash
ORD01946,21-Aug-25,CUST0003,P007,Headphones,Electronics,North,4,3500,0.06,Cash
ORD01966,27-Jul-25,CUST0743,P007,Headphones,Electronics,North,4,3500,0.02,Cash
ORD01986,02-Jul-25,CUST0483,P007,Headphones,Electronics,North,4,3500,0.14,Cash
ORD02006,07-Jun-25,CUST0223,P007,Headphones,Electronics,North,4,3500,0.1,Cash
ORD02026,13-May-25,CUST0963,P007,Headphones,Electronics,North,4,3500,0.06,Cash
ORD02046,18-Apr-25,CUST0703,P007,Headphones,Electronics,North,4,3500,0.02,Cash
ORD02066,24-Mar-25,CUST0443,P007,Headphones,Electronics,North,4,3500,0.14,Cash
ORD02086,27-Feb-25,CUST0183,P007,Headphones,Electronics,North,4,3500,0.1,Cash
ORD02106,02-Feb-25,CUST0923,P007,Headphones,Electronics,North,4,3500,0.06,Cash
ORD02126,08-Jan-25,CUST0663,P007,Headphones,Electronics,North,4,3500,0.02,Cash
ORD02146,14-Dec-25,CUST0403,P007,Headphones,Electronics,North,4,3500,0.14,Cash
ORD02166,19-Nov-25,CUST0143,P007,Headphones,Electronics,North,4,3500,0.1,Cash
ORD02186,25-Oct-25,CUST0883,P007,Headphones,Electronics,North,4,3500,0.06,Cash
ORD02206,30-Sep-25,CUST0623,P007,Headphones,Electronics,North,4,3500,0.02,Cash
ORD02226,05-Sep-25,CUST0363,P007,Headphones,Electronics,North,4,3500,0.14,Cash
ORD02246,11-Aug-25,CUST0103,P007,Headphones,Electronics,North,4,3500,0.1,Cash
ORD02266,17-Jul-25,CUST0843,P007,Headphones,Electronics,North,4,3500,0.06,Cash
ORD02286,22-Jun-25,CUST0583,P007,Headphones,Electronics,North,4,3500,0.02,Cash
ORD02306,28-May-25,CUST0323,P007,Headphones,Electronics,North,4,3500,0.14,Cash
ORD02326,03-May-25,CUST0063,P007,Headphones,Electronics,North,4,3500,0.1,Cash
ORD02346,08-Apr-25,CUST0803,P007,Headphones,Electronics,North,4,3500,0.06,Cash
ORD02366,14-Mar-25,CUST0543,P007,Headphones,Electronics,North,4,3500,0.02,Cash
ORD02386,17-Feb-25,CUST0283,P007,Headphones,Electronics,North,4,3500,0.14,Cash
ORD02406,23-Jan-25,CUST0023,P007,Headphones,Electronics,North,4,3500,0.1,Cash
ORD02426,29-Dec-25,CUST0763,P007,Headphones,Electronics,North,4,3500,0.06,Cash
ORD02446,04-Dec-25,CUST0503,P007,Headphones,Electronics,North,4,3500,0.02,Cash
ORD02466,09-Nov-25,CUST0243,P007,Headphones,Electronics,North,4,3500,0.14,Cash
ORD02486,15-Oct-25,CUST0983,P007,Headphones,Electronics,North,4,3500,0.1,Cash
ORD02506,20-Sep-25,CUST0723,P007,Headphones,Electronics,North,4,3500,0.06,Cash
ORD02526,26-Aug-25,CUST0463,P007,Headphones,Electronics,North,4,3500,0.02,Cash
ORD02546,01-Aug-25,CUST0203,P007,Headphones,Electronics,North,4,3500,0.14,Cash
ORD02566,07-Jul-25,CUST0943,P007,Headphones,Electronics,North,4,3500,0.1,Cash
ORD02586,12-Jun-25,CUST0683,P007,Headphones,Electronics,North,4,3500,0.06,Cash
ORD02606,18-May-25,CUST0423,P007,Headphones,Electronics,North,4,3500,0.02,Cash
ORD02626,23-Apr-25,CUST0163,P007,Headphones,Electronics,North,4,3500,0.14,Cash
ORD02646,29-Mar-25,CUST0903,P007,Headphones,Electronics,North,4,3500,0.1,Cash
ORD02666,04-Mar-25,CUST0643,P007,Headphones,Electronics,North,4,3500,0.06,Cash
ORD02686,07-Feb-25,CUST0383,P007,Headphones,Electronics,North,4,3500,0.02,Cash
ORD02706,13-Jan-25,CUST0123,P007,Headphones,Electronics,North,4,3500,0.14,Cash
ORD02726,19-Dec-25,CUST0863,P007,Headphones,Electronics,North,4,3500,0.1,Cash
ORD02746,24-Nov-25,CUST0603,P007,Headphones,Electronics,North,4,3500,0.06,Cash
ORD02766,30-Oct-25,CUST0343,P007,Headphones,Electronics,North,4,3500,0.02,Cash
ORD02786,05-Oct-25,CUST0083,P007,Headphones,Electronics,North,4,3500,0.14,Cash
ORD02806,10-Sep-25,CUST0823,P007,Headphones,Electronics,North,4,3500,0.1,Cash
ORD02826,16-Aug-25,CUST0563,P007,Headphones,Electronics,North,4,3500,0.06,Cash
ORD02846,22-Jul-25,CUST0303,P007,Headphones,Electronics,North,4,3500,0.02,Cash
ORD02866,27-Jun-25,CUST0043,P007,Headphones,Electronics,North,4,3500,0.14,Cash
ORD02886,02-Jun-25,CUST0783,P007,Headphones,Electronics,North,4,3500,0.1,Cash
ORD02906,08-May-25,CUST0523,P007,Headphones,Electronics,North,4,3500,0.06,Cash
ORD02926,13-Apr-25,CUST0263,P007,Headphones,Electronics,North,4,3500,0.02,Cash
ORD02946,19-Mar-25,CUST0003,P007,Headphones,Electronics,North,4,3500,0.14,Cash
ORD02966,22-Feb-25,CUST0743,P007,Headphones,Electronics,North,4,3500,0.1,Cash
ORD02986,28-Jan-25,CUST0483,P007,Headphones,Electronics,North,4,3500,0.06,Cash
ORD03006,03-Jan-25,CUST0223,P007,Headphones,Electronics,North,4,3500,0.02,Cash
ORD03026,09-Dec-25,CUST0963,P007,Headphones,Electronics,North,4,3500,0.14,Cash
ORD03046,14-Nov-25,CUST0703,P007,Headphones,Electronics,North,4,3500,0.1,Cash
ORD03066,20-Oct-25,CUST0443,P007,Headphones,Electronics,North,4,3500,0.06,Cash
ORD03086,25-Sep-25,CUST0183,P007,Headphones,Electronics,North,4,3500,0.02,Cash
ORD03106,31-Aug-25,CUST0923,P007,Headphones,Electronics,North,4,3500,0.14,Cash
ORD03126,06-Aug-25,CUST0663,P007,Headphones,Electronics,North,4,3500,0.1,Cash
ORD03146,12-Jul-25,CUST0403,P007,Headphones,Electronics,North,4,3500,0.06,Cash
ORD03166,17-Jun-25,CUST0143,P007,Headphones,Electronics,North,4,3500,0.02,Cash
ORD03186,23-May-25,CUST0883,P007,Headphones,Electronics,North,4,3500,0.14,Cash
ORD03206,28-Apr-25,CUST0623,P007,Headphones,Electronics,North,4,3500,0.1,Cash
ORD03226,03-Apr-25,CUST0363,P007,Headphones,Electronics,North,4,3500,0.06,Cash
ORD03246,09-Mar-25,CUST0103,P007,Headphones,Electronics,North,4,3500,0.02,Cash
ORD03266,12-Feb-25,CUST0843,P007,Headphones,Electronics,North,4,3500,0.14,Cash
ORD03286,18-Jan-25,CUST0583,P007,Headphones,Electronics,North,4,3500,0.1,Cash
ORD03306,24-Dec-25,CUST0323,P007,Headphones,Electronics,North,4,3500,0.06,Cash
ORD03326,29-Nov-25,CUST0063,P007,Headphones,Electronics,North,4,3500,0.02,Cash
ORD03346,04-Nov-25,CUST0803,P007,Headphones,Electronics,North,4,3500,0.14,Cash
ORD03366,10-Oct-25,CUST0543,P007,Headphones,Electronics,North,4,3500,0.1,Cash
ORD03386,15-Sep-25,CUST0283,P007,Headphones,Electronics,North,4,3500,0.06,Cash
ORD03406,21-Aug-25,CUST0023,P007,Headphones,Electronics,North,4,3500,0.02,Cash
ORD03426,27-Jul-25,CUST0763,P007,Headphones,Electronics,North,4,3500,0.14,Cash
ORD03446,02-Jul-25,CUST0503,P007,Headphones,Electronics,North,4,3500,0.1,Cash
ORD03466,07-Jun-25,CUST0243,P007,Headphones,Electronics,North,4,3500,0.06,Cash
ORD03486,13-May-25,CUST0983,P007,Headphones,Electronics,North,4,3500,0.02,Cash
ORD03506,18-Apr-25,CUST0723,P007,Headphones,Electronics,North,4,3500,0.14,Cash
ORD03526,24-Mar-25,CUST0463,P007,Headphones,Electronics,North,4,3500,0.1,Cash
ORD03546,27-Feb-25,CUST0203,P007,Headphones,Electronics,North,4,3500,0.06,Cash
ORD03566,02-Feb-25,CUST0943,P007,Headphones,Electronics,North,4,3500,0.02,Cash
ORD03586,08-Jan-25,CUST0683,P007,Headphones,Electronics,North,4,3500,0.14,Cash
ORD03606,14-Dec-25,CUST0423,P007,Headphones,Electronics,North,4,3500,0.1,Cash
ORD03626,19-Nov-25,CUST0163,P007,Headphones,Electronics,North,4,3500,0.06,Cash
ORD03646,25-Oct-25,CUST0903,P007,Headphones,Electronics,North,4,3500,0.02,Cash
ORD03666,30-Sep-25,CUST0643,P007,Headphones,Electronics,North,4,3500,0.14,Cash
ORD03686,05-Sep-25,CUST0383,P007,Headphones,Electronics,North,4,3500,0.1,Cash
ORD03706,11-Aug-25,CUST0123,P007,Headphones,Electronics,North,4,3500,0.06,Cash
ORD03726,17-Jul-25,CUST0863,P007,Headphones,Electronics,North,4,3500,0.02,Cash
ORD03746,22-Jun-25,CUST0603,P007,Headphones,Electronics,North,4,3500,0.14,Cash
ORD03766,28-May-25,CUST0343,P007,Headphones,Electronics,North,4,3500,0.1,Cash
ORD03786,03-May-25,CUST0083,P007,Headphones,Electronics,North,4,3500,0.06,Cash
ORD03806,08-Apr-25,CUST0823,P007,Headphones,Electronics,North,4,3500,0.02,Cash
ORD03826,14-Mar-25,CUST0563,P007,Headphones,Electronics,North,4,3500,0.14,Cash
ORD03846,17-Feb-25,CUST0303,P007,Headphones,Electronics,North,4,3500,0.1,Cash
ORD03866,23-Jan-25,CUST0043,P007,Headphones,Electronics,North,4,3500,0.06,Cash
ORD03886,29-Dec-25,CUST0783,P007,Headphones,Electronics,North,4,3500,0.02,Cash
ORD03906,04-Dec-25,CUST0523,P007,Headphones,Electronics,North,4,3500,0.14,Cash
ORD03926,09-Nov-25,CUST0263,P007,Headphones,Electronics,North,4,3500,0.1,Cash
ORD03946,15-Oct-25,CUST0003,P007,Headphones,Electronics,North,4,3500,0.06,Cash
ORD03966,20-Sep-25,CUST0743,P007,Headphones,Electronics,North,4,3500,0.02,Cash
ORD03986,26-Aug-25,CUST0483,P007,Headphones,Electronics,North,4,3500,0.14,Cash
ORD04006,01-Aug-25,CUST0223,P007,Headphones,Electronics,North,4,3500,0.1,Cash
ORD04026,07-Jul-25,CUST0963,P007,Headphones,Electronics,North,4,3500,0.06,Cash
ORD04046,12-Jun-25,CUST0703,P007,Headphones,Electronics,North,4,3500,0.02,Cash
ORD04066,18-May-25,CUST0443,P007,Headphones,Electronics,North,4,3500,0.14,Cash
ORD04086,23-Apr-25,CUST0183,P007,Headphones,Electronics,North,4,3500,0.1,Cash
ORD04106,29-Mar-25,CUST0923,P007,Headphones,Electronics,North,4,3500,0.06,Cash
ORD04126,04-Mar-25,CUST0663,P007,Headphones,Electronics,North,4,3500,0.02,Cash
ORD04146,07-Feb-25,CUST0403,P007,Headphones,Electronics,North,4,3500,0.14,Cash
ORD04166,13-Jan-25,CUST0143,P007,Headphones,Electronics,North,4,3500,0.1,Cash
ORD04186,19-Dec-25,CUST0883,P007,Headphones,Electronics,North,4,3500,0.06,Cash
ORD04206,24-Nov-25,CUST0623,P007,Headphones,Electronics,North,4,3500,0.02,Cash
ORD04226,30-Oct-25,CUST0363,P007,Headphones,Electronics,North,4,3500,0.14,Cash
ORD04246,05-Oct-25,CUST0103,P007,Headphones,Electronics,North,4,3500,0.1,Cash
ORD04266,10-Sep-25,CUST0843,P007,Headphones,Electronics,North,4,3500,0.06,Cash
ORD04286,16-Aug-25,CUST0583,P007,Headphones,Electronics,North,4,3500,0.02,Cash
ORD04306,22-Jul-25,CUST0323,P007,Headphones,Electronics,North,4,3500,0.14,Cash
ORD04326,27-Jun-25,CUST0063,P007,Headphones,Electronics,North,4,3500,0.1,Cash
ORD04346,02-Jun-25,CUST0803,P007,Headphones,Electronics,North,4,3500,0.06,Cash
ORD04366,08-May-25,CUST0543,P007,Headphones,Electronics,North,4,3500,0.02,Cash
ORD04386,13-Apr-25,CUST0283,P007,Headphones,Electronics,North,4,3500,0.14,Cash
ORD04406,19-Mar-25,CUST0023,P007,Headphones,Electronics,North,4,3500,0.1,Cash
ORD04426,22-Feb-25,CUST0763,P007,Headphones,Electronics,North,4,3500,0.06,Cash
ORD04446,28-Jan-25,CUST0503,P007,Headphones,Electronics,North,4,3500,0.02,Cash
ORD04466,03-Jan-25,CUST0243,P007,Headphones,Electronics,North,4,3500,0.14,Cash
ORD04486,09-Dec-25,CUST0983,P007,Headphones,Electronics,North,4,3500,0.1,Cash
ORD04506,14-Nov-25,CUST0723,P007,Headphones,Electronics,North,4,3500,0.06,Cash
ORD04526,20-Oct-25,CUST0463,P007,Headphones,Electronics,North,4,3500,0.02,Cash
ORD04546,25-Sep-25,CUST0203,P007,Headphones,Electronics,North,4,3500,0.14,Cash
ORD04566,31-Aug-25,CUST0943,P007,Headphones,Electronics,North,4,3500,0.1,Cash
ORD04586,06-Aug-25,CUST0683,P007,Headphones,Electronics,North,4,3500,0.06,Cash
ORD04606,12-Jul-25,CUST0423,P007,Headphones,Electronics,North,4,3500,0.02,Cash
ORD04626,17-Jun-25,CUST0163,P007,Headphones,Electronics,North,4,3500,0.14,Cash
ORD04646,23-May-25,CUST0903,P007,Headphones,Electronics,North,4,3500,0.1,Cash
ORD04666,28-Apr-25,CUST0643,P007,Headphones,Electronics,North,4,3500,0.06,Cash
ORD04686,03-Apr-25,CUST0383,P007,Headphones,Electronics,North,4,3500,0.02,Cash
ORD04706,09-Mar-25,CUST0123,P007,Headphones,Electronics,North,4,3500,0.14,Cash
ORD04726,12-Feb-25,CUST0863,P007,Headphones,Electronics,North,4,3500,0.1,Cash
ORD04746,18-Jan-25,CUST0603,P007,Headphones,Electronics,North,4,3500,0.06,Cash
ORD04766,24-Dec-25,CUST0343,P007,Headphones,Electronics,North,4,3500,0.02,Cash
ORD04786,29-Nov-25,CUST0083,P007,Headphones,Electronics,North,4,3500,0.14,Cash
ORD04806,04-Nov-25,CUST0823,P007,Headphones,Electronics,North,4,3500,0.1,Cash
ORD04826,10-Oct-25,CUST0563,P007,Headphones,Electronics,North,4,3500,0.06,Cash
ORD04846,15-Sep-25,CUST0303,P007,Headphones,Electronics,North,4,3500,0.02,Cash
ORD04866,21-Aug-25,CUST0043,P007,Headphones,Electronics,North,4,3500,0.14,Cash
ORD04886,27-Jul-25,CUST0783,P007,Headphones,Electronics,North,4,3500,0.1,Cash
ORD04906,02-Jul-25,CUST0523,P007,Headphones,Electronics,North,4,3500,0.06,Cash
ORD04926,07-Jun-25,CUST0263,P007,Headphones,Electronics,North,4,3500,0.02,Cash
ORD04946,13-May-25,CUST0003,P007,Headphones,Electronics,North,4,3500,0.14,Cash
ORD04966,18-Apr-25,CUST0743,P007,Headphones,Electronics,North,4,3500,0.1,Cash
ORD04986,24-Mar-25,CUST0483,P007,Headphones,Electronics,North,4,3500,0.06,Cash
ORD00001,18-Jan-25,CUST0038,P002,Smartphone,Electronics,North,4,25000,0.07,Card
ORD00021,24-Dec-25,CUST0778,P002,Smartphone,Electronics,North,4,25000,0.03,Card
ORD00041,29-Nov-25,CUST0518,P002,Smartphone,Electronics,North,4,25000,0.15,Card
ORD00061,04-Nov-25,CUST0258,P002,Smartphone,Electronics,North,4,25000,0.11,Card
ORD00081,10-Oct-25,CUST0998,P002,Smartphone,Electronics,North,4,25000,0.07,Card
ORD00101,15-Sep-25,CUST0738,P002,Smartphone,Electronics,North,4,25000,0.03,Card
ORD00121,21-Aug-25,CUST0478,P002,Smartphone,Electronics,North,4,25000,0.15,Card
ORD00141,27-Jul-25,CUST0218,P002,Smartphone,Electronics,North,4,25000,0.11,Card
ORD00161,02-Jul-25,CUST0958,P002,Smartphone,Electronics,North,4,25000,0.07,Card
ORD00181,07-Jun-25,CUST0698,P002,Smartphone,Electronics,North,4,25000,0.03,Card
ORD00201,13-May-25,CUST0438,P002,Smartphone,Electronics,North,4,25000,0.15,Card
ORD00221,18-Apr-25,CUST0178,P002,Smartphone,Electronics,North,4,25000,0.11,Card
ORD00241,24-Mar-25,CUST0918,P002,Smartphone,Electronics,North,4,25000,0.07,Card
ORD00261,27-Feb-25,CUST0658,P002,Smartphone,Electronics,North,4,25000,0.03,Card
ORD00281,02-Feb-25,CUST0398,P002,Smartphone,Electronics,North,4,25000,0.15,Card
ORD00301,08-Jan-25,CUST0138,P002,Smartphone,Electronics,North,4,25000,0.11,Card
ORD00321,14-Dec-25,CUST0878,P002,Smartphone,Electronics,North,4,25000,0.07,Card
ORD00341,19-Nov-25,CUST0618,P002,Smartphone,Electronics,North,4,25000,0.03,Card
ORD00361,25-Oct-25,CUST0358,P002,Smartphone,Electronics,North,4,25000,0.15,Card
ORD00381,30-Sep-25,CUST0098,P002,Smartphone,Electronics,North,4,25000,0.11,Card
ORD00401,05-Sep-25,CUST0838,P002,Smartphone,Electronics,North,4,25000,0.07,Card
ORD00421,11-Aug-25,CUST0578,P002,Smartphone,Electronics,North,4,25000,0.03,Card
ORD00441,17-Jul-25,CUST0318,P002,Smartphone,Electronics,North,4,25000,0.15,Card
ORD00461,22-Jun-25,CUST0058,P002,Smartphone,Electronics,North,4,25000,0.11,Card
ORD00481,28-May-25,CUST0798,P002,Smartphone,Electronics,North,4,25000,0.07,Card
ORD00501,03-May-25,CUST0538,P002,Smartphone,Electronics,North,4,25000,0.03,Card
ORD00521,08-Apr-25,CUST0278,P002,Smartphone,Electronics,North,4,25000,0.15,Card
ORD00541,14-Mar-25,CUST0018,P002,Smartphone,Electronics,North,4,25000,0.11,Card
ORD00561,17-Feb-25,CUST0758,P002,Smartphone,Electronics,North,4,25000,0.07,Card
ORD00581,23-Jan-25,CUST0498,P002,Smartphone,Electronics,North,4,25000,0.03,Card
ORD00601,29-Dec-25,CUST0238,P002,Smartphone,Electronics,North,4,25000,0.15,Card
ORD00621,04-Dec-25,CUST0978,P002,Smartphone,Electronics,North,4,25000,0.11,Card
ORD00641,09-Nov-25,CUST0718,P002,Smartphone,Electronics,North,4,25000,0.07,Card
ORD00661,15-Oct-25,CUST0458,P002,Smartphone,Electronics,North,4,25000,0.03,Card
ORD00681,20-Sep-25,CUST0198,P002,Smartphone,Electronics,North,4,25000,0.15,Card
ORD00701,26-Aug-25,CUST0938,P002,Smartphone,Electronics,North,4,25000,0.11,Card
ORD00721,01-Aug-25,CUST0678,P002,Smartphone,Electronics,North,4,25000,0.07,Card
ORD00741,07-Jul-25,CUST0418,P002,Smartphone,Electronics,North,4,25000,0.03,Card
ORD00761,12-Jun-25,CUST0158,P002,Smartphone,Electronics,North,4,25000,0.15,Card
ORD00781,18-May-25,CUST0898,P002,Smartphone,Electronics,North,4,25000,0.11,Card
ORD00801,23-Apr-25,CUST0638,P002,Smartphone,Electronics,North,4,25000,0.07,Card
ORD00821,29-Mar-25,CUST0378,P002,Smartphone,Electronics,North,4,25000,0.03,Card
ORD00841,04-Mar-25,CUST0118,P002,Smartphone,Electronics,North,4,25000,0.15,Card
ORD00861,07-Feb-25,CUST0858,P002,Smartphone,Electronics,North,4,25000,0.11,Card
ORD00881,13-Jan-25,CUST0598,P002,Smartphone,Electronics,North,4,25000,0.07,Card
ORD00901,19-Dec-25,CUST0338,P002,Smartphone,Electronics,North,4,25000,0.03,Card
ORD00921,24-Nov-25,CUST0078,P002,Smartphone,Electronics,North,4,25000,0.15,Card
ORD00941,30-Oct-25,CUST0818,P002,Smartphone,Electronics,North,4,25000,0.11,Card
ORD00961,05-Oct-25,CUST0558,P002,Smartphone,Electronics,North,4,25000,0.07,Card
ORD00981,10-Sep-25,CUST0298,P002,Smartphone,Electronics,North,4,25000,0.03,Card
ORD01001,16-Aug-25,CUST0038,P002,Smartphone,Electronics,North,4,25000,0.15,Card
ORD01021,22-Jul-25,CUST0778,P002,Smartphone,Electronics,North,4,25000,0.11,Card
ORD01041,27-Jun-25,CUST0518,P002,Smartphone,Electronics,North,4,25000,0.07,Card
ORD01061,02-Jun-25,CUST0258,P002,Smartphone,Electronics,North,4,25000,0.03,Card
ORD01081,08-May-25,CUST0998,P002,Smartphone,Electronics,North,4,25000,0.15,Card
ORD01101,13-Apr-25,CUST0738,P002,Smartphone,Electronics,North,4,25000,0.11,Card
ORD01121,19-Mar-25,CUST0478,P002,Smartphone,Electronics,North,4,25000,0.07,Card
ORD01141,22-Feb-25,CUST0218,P002,Smartphone,Electronics,North,4,25000,0.03,Card
ORD01161,28-Jan-25,CUST0958,P002,Smartphone,Electronics,North,4,25000,0.15,Card
ORD01181,03-Jan-25,CUST0698,P002,Smartphone,Electronics,North,4,25000,0.11,Card
ORD01201,09-Dec-25,CUST0438,P002,Smartphone,Electronics,North,4,25000,0.07,Card
ORD01221,14-Nov-25,CUST0178,P002,Smartphone,Electronics,North,4,25000,0.03,Card
ORD01241,20-Oct-25,CUST0918,P002,Smartphone,Electronics,North,4,25000,0.15,Card
ORD01261,25-Sep-25,CUST0658,P002,Smartphone,Electronics,North,4,25000,0.11,Card
ORD01281,31-Aug-25,CUST0398,P002,Smartphone,Electronics,North,4,25000,0.07,Card
ORD01301,06-Aug-25,CUST0138,P002,Smartphone,Electronics,North,4,25000,0.03,Card
ORD01321,12-Jul-25,CUST0878,P002,Smartphone,Electronics,North,4,25000,0.15,Card
ORD01341,17-Jun-25,CUST0618,P002,Smartphone,Electronics,North,4,25000,0.11,Card
ORD01361,23-May-25,CUST0358,P002,Smartphone,Electronics,North,4,25000,0.07,Card
ORD01381,28-Apr-25,CUST0098,P002,Smartphone,Electronics,North,4,25000,0.03,Card
ORD01401,03-Apr-25,CUST0838,P002,Smartphone,Electronics,North,4,25000,0.15,Card
ORD01421,09-Mar-25,CUST0578,P002,Smartphone,Electronics,North,4,25000,0.11,Card
ORD01441,12-Feb-25,CUST0318,P002,Smartphone,Electronics,North,4,25000,0.07,Card
ORD01461,18-Jan-25,CUST0058,P002,Smartphone,Electronics,North,4,25000,0.03,Card
ORD01481,24-Dec-25,CUST0798,P002,Smartphone,Electronics,North,4,25000,0.15,Card
ORD01501,29-Nov-25,CUST0538,P002,Smartphone,Electronics,North,4,25000,0.11,Card
ORD01521,04-Nov-25,CUST0278,P002,Smartphone,Electronics,North,4,25000,0.07,Card
ORD01541,10-Oct-25,CUST0018,P002,Smartphone,Electronics,North,4,25000,0.03,Card
ORD01561,15-Sep-25,CUST0758,P002,Smartphone,Electronics,North,4,25000,0.15,Card
ORD01581,21-Aug-25,CUST0498,P002,Smartphone,Electronics,North,4,25000,0.11,Card
ORD01601,27-Jul-25,CUST0238,P002,Smartphone,Electronics,North,4,25000,0.07,Card
ORD01621,02-Jul-25,CUST0978,P002,Smartphone,Electronics,North,4,25000,0.03,Card
ORD01641,07-Jun-25,CUST0718,P002,Smartphone,Electronics,North,4,25000,0.15,Card
ORD01661,13-May-25,CUST0458,P002,Smartphone,Electronics,North,4,25000,0.11,Card
ORD01681,18-Apr-25,CUST0198,P002,Smartphone,Electronics,North,4,25000,0.07,Card
ORD01701,24-Mar-25,CUST0938,P002,Smartphone,Electronics,North,4,25000,0.03,Card
ORD01721,27-Feb-25,CUST0678,P002,Smartphone,Electronics,North,4,25000,0.15,Card
ORD01741,02-Feb-25,CUST0418,P002,Smartphone,Electronics,North,4,25000,0.11,Card
ORD01761,08-Jan-25,CUST0158,P002,Smartphone,Electronics,North,4,25000,0.07,Card
ORD01781,14-Dec-25,CUST0898,P002,Smartphone,Electronics,North,4,25000,0.03,Card
ORD01801,19-Nov-25,CUST0638,P002,Smartphone,Electronics,North,4,25000,0.15,Card
ORD01821,25-Oct-25,CUST0378,P002,Smartphone,Electronics,North,4,25000,0.11,Card
ORD01841,30-Sep-25,CUST0118,P002,Smartphone,Electronics,North,4,25000,0.07,Card
ORD01861,05-Sep-25,CUST0858,P002,Smartphone,Electronics,North,4,25000,0.03,Card
ORD01881,11-Aug-25,CUST0598,P002,Smartphone,Electronics,North,4,25000,0.15,Card
ORD01901,17-Jul-25,CUST0338,P002,Smartphone,Electronics,North,4,25000,0.11,Card
ORD01921,22-Jun-25,CUST0078,P002,Smartphone,Electronics,North,4,25000,0.07,Card
ORD01941,28-May-25,CUST0818,P002,Smartphone,Electronics,North,4,25000,0.03,Card
ORD01961,03-May-25,CUST0558,P002,Smartphone,Electronics,North,4,25000,0.15,Card
ORD01981,08-Apr-25,CUST0298,P002,Smartphone,Electronics,North,4,25000,0.11,Card
ORD02001,14-Mar-25,CUST0038,P002,Smartphone,Electronics,North,4,25000,0.07,Card
ORD02021,17-Feb-25,CUST0778,P002,Smartphone,Electronics,North,4,25000,0.03,Card
ORD02041,23-Jan-25,CUST0518,P002,Smartphone,Electronics,North,4,25000,0.15,Card
ORD02061,29-Dec-25,CUST0258,P002,Smartphone,Electronics,North,4,25000,0.11,Card
ORD02081,04-Dec-25,CUST0998,P002,Smartphone,Electronics,North,4,25000,0.07,Card
ORD02101,09-Nov-25,CUST0738,P002,Smartphone,Electronics,North,4,25000,0.03,Card
ORD02121,15-Oct-25,CUST0478,P002,Smartphone,Electronics,North,4,25000,0.15,Card
ORD02141,20-Sep-25,CUST0218,P002,Smartphone,Electronics,North,4,25000,0.11,Card
ORD02161,26-Aug-25,CUST0958,P002,Smartphone,Electronics,North,4,25000,0.07,Card
ORD02181,01-Aug-25,CUST0698,P002,Smartphone,Electronics,North,4,25000,0.03,Card
ORD02201,07-Jul-25,CUST0438,P002,Smartphone,Electronics,North,4,25000,0.15,Card
ORD02221,12-Jun-25,CUST0178,P002,Smartphone,Electronics,North,4,25000,0.11,Card
ORD02241,18-May-25,CUST0918,P002,Smartphone,Electronics,North,4,25000,0.07,Card
ORD02261,23-Apr-25,CUST0658,P002,Smartphone,Electronics,North,4,25000,0.03,Card
ORD02281,29-Mar-25,CUST0398,P002,Smartphone,Electronics,North,4,25000,0.15,Card
ORD02301,04-Mar-25,CUST0138,P002,Smartphone,Electronics,North,4,25000,0.11,Card
ORD02321,07-Feb-25,CUST0878,P002,Smartphone,Electronics,North,4,25000,0.07,Card
ORD02341,13-Jan-25,CUST0618,P002,Smartphone,Electronics,North,4,25000,0.03,Card
ORD02361,19-Dec-25,CUST0358,P002,Smartphone,Electronics,North,4,25000,0.15,Card
ORD02381,24-Nov-25,CUST0098,P002,Smartphone,Electronics,North,4,25000,0.11,Card
ORD02401,30-Oct-25,CUST0838,P002,Smartphone,Electronics,North,4,25000,0.07,Card
ORD02421,05-Oct-25,CUST0578,P002,Smartphone,Electronics,North,4,25000,0.03,Card
ORD02441,10-Sep-25,CUST0318,P002,Smartphone,Electronics,North,4,25000,0.15,Card
ORD02461,16-Aug-25,CUST0058,P002,Smartphone,Electronics,North,4,25000,0.11,Card
ORD02481,22-Jul-25,CUST0798,P002,Smartphone,Electronics,North,4,25000,0.07,Card
ORD02501,27-Jun-25,CUST0538,P002,Smartphone,Electronics,North,4,25000,0.03,Card
ORD02521,02-Jun-25,CUST0278,P002,Smartphone,Electronics,North,4,25000,0.15,Card
ORD02541,08-May-25,CUST0018,P002,Smartphone,Electronics,North,4,25000,0.11,Card
ORD02561,13-Apr-25,CUST0758,P002,Smartphone,Electronics,North,4,25000,0.07,Card
ORD02581,19-Mar-25,CUST0498,P002,Smartphone,Electronics,North,4,25000,0.03,Card
ORD02601,22-Feb-25,CUST0238,P002,Smartphone,Electronics,North,4,25000,0.15,Card
ORD02621,28-Jan-25,CUST0978,P002,Smartphone,Electronics,North,4,25000,0.11,Card
ORD02641,03-Jan-25,CUST0718,P002,Smartphone,Electronics,North,4,25000,0.07,Card
ORD02661,09-Dec-25,CUST0458,P002,Smartphone,Electronics,North,4,25000,0.03,Card
ORD02681,14-Nov-25,CUST0198,P002,Smartphone,Electronics,North,4,25000,0.15,Card
ORD02701,20-Oct-25,CUST0938,P002,Smartphone,Electronics,North,4,25000,0.11,Card
ORD02721,25-Sep-25,CUST0678,P002,Smartphone,Electronics,North,4,25000,0.07,Card
ORD02741,31-Aug-25,CUST0418,P002,Smartphone,Electronics,North,4,25000,0.03,Card
ORD02761,06-Aug-25,CUST0158,P002,Smartphone,Electronics,North,4,25000,0.15,Card
ORD02781,12-Jul-25,CUST0898,P002,Smartphone,Electronics,North,4,25000,0.11,Card
ORD02801,17-Jun-25,CUST0638,P002,Smartphone,Electronics,North,4,25000,0.07,Card
ORD02821,23-May-25,CUST0378,P002,Smartphone,Electronics,North,4,25000,0.03,Card
ORD02841,28-Apr-25,CUST0118,P002,Smartphone,Electronics,North,4,25000,0.15,Card
ORD02861,03-Apr-25,CUST0858,P002,Smartphone,Electronics,North,4,25000,0.11,Card
ORD02881,09-Mar-25,CUST0598,P002,Smartphone,Electronics,North,4,25000,0.07,Card
ORD02901,12-Feb-25,CUST0338,P002,Smartphone,Electronics,North,4,25000,0.03,Card
ORD02921,18-Jan-25,CUST0078,P002,Smartphone,Electronics,North,4,25000,0.15,Card
ORD02941,24-Dec-25,CUST0818,P002,Smartphone,Electronics,North,4,25000,0.11,Card
ORD02961,29-Nov-25,CUST0558,P002,Smartphone,Electronics,North,4,25000,0.07,Card
ORD02981,04-Nov-25,CUST0298,P002,Smartphone,Electronics,North,4,25000,0.03,Card
ORD03001,10-Oct-25,CUST0038,P002,Smartphone,Electronics,North,4,25000,0.15,Card
ORD03021,15-Sep-25,CUST0778,P002,Smartphone,Electronics,North,4,25000,0.11,Card
ORD03041,21-Aug-25,CUST0518,P002,Smartphone,Electronics,North,4,25000,0.07,Card
ORD03061,27-Jul-25,CUST0258,P002,Smartphone,Electronics,North,4,25000,0.03,Card
ORD03081,02-Jul-25,CUST0998,P002,Smartphone,Electronics,North,4,25000,0.15,Card
ORD03101,07-Jun-25,CUST0738,P002,Smartphone,Electronics,North,4,25000,0.11,Card
ORD03121,13-May-25,CUST0478,P002,Smartphone,Electronics,North,4,25000,0.07,Card
ORD03141,18-Apr-25,CUST0218,P002,Smartphone,Electronics,North,4,25000,0.03,Card
ORD03161,24-Mar-25,CUST0958,P002,Smartphone,Electronics,North,4,25000,0.15,Card
ORD03181,27-Feb-25,CUST0698,P002,Smartphone,Electronics,North,4,25000,0.11,Card
ORD03201,02-Feb-25,CUST0438,P002,Smartphone,Electronics,North,4,25000,0.07,Card
ORD03221,08-Jan-25,CUST0178,P002,Smartphone,Electronics,North,4,25000,0.03,Card
ORD03241,14-Dec-25,CUST0918,P002,Smartphone,Electronics,North,4,25000,0.15,Card
ORD03261,19-Nov-25,CUST0658,P002,Smartphone,Electronics,North,4,25000,0.11,Card
ORD03281,25-Oct-25,CUST0398,P002,Smartphone,Electronics,North,4,25000,0.07,Card
ORD03301,30-Sep-25,CUST0138,P002,Smartphone,Electronics,North,4,25000,0.03,Card
ORD03321,05-Sep-25,CUST0878,P002,Smartphone,Electronics,North,4,25000,0.15,Card
ORD03341,11-Aug-25,CUST0618,P002,Smartphone,Electronics,North,4,25000,0.11,Card
ORD03361,17-Jul-25,CUST0358,P002,Smartphone,Electronics,North,4,25000,0.07,Card
ORD03381,22-Jun-25,CUST0098,P002,Smartphone,Electronics,North,4,25000,0.03,Card
ORD03401,28-May-25,CUST0838,P002,Smartphone,Electronics,North,4,25000,0.15,Card
ORD03421,03-May-25,CUST0578,P002,Smartphone,Electronics,North,4,25000,0.11,Card
ORD03441,08-Apr-25,CUST0318,P002,Smartphone,Electronics,North,4,25000,0.07,Card
ORD03461,14-Mar-25,CUST0058,P002,Smartphone,Electronics,North,4,25000,0.03,Card
ORD03481,17-Feb-25,CUST0798,P002,Smartphone,Electronics,North,4,25000,0.15,Card
ORD03501,23-Jan-25,CUST0538,P002,Smartphone,Electronics,North,4,25000,0.11,Card
ORD03521,29-Dec-25,CUST0278,P002,Smartphone,Electronics,North,4,25000,0.07,Card
ORD03541,04-Dec-25,CUST0018,P002,Smartphone,Electronics,North,4,25000,0.03,Card
ORD03561,09-Nov-25,CUST0758,P002,Smartphone,Electronics,North,4,25000,0.15,Card
ORD03581,15-Oct-25,CUST0498,P002,Smartphone,Electronics,North,4,25000,0.11,Card
ORD03601,20-Sep-25,CUST0238,P002,Smartphone,Electronics,North,4,25000,0.07,Card
ORD03621,26-Aug-25,CUST0978,P002,Smartphone,Electronics,North,4,25000,0.03,Card
ORD03641,01-Aug-25,CUST0718,P002,Smartphone,Electronics,North,4,25000,0.15,Card
ORD03661,07-Jul-25,CUST0458,P002,Smartphone,Electronics,North,4,25000,0.11,Card
ORD03681,12-Jun-25,CUST0198,P002,Smartphone,Electronics,North,4,25000,0.07,Card
ORD03701,18-May-25,CUST0938,P002,Smartphone,Electronics,North,4,25000,0.03,Card
ORD03721,23-Apr-25,CUST0678,P002,Smartphone,Electronics,North,4,25000,0.15,Card
ORD03741,29-Mar-25,CUST0418,P002,Smartphone,Electronics,North,4,25000,0.11,Card
ORD03761,04-Mar-25,CUST0158,P002,Smartphone,Electronics,North,4,25000,0.07,Card
ORD03781,07-Feb-25,CUST0898,P002,Smartphone,Electronics,North,4,25000,0.03,Card
ORD03801,13-Jan-25,CUST0638,P002,Smartphone,Electronics,North,4,25000,0.15,Card
ORD03821,19-Dec-25,CUST0378,P002,Smartphone,Electronics,North,4,25000,0.11,Card
ORD03841,24-Nov-25,CUST0118,P002,Smartphone,Electronics,North,4,25000,0.07,Card
ORD03861,30-Oct-25,CUST0858,P002,Smartphone,Electronics,North,4,25000,0.03,Card
ORD03881,05-Oct-25,CUST0598,P002,Smartphone,Electronics,North,4,25000,0.15,Card
ORD03901,10-Sep-25,CUST0338,P002,Smartphone,Electronics,North,4,25000,0.11,Card
ORD03921,16-Aug-25,CUST0078,P002,Smartphone,Electronics,North,4,25000,0.07,Card
ORD03941,22-Jul-25,CUST0818,P002,Smartphone,Electronics,North,4,25000,0.03,Card
ORD03961,27-Jun-25,CUST0558,P002,Smartphone,Electronics,North,4,25000,0.15,Card
ORD03981,02-Jun-25,CUST0298,P002,Smartphone,Electronics,North,4,25000,0.11,Card
ORD04001,08-May-25,CUST0038,P002,Smartphone,Electronics,North,4,25000,0.07,Card
ORD04021,13-Apr-25,CUST0778,P002,Smartphone,Electronics,North,4,25000,0.03,Card
ORD04041,19-Mar-25,CUST0518,P002,Smartphone,Electronics,North,4,25000,0.15,Card
ORD04061,22-Feb-25,CUST0258,P002,Smartphone,Electronics,North,4,25000,0.11,Card
ORD04081,28-Jan-25,CUST0998,P002,Smartphone,Electronics,North,4,25000,0.07,Card
ORD04101,03-Jan-25,CUST0738,P002,Smartphone,Electronics,North,4,25000,0.03,Card
ORD04121,09-Dec-25,CUST0478,P002,Smartphone,Electronics,North,4,25000,0.15,Card
ORD04141,14-Nov-25,CUST0218,P002,Smartphone,Electronics,North,4,25000,0.11,Card
ORD04161,20-Oct-25,CUST0958,P002,Smartphone,Electronics,North,4,25000,0.07,Card
ORD04181,25-Sep-25,CUST0698,P002,Smartphone,Electronics,North,4,25000,0.03,Card
ORD04201,31-Aug-25,CUST0438,P002,Smartphone,Electronics,North,4,25000,0.15,Card
ORD04221,06-Aug-25,CUST0178,P002,Smartphone,Electronics,North,4,25000,0.11,Card
ORD04241,12-Jul-25,CUST0918,P002,Smartphone,Electronics,North,4,25000,0.07,Card
ORD04261,17-Jun-25,CUST0658,P002,Smartphone,Electronics,North,4,25000,0.03,Card
ORD04281,23-May-25,CUST0398,P002,Smartphone,Electronics,North,4,25000,0.15,Card
ORD04301,28-Apr-25,CUST0138,P002,Smartphone,Electronics,North,4,25000,0.11,Card
ORD04321,03-Apr-25,CUST0878,P002,Smartphone,Electronics,North,4,25000,0.07,Card
ORD04341,09-Mar-25,CUST0618,P002,Smartphone,Electronics,North,4,25000,0.03,Card
ORD04361,12-Feb-25,CUST0358,P002,Smartphone,Electronics,North,4,25000,0.15,Card
ORD04381,18-Jan-25,CUST0098,P002,Smartphone,Electronics,North,4,25000,0.11,Card
ORD04401,24-Dec-25,CUST0838,P002,Smartphone,Electronics,North,4,25000,0.07,Card
ORD04421,29-Nov-25,CUST0578,P002,Smartphone,Electronics,North,4,25000,0.03,Card
ORD04441,04-Nov-25,CUST0318,P002,Smartphone,Electronics,North,4,25000,0.15,Card
ORD04461,10-Oct-25,CUST0058,P002,Smartphone,Electronics,North,4,25000,0.11,Card
ORD04481,15-Sep-25,CUST0798,P002,Smartphone,Electronics,North,4,25000,0.07,Card
ORD04501,21-Aug-25,CUST0538,P002,Smartphone,Electronics,North,4,25000,0.03,Card
ORD04521,27-Jul-25,CUST0278,P002,Smartphone,Electronics,North,4,25000,0.15,Card
ORD04541,02-Jul-25,CUST0018,P002,Smartphone,Electronics,North,4,25000,0.11,Card
ORD04561,07-Jun-25,CUST0758,P002,Smartphone,Electronics,North,4,25000,0.07,Card
ORD04581,13-May-25,CUST0498,P002,Smartphone,Electronics,North,4,25000,0.03,Card
ORD04601,18-Apr-25,CUST0238,P002,Smartphone,Electronics,North,4,25000,0.15,Card
ORD04621,24-Mar-25,CUST0978,P002,Smartphone,Electronics,North,4,25000,0.11,Card
ORD04641,27-Feb-25,CUST0718,P002,Smartphone,Electronics,North,4,25000,0.07,Card
ORD04661,02-Feb-25,CUST0458,P002,Smartphone,Electronics,North,4,25000,0.03,Card
ORD04681,08-Jan-25,CUST0198,P002,Smartphone,Electronics,North,4,25000,0.15,Card
ORD04701,14-Dec-25,CUST0938,P002,Smartphone,Electronics,North,4,25000,0.11,Card
ORD04721,19-Nov-25,CUST0678,P002,Smartphone,Electronics,North,4,25000,0.07,Card
ORD04741,25-Oct-25,CUST0418,P002,Smartphone,Electronics,North,4,25000,0.03,Card
ORD04761,30-Sep-25,CUST0158,P002,Smartphone,Electronics,North,4,25000,0.15,Card
ORD04781,05-Sep-25,CUST0898,P002,Smartphone,Electronics,North,4,25000,0.11,Card
ORD04801,11-Aug-25,CUST0638,P002,Smartphone,Electronics,North,4,25000,0.07,Card
ORD04821,17-Jul-25,CUST0378,P002,Smartphone,Electronics,North,4,25000,0.03,Card
ORD04841,22-Jun-25,CUST0118,P002,Smartphone,Electronics,North,4,25000,0.15,Card
ORD04861,28-May-25,CUST0858,P002,Smartphone,Electronics,North,4,25000,0.11,Card
ORD04881,03-May-25,CUST0598,P002,Smartphone,Electronics,North,4,25000,0.07,Card
ORD04901,08-Apr-25,CUST0338,P002,Smartphone,Electronics,North,4,25000,0.03,Card
ORD04921,14-Mar-25,CUST0078,P002,Smartphone,Electronics,North,4,25000,0.15,Card
ORD04941,17-Feb-25,CUST0818,P002,Smartphone,Electronics,North,4,25000,0.11,Card
ORD04961,23-Jan-25,CUST0558,P002,Smartphone,Electronics,North,4,25000,0.07,Card
ORD04981,29-Dec-25,CUST0298,P002,Smartphone,Electronics,North,4,25000,0.03,Card
ORD00005,27-Mar-25,CUST0186,P006,Mouse,Electronics,South,1,800,0.03,Card
ORD00025,02-Mar-25,CUST0926,P006,Mouse,Electronics,South,1,800,0.15,Card
ORD00045,05-Feb-25,CUST0666,P006,Mouse,Electronics,South,1,800,0.11,Card
ORD00065,11-Jan-25,CUST0406,P006,Mouse,Electronics,South,1,800,0.07,Card
ORD00085,17-Dec-25,CUST0146,P006,Mouse,Electronics,South,1,800,0.03,Card
ORD00105,22-Nov-25,CUST0886,P006,Mouse,Electronics,South,1,800,0.15,Card
ORD00125,28-Oct-25,CUST0626,P006,Mouse,Electronics,South,1,800,0.11,Card
ORD00145,03-Oct-25,CUST0366,P006,Mouse,Electronics,South,1,800,0.07,Card
ORD00165,08-Sep-25,CUST0106,P006,Mouse,Electronics,South,1,800,0.03,Card
ORD00185,14-Aug-25,CUST0846,P006,Mouse,Electronics,South,1,800,0.15,Card
ORD00205,20-Jul-25,CUST0586,P006,Mouse,Electronics,South,1,800,0.11,Card
ORD00225,25-Jun-25,CUST0326,P006,Mouse,Electronics,South,1,800,0.07,Card
ORD00245,31-May-25,CUST0066,P006,Mouse,Electronics,South,1,800,0.03,Card
ORD00265,06-May-25,CUST0806,P006,Mouse,Electronics,South,1,800,0.15,Card
ORD00285,11-Apr-25,CUST0546,P006,Mouse,Electronics,South,1,800,0.11,Card
ORD00305,17-Mar-25,CUST0286,P006,Mouse,Electronics,South,1,800,0.07,Card
ORD00325,20-Feb-25,CUST0026,P006,Mouse,Electronics,South,1,800,0.03,Card
ORD00345,26-Jan-25,CUST0766,P006,Mouse,Electronics,South,1,800,0.15,Card
ORD00365,01-Jan-25,CUST0506,P006,Mouse,Electronics,South,1,800,0.11,Card
ORD00385,07-Dec-25,CUST0246,P006,Mouse,Electronics,South,1,800,0.07,Card
ORD00405,12-Nov-25,CUST0986,P006,Mouse,Electronics,South,1,800,0.03,Card
ORD00425,18-Oct-25,CUST0726,P006,Mouse,Electronics,South,1,800,0.15,Card
ORD00445,23-Sep-25,CUST0466,P006,Mouse,Electronics,South,1,800,0.11,Card
ORD00465,29-Aug-25,CUST0206,P006,Mouse,Electronics,South,1,800,0.07,Card
ORD00485,04-Aug-25,CUST0946,P006,Mouse,Electronics,South,1,800,0.03,Card
ORD00505,10-Jul-25,CUST0686,P006,Mouse,Electronics,South,1,800,0.15,Card
ORD00525,15-Jun-25,CUST0426,P006,Mouse,Electronics,South,1,800,0.11,Card
ORD00545,21-May-25,CUST0166,P006,Mouse,Electronics,South,1,800,0.07,Card
ORD00565,26-Apr-25,CUST0906,P006,Mouse,Electronics,South,1,800,0.03,Card
ORD00585,01-Apr-25,CUST0646,P006,Mouse,Electronics,South,1,800,0.15,Card
ORD00605,07-Mar-25,CUST0386,P006,Mouse,Electronics,South,1,800,0.11,Card
ORD00625,10-Feb-25,CUST0126,P006,Mouse,Electronics,South,1,800,0.07,Card
ORD00645,16-Jan-25,CUST0866,P006,Mouse,Electronics,South,1,800,0.03,Card
ORD00665,22-Dec-25,CUST0606,P006,Mouse,Electronics,South,1,800,0.15,Card
ORD00685,27-Nov-25,CUST0346,P006,Mouse,Electronics,South,1,800,0.11,Card
ORD00705,02-Nov-25,CUST0086,P006,Mouse,Electronics,South,1,800,0.07,Card
ORD00725,08-Oct-25,CUST0826,P006,Mouse,Electronics,South,1,800,0.03,Card
ORD00745,13-Sep-25,CUST0566,P006,Mouse,Electronics,South,1,800,0.15,Card
ORD00765,19-Aug-25,CUST0306,P006,Mouse,Electronics,South,1,800,0.11,Card
ORD00785,25-Jul-25,CUST0046,P006,Mouse,Electronics,South,1,800,0.07,Card
ORD00805,30-Jun-25,CUST0786,P006,Mouse,Electronics,South,1,800,0.03,Card
ORD00825,05-Jun-25,CUST0526,P006,Mouse,Electronics,South,1,800,0.15,Card
ORD00845,11-May-25,CUST0266,P006,Mouse,Electronics,South,1,800,0.11,Card
ORD00865,16-Apr-25,CUST0006,P006,Mouse,Electronics,South,1,800,0.07,Card
ORD00885,22-Mar-25,CUST0746,P006,Mouse,Electronics,South,1,800,0.03,Card
ORD00905,25-Feb-25,CUST0486,P006,Mouse,Electronics,South,1,800,0.15,Card
ORD00925,31-Jan-25,CUST0226,P006,Mouse,Electronics,South,1,800,0.11,Card
ORD00945,06-Jan-25,CUST0966,P006,Mouse,Electronics,South,1,800,0.07,Card
ORD00965,12-Dec-25,CUST0706,P006,Mouse,Electronics,South,1,800,0.03,Card
ORD00985,17-Nov-25,CUST0446,P006,Mouse,Electronics,South,1,800,0.15,Card
ORD01005,23-Oct-25,CUST0186,P006,Mouse,Electronics,South,1,800,0.11,Card
ORD01025,28-Sep-25,CUST0926,P006,Mouse,Electronics,South,1,800,0.07,Card
ORD01045,03-Sep-25,CUST0666,P006,Mouse,Electronics,South,1,800,0.03,Card
ORD01065,09-Aug-25,CUST0406,P006,Mouse,Electronics,South,1,800,0.15,Card
ORD01085,15-Jul-25,CUST0146,P006,Mouse,Electronics,South,1,800,0.11,Card
ORD01105,20-Jun-25,CUST0886,P006,Mouse,Electronics,South,1,800,0.07,Card
ORD01125,26-May-25,CUST0626,P006,Mouse,Electronics,South,1,800,0.03,Card
ORD01145,01-May-25,CUST0366,P006,Mouse,Electronics,South,1,800,0.15,Card
ORD01165,06-Apr-25,CUST0106,P006,Mouse,Electronics,South,1,800,0.11,Card
ORD01185,12-Mar-25,CUST0846,P006,Mouse,Electronics,South,1,800,0.07,Card
ORD01205,15-Feb-25,CUST0586,P006,Mouse,Electronics,South,1,800,0.03,Card
ORD01225,21-Jan-25,CUST0326,P006,Mouse,Electronics,South,1,800,0.15,Card
ORD01245,27-Dec-25,CUST0066,P006,Mouse,Electronics,South,1,800,0.11,Card
ORD01265,02-Dec-25,CUST0806,P006,Mouse,Electronics,South,1,800,0.07,Card
ORD01285,07-Nov-25,CUST0546,P006,Mouse,Electronics,South,1,800,0.03,Card
ORD01305,13-Oct-25,CUST0286,P006,Mouse,Electronics,South,1,800,0.15,Card
ORD01325,18-Sep-25,CUST0026,P006,Mouse,Electronics,South,1,800,0.11,Card
ORD01345,24-Aug-25,CUST0766,P006,Mouse,Electronics,South,1,800,0.07,Card
ORD01365,30-Jul-25,CUST0506,P006,Mouse,Electronics,South,1,800,0.03,Card
ORD01385,05-Jul-25,CUST0246,P006,Mouse,Electronics,South,1,800,0.15,Card
ORD01405,10-Jun-25,CUST0986,P006,Mouse,Electronics,South,1,800,0.11,Card
ORD01425,16-May-25,CUST0726,P006,Mouse,Electronics,South,1,800,0.07,Card
ORD01445,21-Apr-25,CUST0466,P006,Mouse,Electronics,South,1,800,0.03,Card
ORD01465,27-Mar-25,CUST0206,P006,Mouse,Electronics,South,1,800,0.15,Card
ORD01485,02-Mar-25,CUST0946,P006,Mouse,Electronics,South,1,800,0.11,Card
ORD01505,05-Feb-25,CUST0686,P006,Mouse,Electronics,South,1,800,0.07,Card
ORD01525,11-Jan-25,CUST0426,P006,Mouse,Electronics,South,1,800,0.03,Card
ORD01545,17-Dec-25,CUST0166,P006,Mouse,Electronics,South,1,800,0.15,Card
ORD01565,22-Nov-25,CUST0906,P006,Mouse,Electronics,South,1,800,0.11,Card
ORD01585,28-Oct-25,CUST0646,P006,Mouse,Electronics,South,1,800,0.07,Card
ORD01605,03-Oct-25,CUST0386,P006,Mouse,Electronics,South,1,800,0.03,Card
ORD01625,08-Sep-25,CUST0126,P006,Mouse,Electronics,South,1,800,0.15,Card
ORD01645,14-Aug-25,CUST0866,P006,Mouse,Electronics,South,1,800,0.11,Card
ORD01665,20-Jul-25,CUST0606,P006,Mouse,Electronics,South,1,800,0.07,Card
ORD01685,25-Jun-25,CUST0346,P006,Mouse,Electronics,South,1,800,0.03,Card
ORD01705,31-May-25,CUST0086,P006,Mouse,Electronics,South,1,800,0.15,Card
ORD01725,06-May-25,CUST0826,P006,Mouse,Electronics,South,1,800,0.11,Card
ORD01745,11-Apr-25,CUST0566,P006,Mouse,Electronics,South,1,800,0.07,Card
ORD01765,17-Mar-25,CUST0306,P006,Mouse,Electronics,South,1,800,0.03,Card
ORD01785,20-Feb-25,CUST0046,P006,Mouse,Electronics,South,1,800,0.15,Card
ORD01805,26-Jan-25,CUST0786,P006,Mouse,Electronics,South,1,800,0.11,Card
ORD01825,01-Jan-25,CUST0526,P006,Mouse,Electronics,South,1,800,0.07,Card
ORD01845,07-Dec-25,CUST0266,P006,Mouse,Electronics,South,1,800,0.03,Card
ORD01865,12-Nov-25,CUST0006,P006,Mouse,Electronics,South,1,800,0.15,Card
ORD01885,18-Oct-25,CUST0746,P006,Mouse,Electronics,South,1,800,0.11,Card
ORD01905,23-Sep-25,CUST0486,P006,Mouse,Electronics,South,1,800,0.07,Card
ORD01925,29-Aug-25,CUST0226,P006,Mouse,Electronics,South,1,800,0.03,Card
ORD01945,04-Aug-25,CUST0966,P006,Mouse,Electronics,South,1,800,0.15,Card
ORD01965,10-Jul-25,CUST0706,P006,Mouse,Electronics,South,1,800,0.11,Card
ORD01985,15-Jun-25,CUST0446,P006,Mouse,Electronics,South,1,800,0.07,Card
ORD02005,21-May-25,CUST0186,P006,Mouse,Electronics,South,1,800,0.03,Card
ORD02025,26-Apr-25,CUST0926,P006,Mouse,Electronics,South,1,800,0.15,Card
ORD02045,01-Apr-25,CUST0666,P006,Mouse,Electronics,South,1,800,0.11,Card
ORD02065,07-Mar-25,CUST0406,P006,Mouse,Electronics,South,1,800,0.07,Card
ORD02085,10-Feb-25,CUST0146,P006,Mouse,Electronics,South,1,800,0.03,Card
ORD02105,16-Jan-25,CUST0886,P006,Mouse,Electronics,South,1,800,0.15,Card
ORD02125,22-Dec-25,CUST0626,P006,Mouse,Electronics,South,1,800,0.11,Card
ORD02145,27-Nov-25,CUST0366,P006,Mouse,Electronics,South,1,800,0.07,Card
ORD02165,02-Nov-25,CUST0106,P006,Mouse,Electronics,South,1,800,0.03,Card
ORD02185,08-Oct-25,CUST0846,P006,Mouse,Electronics,South,1,800,0.15,Card
ORD02205,13-Sep-25,CUST0586,P006,Mouse,Electronics,South,1,800,0.11,Card
ORD02225,19-Aug-25,CUST0326,P006,Mouse,Electronics,South,1,800,0.07,Card
ORD02245,25-Jul-25,CUST0066,P006,Mouse,Electronics,South,1,800,0.03,Card
ORD02265,30-Jun-25,CUST0806,P006,Mouse,Electronics,South,1,800,0.15,Card
ORD02285,05-Jun-25,CUST0546,P006,Mouse,Electronics,South,1,800,0.11,Card
ORD02305,11-May-25,CUST0286,P006,Mouse,Electronics,South,1,800,0.07,Card
ORD02325,16-Apr-25,CUST0026,P006,Mouse,Electronics,South,1,800,0.03,Card
ORD02345,22-Mar-25,CUST0766,P006,Mouse,Electronics,South,1,800,0.15,Card
ORD02365,25-Feb-25,CUST0506,P006,Mouse,Electronics,South,1,800,0.11,Card
ORD02385,31-Jan-25,CUST0246,P006,Mouse,Electronics,South,1,800,0.07,Card
ORD02405,06-Jan-25,CUST0986,P006,Mouse,Electronics,South,1,800,0.03,Card
ORD02425,12-Dec-25,CUST0726,P006,Mouse,Electronics,South,1,800,0.15,Card
ORD02445,17-Nov-25,CUST0466,P006,Mouse,Electronics,South,1,800,0.11,Card
ORD02465,23-Oct-25,CUST0206,P006,Mouse,Electronics,South,1,800,0.07,Card
ORD02485,28-Sep-25,CUST0946,P006,Mouse,Electronics,South,1,800,0.03,Card
ORD02505,03-Sep-25,CUST0686,P006,Mouse,Electronics,South,1,800,0.15,Card
ORD02525,09-Aug-25,CUST0426,P006,Mouse,Electronics,South,1,800,0.11,Card
ORD02545,15-Jul-25,CUST0166,P006,Mouse,Electronics,South,1,800,0.07,Card
ORD02565,20-Jun-25,CUST0906,P006,Mouse,Electronics,South,1,800,0.03,Card
ORD02585,26-May-25,CUST0646,P006,Mouse,Electronics,South,1,800,0.15,Card
ORD02605,01-May-25,CUST0386,P006,Mouse,Electronics,South,1,800,0.11,Card
ORD02625,06-Apr-25,CUST0126,P006,Mouse,Electronics,South,1,800,0.07,Card
ORD02645,12-Mar-25,CUST0866,P006,Mouse,Electronics,South,1,800,0.03,Card
ORD02665,15-Feb-25,CUST0606,P006,Mouse,Electronics,South,1,800,0.15,Card
ORD02685,21-Jan-25,CUST0346,P006,Mouse,Electronics,South,1,800,0.11,Card
ORD02705,27-Dec-25,CUST0086,P006,Mouse,Electronics,South,1,800,0.07,Card
ORD02725,02-Dec-25,CUST0826,P006,Mouse,Electronics,South,1,800,0.03,Card
ORD02745,07-Nov-25,CUST0566,P006,Mouse,Electronics,South,1,800,0.15,Card
ORD02765,13-Oct-25,CUST0306,P006,Mouse,Electronics,South,1,800,0.11,Card
ORD02785,18-Sep-25,CUST0046,P006,Mouse,Electronics,South,1,800,0.07,Card
ORD02805,24-Aug-25,CUST0786,P006,Mouse,Electronics,South,1,800,0.03,Card
ORD02825,30-Jul-25,CUST0526,P006,Mouse,Electronics,South,1,800,0.15,Card
ORD02845,05-Jul-25,CUST0266,P006,Mouse,Electronics,South,1,800,0.11,Card
ORD02865,10-Jun-25,CUST0006,P006,Mouse,Electronics,South,1,800,0.07,Card
ORD02885,16-May-25,CUST0746,P006,Mouse,Electronics,South,1,800,0.03,Card
ORD02905,21-Apr-25,CUST0486,P006,Mouse,Electronics,South,1,800,0.15,Card
ORD02925,27-Mar-25,CUST0226,P006,Mouse,Electronics,South,1,800,0.11,Card
ORD02945,02-Mar-25,CUST0966,P006,Mouse,Electronics,South,1,800,0.07,Card
ORD02965,05-Feb-25,CUST0706,P006,Mouse,Electronics,South,1,800,0.03,Card
ORD02985,11-Jan-25,CUST0446,P006,Mouse,Electronics,South,1,800,0.15,Card
ORD03005,17-Dec-25,CUST0186,P006,Mouse,Electronics,South,1,800,0.11,Card
ORD03025,22-Nov-25,CUST0926,P006,Mouse,Electronics,South,1,800,0.07,Card
ORD03045,28-Oct-25,CUST0666,P006,Mouse,Electronics,South,1,800,0.03,Card
ORD03065,03-Oct-25,CUST0406,P006,Mouse,Electronics,South,1,800,0.15,Card
ORD03085,08-Sep-25,CUST0146,P006,Mouse,Electronics,South,1,800,0.11,Card
ORD03105,14-Aug-25,CUST0886,P006,Mouse,Electronics,South,1,800,0.07,Card
ORD03125,20-Jul-25,CUST0626,P006,Mouse,Electronics,South,1,800,0.03,Card
ORD03145,25-Jun-25,CUST0366,P006,Mouse,Electronics,South,1,800,0.15,Card
ORD03165,31-May-25,CUST0106,P006,Mouse,Electronics,South,1,800,0.11,Card
ORD03185,06-May-25,CUST0846,P006,Mouse,Electronics,South,1,800,0.07,Card
ORD03205,11-Apr-25,CUST0586,P006,Mouse,Electronics,South,1,800,0.03,Card
ORD03225,17-Mar-25,CUST0326,P006,Mouse,Electronics,South,1,800,0.15,Card
ORD03245,20-Feb-25,CUST0066,P006,Mouse,Electronics,South,1,800,0.11,Card
ORD03265,26-Jan-25,CUST0806,P006,Mouse,Electronics,South,1,800,0.07,Card
ORD03285,01-Jan-25,CUST0546,P006,Mouse,Electronics,South,1,800,0.03,Card
ORD03305,07-Dec-25,CUST0286,P006,Mouse,Electronics,South,1,800,0.15,Card
ORD03325,12-Nov-25,CUST0026,P006,Mouse,Electronics,South,1,800,0.11,Card
ORD03345,18-Oct-25,CUST0766,P006,Mouse,Electronics,South,1,800,0.07,Card
ORD03365,23-Sep-25,CUST0506,P006,Mouse,Electronics,South,1,800,0.03,Card
ORD03385,29-Aug-25,CUST0246,P006,Mouse,Electronics,South,1,800,0.15,Card
ORD03405,04-Aug-25,CUST0986,P006,Mouse,Electronics,South,1,800,0.11,Card
ORD03425,10-Jul-25,CUST0726,P006,Mouse,Electronics,South,1,800,0.07,Card
ORD03445,15-Jun-25,CUST0466,P006,Mouse,Electronics,South,1,800,0.03,Card
ORD03465,21-May-25,CUST0206,P006,Mouse,Electronics,South,1,800,0.15,Card
ORD03485,26-Apr-25,CUST0946,P006,Mouse,Electronics,South,1,800,0.11,Card
ORD03505,01-Apr-25,CUST0686,P006,Mouse,Electronics,South,1,800,0.07,Card
ORD03525,07-Mar-25,CUST0426,P006,Mouse,Electronics,South,1,800,0.03,Card
ORD03545,10-Feb-25,CUST0166,P006,Mouse,Electronics,South,1,800,0.15,Card
ORD03565,16-Jan-25,CUST0906,P006,Mouse,Electronics,South,1,800,0.11,Card
ORD03585,22-Dec-25,CUST0646,P006,Mouse,Electronics,South,1,800,0.07,Card
ORD03605,27-Nov-25,CUST0386,P006,Mouse,Electronics,South,1,800,0.03,Card
ORD03625,02-Nov-25,CUST0126,P006,Mouse,Electronics,South,1,800,0.15,Card
ORD03645,08-Oct-25,CUST0866,P006,Mouse,Electronics,South,1,800,0.11,Card
ORD03665,13-Sep-25,CUST0606,P006,Mouse,Electronics,South,1,800,0.07,Card
ORD03685,19-Aug-25,CUST0346,P006,Mouse,Electronics,South,1,800,0.03,Card
ORD03705,25-Jul-25,CUST0086,P006,Mouse,Electronics,South,1,800,0.15,Card
ORD03725,30-Jun-25,CUST0826,P006,Mouse,Electronics,South,1,800,0.11,Card
ORD03745,05-Jun-25,CUST0566,P006,Mouse,Electronics,South,1,800,0.07,Card
ORD03765,11-May-25,CUST0306,P006,Mouse,Electronics,South,1,800,0.03,Card
ORD03785,16-Apr-25,CUST0046,P006,Mouse,Electronics,South,1,800,0.15,Card
ORD03805,22-Mar-25,CUST0786,P006,Mouse,Electronics,South,1,800,0.11,Card
ORD03825,25-Feb-25,CUST0526,P006,Mouse,Electronics,South,1,800,0.07,Card
ORD03845,31-Jan-25,CUST0266,P006,Mouse,Electronics,South,1,800,0.03,Card
ORD03865,06-Jan-25,CUST0006,P006,Mouse,Electronics,South,1,800,0.15,Card
ORD03885,12-Dec-25,CUST0746,P006,Mouse,Electronics,South,1,800,0.11,Card
ORD03905,17-Nov-25,CUST0486,P006,Mouse,Electronics,South,1,800,0.07,Card
ORD03925,23-Oct-25,CUST0226,P006,Mouse,Electronics,South,1,800,0.03,Card
ORD03945,28-Sep-25,CUST0966,P006,Mouse,Electronics,South,1,800,0.15,Card
ORD03965,03-Sep-25,CUST0706,P006,Mouse,Electronics,South,1,800,0.11,Card
ORD03985,09-Aug-25,CUST0446,P006,Mouse,Electronics,South,1,800,0.07,Card
ORD04005,15-Jul-25,CUST0186,P006,Mouse,Electronics,South,1,800,0.03,Card
ORD04025,20-Jun-25,CUST0926,P006,Mouse,Electronics,South,1,800,0.15,Card
ORD04045,26-May-25,CUST0666,P006,Mouse,Electronics,South,1,800,0.11,Card
ORD04065,01-May-25,CUST0406,P006,Mouse,Electronics,South,1,800,0.07,Card
ORD04085,06-Apr-25,CUST0146,P006,Mouse,Electronics,South,1,800,0.03,Card
ORD04105,12-Mar-25,CUST0886,P006,Mouse,Electronics,South,1,800,0.15,Card
ORD04125,15-Feb-25,CUST0626,P006,Mouse,Electronics,South,1,800,0.11,Card
ORD04145,21-Jan-25,CUST0366,P006,Mouse,Electronics,South,1,800,0.07,Card
ORD04165,27-Dec-25,CUST0106,P006,Mouse,Electronics,South,1,800,0.03,Card
ORD04185,02-Dec-25,CUST0846,P006,Mouse,Electronics,South,1,800,0.15,Card
ORD04205,07-Nov-25,CUST0586,P006,Mouse,Electronics,South,1,800,0.11,Card
ORD04225,13-Oct-25,CUST0326,P006,Mouse,Electronics,South,1,800,0.07,Card
ORD04245,18-Sep-25,CUST0066,P006,Mouse,Electronics,South,1,800,0.03,Card
ORD04265,24-Aug-25,CUST0806,P006,Mouse,Electronics,South,1,800,0.15,Card
ORD04285,30-Jul-25,CUST0546,P006,Mouse,Electronics,South,1,800,0.11,Card
ORD04305,05-Jul-25,CUST0286,P006,Mouse,Electronics,South,1,800,0.07,Card
ORD04325,10-Jun-25,CUST0026,P006,Mouse,Electronics,South,1,800,0.03,Card
ORD04345,16-May-25,CUST0766,P006,Mouse,Electronics,South,1,800,0.15,Card
ORD04365,21-Apr-25,CUST0506,P006,Mouse,Electronics,South,1,800,0.11,Card
ORD04385,27-Mar-25,CUST0246,P006,Mouse,Electronics,South,1,800,0.07,Card
ORD04405,02-Mar-25,CUST0986,P006,Mouse,Electronics,South,1,800,0.03,Card
ORD04425,05-Feb-25,CUST0726,P006,Mouse,Electronics,South,1,800,0.15,Card
ORD04445,11-Jan-25,CUST0466,P006,Mouse,Electronics,South,1,800,0.11,Card
ORD04465,17-Dec-25,CUST0206,P006,Mouse,Electronics,South,1,800,0.07,Card
ORD04485,22-Nov-25,CUST0946,P006,Mouse,Electronics,South,1,800,0.03,Card
ORD04505,28-Oct-25,CUST0686,P006,Mouse,Electronics,South,1,800,0.15,Card
ORD04525,03-Oct-25,CUST0426,P006,Mouse,Electronics,South,1,800,0.11,Card
ORD04545,08-Sep-25,CUST0166,P006,Mouse,Electronics,South,1,800,0.07,Card
ORD04565,14-Aug-25,CUST0906,P006,Mouse,Electronics,South,1,800,0.03,Card
ORD04585,20-Jul-25,CUST0646,P006,Mouse,Electronics,South,1,800,0.15,Card
ORD04605,25-Jun-25,CUST0386,P006,Mouse,Electronics,South,1,800,0.11,Card
ORD04625,31-May-25,CUST0126,P006,Mouse,Electronics,South,1,800,0.07,Card
ORD04645,06-May-25,CUST0866,P006,Mouse,Electronics,South,1,800,0.03,Card
ORD04665,11-Apr-25,CUST0606,P006,Mouse,Electronics,South,1,800,0.15,Card
ORD04685,17-Mar-25,CUST0346,P006,Mouse,Electronics,South,1,800,0.11,Card
ORD04705,20-Feb-25,CUST0086,P006,Mouse,Electronics,South,1,800,0.07,Card
ORD04725,26-Jan-25,CUST0826,P006,Mouse,Electronics,South,1,800,0.03,Card
ORD04745,01-Jan-25,CUST0566,P006,Mouse,Electronics,South,1,800,0.15,Card
ORD04765,07-Dec-25,CUST0306,P006,Mouse,Electronics,South,1,800,0.11,Card
ORD04785,12-Nov-25,CUST0046,P006,Mouse,Electronics,South,1,800,0.07,Card
ORD04805,18-Oct-25,CUST0786,P006,Mouse,Electronics,South,1,800,0.03,Card
ORD04825,23-Sep-25,CUST0526,P006,Mouse,Electronics,South,1,800,0.15,Card
ORD04845,29-Aug-25,CUST0266,P006,Mouse,Electronics,South,1,800,0.11,Card
ORD04865,04-Aug-25,CUST0006,P006,Mouse,Electronics,South,1,800,0.07,Card
ORD04885,10-Jul-25,CUST0746,P006,Mouse,Electronics,South,1,800,0.03,Card
ORD04905,15-Jun-25,CUST0486,P006,Mouse,Electronics,South,1,800,0.15,Card
ORD04925,21-May-25,CUST0226,P006,Mouse,Electronics,South,1,800,0.11,Card
ORD04945,26-Apr-25,CUST0966,P006,Mouse,Electronics,South,1,800,0.07,Card
ORD04965,01-Apr-25,CUST0706,P006,Mouse,Electronics,South,1,800,0.03,Card
ORD04985,07-Mar-25,CUST0446,P006,Mouse,Electronics,South,1,800,0.15,Card
ORD00020,07-Dec-25,CUST0741,P001,Laptop,Electronics,South,1,55000,0.12,UPI
ORD00040,12-Nov-25,CUST0481,P001,Laptop,Electronics,South,1,55000,0.08,UPI
ORD00060,18-Oct-25,CUST0221,P001,Laptop,Electronics,South,1,55000,0.04,UPI
ORD00080,23-Sep-25,CUST0961,P001,Laptop,Electronics,South,1,55000,0,UPI
ORD00100,29-Aug-25,CUST0701,P001,Laptop,Electronics,South,1,55000,0.12,UPI
ORD00120,04-Aug-25,CUST0441,P001,Laptop,Electronics,South,1,55000,0.08,UPI
ORD00140,10-Jul-25,CUST0181,P001,Laptop,Electronics,South,1,55000,0.04,UPI
ORD00160,15-Jun-25,CUST0921,P001,Laptop,Electronics,South,1,55000,0,UPI
ORD00180,21-May-25,CUST0661,P001,Laptop,Electronics,South,1,55000,0.12,UPI
ORD00200,26-Apr-25,CUST0401,P001,Laptop,Electronics,South,1,55000,0.08,UPI
ORD00220,01-Apr-25,CUST0141,P001,Laptop,Electronics,South,1,55000,0.04,UPI
ORD00240,07-Mar-25,CUST0881,P001,Laptop,Electronics,South,1,55000,0,UPI
ORD00260,10-Feb-25,CUST0621,P001,Laptop,Electronics,South,1,55000,0.12,UPI
ORD00280,16-Jan-25,CUST0361,P001,Laptop,Electronics,South,1,55000,0.08,UPI
ORD00300,22-Dec-25,CUST0101,P001,Laptop,Electronics,South,1,55000,0.04,UPI
ORD00320,27-Nov-25,CUST0841,P001,Laptop,Electronics,South,1,55000,0,UPI
ORD00340,02-Nov-25,CUST0581,P001,Laptop,Electronics,South,1,55000,0.12,UPI
ORD00360,08-Oct-25,CUST0321,P001,Laptop,Electronics,South,1,55000,0.08,UPI
ORD00380,13-Sep-25,CUST0061,P001,Laptop,Electronics,South,1,55000,0.04,UPI
ORD00400,19-Aug-25,CUST0801,P001,Laptop,Electronics,South,1,55000,0,UPI
ORD00420,25-Jul-25,CUST0541,P001,Laptop,Electronics,South,1,55000,0.12,UPI
ORD00440,30-Jun-25,CUST0281,P001,Laptop,Electronics,South,1,55000,0.08,UPI
ORD00460,05-Jun-25,CUST0021,P001,Laptop,Electronics,South,1,55000,0.04,UPI
ORD00480,11-May-25,CUST0761,P001,Laptop,Electronics,South,1,55000,0,UPI
ORD00500,16-Apr-25,CUST0501,P001,Laptop,Electronics,South,1,55000,0.12,UPI
ORD00520,22-Mar-25,CUST0241,P001,Laptop,Electronics,South,1,55000,0.08,UPI
ORD00540,25-Feb-25,CUST0981,P001,Laptop,Electronics,South,1,55000,0.04,UPI
ORD00560,31-Jan-25,CUST0721,P001,Laptop,Electronics,South,1,55000,0,UPI
ORD00580,06-Jan-25,CUST0461,P001,Laptop,Electronics,South,1,55000,0.12,UPI
ORD00600,12-Dec-25,CUST0201,P001,Laptop,Electronics,South,1,55000,0.08,UPI
ORD00620,17-Nov-25,CUST0941,P001,Laptop,Electronics,South,1,55000,0.04,UPI
ORD00640,23-Oct-25,CUST0681,P001,Laptop,Electronics,South,1,55000,0,UPI
ORD00660,28-Sep-25,CUST0421,P001,Laptop,Electronics,South,1,55000,0.12,UPI
ORD00680,03-Sep-25,CUST0161,P001,Laptop,Electronics,South,1,55000,0.08,UPI
ORD00700,09-Aug-25,CUST0901,P001,Laptop,Electronics,South,1,55000,0.04,UPI
ORD00720,15-Jul-25,CUST0641,P001,Laptop,Electronics,South,1,55000,0,UPI
ORD00740,20-Jun-25,CUST0381,P001,Laptop,Electronics,South,1,55000,0.12,UPI
ORD00760,26-May-25,CUST0121,P001,Laptop,Electronics,South,1,55000,0.08,UPI
ORD00780,01-May-25,CUST0861,P001,Laptop,Electronics,South,1,55000,0.04,UPI
ORD00800,06-Apr-25,CUST0601,P001,Laptop,Electronics,South,1,55000,0,UPI
ORD00820,12-Mar-25,CUST0341,P001,Laptop,Electronics,South,1,55000,0.12,UPI
ORD00840,15-Feb-25,CUST0081,P001,Laptop,Electronics,South,1,55000,0.08,UPI
ORD00860,21-Jan-25,CUST0821,P001,Laptop,Electronics,South,1,55000,0.04,UPI
ORD00880,27-Dec-25,CUST0561,P001,Laptop,Electronics,South,1,55000,0,UPI
ORD00900,02-Dec-25,CUST0301,P001,Laptop,Electronics,South,1,55000,0.12,UPI
ORD00920,07-Nov-25,CUST0041,P001,Laptop,Electronics,South,1,55000,0.08,UPI
ORD00940,13-Oct-25,CUST0781,P001,Laptop,Electronics,South,1,55000,0.04,UPI
ORD00960,18-Sep-25,CUST0521,P001,Laptop,Electronics,South,1,55000,0,UPI
ORD00980,24-Aug-25,CUST0261,P001,Laptop,Electronics,South,1,55000,0.12,UPI
ORD01000,30-Jul-25,CUST0001,P001,Laptop,Electronics,South,1,55000,0.08,UPI
ORD01020,05-Jul-25,CUST0741,P001,Laptop,Electronics,South,1,55000,0.04,UPI
ORD01040,10-Jun-25,CUST0481,P001,Laptop,Electronics,South,1,55000,0,UPI
ORD01060,16-May-25,CUST0221,P001,Laptop,Electronics,South,1,55000,0.12,UPI
ORD01080,21-Apr-25,CUST0961,P001,Laptop,Electronics,South,1,55000,0.08,UPI
ORD01100,27-Mar-25,CUST0701,P001,Laptop,Electronics,South,1,55000,0.04,UPI
ORD01120,02-Mar-25,CUST0441,P001,Laptop,Electronics,South,1,55000,0,UPI
ORD01140,05-Feb-25,CUST0181,P001,Laptop,Electronics,South,1,55000,0.12,UPI
ORD01160,11-Jan-25,CUST0921,P001,Laptop,Electronics,South,1,55000,0.08,UPI
ORD01180,17-Dec-25,CUST0661,P001,Laptop,Electronics,South,1,55000,0.04,UPI
ORD01200,22-Nov-25,CUST0401,P001,Laptop,Electronics,South,1,55000,0,UPI
ORD01220,28-Oct-25,CUST0141,P001,Laptop,Electronics,South,1,55000,0.12,UPI
ORD01240,03-Oct-25,CUST0881,P001,Laptop,Electronics,South,1,55000,0.08,UPI
ORD01260,08-Sep-25,CUST0621,P001,Laptop,Electronics,South,1,55000,0.04,UPI
ORD01280,14-Aug-25,CUST0361,P001,Laptop,Electronics,South,1,55000,0,UPI
ORD01300,20-Jul-25,CUST0101,P001,Laptop,Electronics,South,1,55000,0.12,UPI
ORD01320,25-Jun-25,CUST0841,P001,Laptop,Electronics,South,1,55000,0.08,UPI
ORD01340,31-May-25,CUST0581,P001,Laptop,Electronics,South,1,55000,0.04,UPI
ORD01360,06-May-25,CUST0321,P001,Laptop,Electronics,South,1,55000,0,UPI
ORD01380,11-Apr-25,CUST0061,P001,Laptop,Electronics,South,1,55000,0.12,UPI
ORD01400,17-Mar-25,CUST0801,P001,Laptop,Electronics,South,1,55000,0.08,UPI
ORD01420,20-Feb-25,CUST0541,P001,Laptop,Electronics,South,1,55000,0.04,UPI
ORD01440,26-Jan-25,CUST0281,P001,Laptop,Electronics,South,1,55000,0,UPI
ORD01460,01-Jan-25,CUST0021,P001,Laptop,Electronics,South,1,55000,0.12,UPI
ORD01480,07-Dec-25,CUST0761,P001,Laptop,Electronics,South,1,55000,0.08,UPI
ORD01500,12-Nov-25,CUST0501,P001,Laptop,Electronics,South,1,55000,0.04,UPI
ORD01520,18-Oct-25,CUST0241,P001,Laptop,Electronics,South,1,55000,0,UPI
ORD01540,23-Sep-25,CUST0981,P001,Laptop,Electronics,South,1,55000,0.12,UPI
ORD01560,29-Aug-25,CUST0721,P001,Laptop,Electronics,South,1,55000,0.08,UPI
ORD01580,04-Aug-25,CUST0461,P001,Laptop,Electronics,South,1,55000,0.04,UPI
ORD01600,10-Jul-25,CUST0201,P001,Laptop,Electronics,South,1,55000,0,UPI
ORD01620,15-Jun-25,CUST0941,P001,Laptop,Electronics,South,1,55000,0.12,UPI
ORD01640,21-May-25,CUST0681,P001,Laptop,Electronics,South,1,55000,0.08,UPI
ORD01660,26-Apr-25,CUST0421,P001,Laptop,Electronics,South,1,55000,0.04,UPI
ORD01680,01-Apr-25,CUST0161,P001,Laptop,Electronics,South,1,55000,0,UPI
ORD01700,07-Mar-25,CUST0901,P001,Laptop,Electronics,South,1,55000,0.12,UPI
ORD01720,10-Feb-25,CUST0641,P001,Laptop,Electronics,South,1,55000,0.08,UPI
ORD01740,16-Jan-25,CUST0381,P001,Laptop,Electronics,South,1,55000,0.04,UPI
ORD01760,22-Dec-25,CUST0121,P001,Laptop,Electronics,South,1,55000,0,UPI
ORD01780,27-Nov-25,CUST0861,P001,Laptop,Electronics,South,1,55000,0.12,UPI
ORD01800,02-Nov-25,CUST0601,P001,Laptop,Electronics,South,1,55000,0.08,UPI
ORD01820,08-Oct-25,CUST0341,P001,Laptop,Electronics,South,1,55000,0.04,UPI
ORD01840,13-Sep-25,CUST0081,P001,Laptop,Electronics,South,1,55000,0,UPI
ORD01860,19-Aug-25,CUST0821,P001,Laptop,Electronics,South,1,55000,0.12,UPI
ORD01880,25-Jul-25,CUST0561,P001,Laptop,Electronics,South,1,55000,0.08,UPI
ORD01900,30-Jun-25,CUST0301,P001,Laptop,Electronics,South,1,55000,0.04,UPI
ORD01920,05-Jun-25,CUST0041,P001,Laptop,Electronics,South,1,55000,0,UPI
ORD01940,11-May-25,CUST0781,P001,Laptop,Electronics,South,1,55000,0.12,UPI
ORD01960,16-Apr-25,CUST0521,P001,Laptop,Electronics,South,1,55000,0.08,UPI
ORD01980,22-Mar-25,CUST0261,P001,Laptop,Electronics,South,1,55000,0.04,UPI
ORD02000,25-Feb-25,CUST0001,P001,Laptop,Electronics,South,1,55000,0,UPI
ORD02020,31-Jan-25,CUST0741,P001,Laptop,Electronics,South,1,55000,0.12,UPI
ORD02040,06-Jan-25,CUST0481,P001,Laptop,Electronics,South,1,55000,0.08,UPI
ORD02060,12-Dec-25,CUST0221,P001,Laptop,Electronics,South,1,55000,0.04,UPI
ORD02080,17-Nov-25,CUST0961,P001,Laptop,Electronics,South,1,55000,0,UPI
ORD02100,23-Oct-25,CUST0701,P001,Laptop,Electronics,South,1,55000,0.12,UPI
ORD02120,28-Sep-25,CUST0441,P001,Laptop,Electronics,South,1,55000,0.08,UPI
ORD02140,03-Sep-25,CUST0181,P001,Laptop,Electronics,South,1,55000,0.04,UPI
ORD02160,09-Aug-25,CUST0921,P001,Laptop,Electronics,South,1,55000,0,UPI
ORD02180,15-Jul-25,CUST0661,P001,Laptop,Electronics,South,1,55000,0.12,UPI
ORD02200,20-Jun-25,CUST0401,P001,Laptop,Electronics,South,1,55000,0.08,UPI
ORD02220,26-May-25,CUST0141,P001,Laptop,Electronics,South,1,55000,0.04,UPI
ORD02240,01-May-25,CUST0881,P001,Laptop,Electronics,South,1,55000,0,UPI
ORD02260,06-Apr-25,CUST0621,P001,Laptop,Electronics,South,1,55000,0.12,UPI
ORD02280,12-Mar-25,CUST0361,P001,Laptop,Electronics,South,1,55000,0.08,UPI
ORD02300,15-Feb-25,CUST0101,P001,Laptop,Electronics,South,1,55000,0.04,UPI
ORD02320,21-Jan-25,CUST0841,P001,Laptop,Electronics,South,1,55000,0,UPI
ORD02340,27-Dec-25,CUST0581,P001,Laptop,Electronics,South,1,55000,0.12,UPI
ORD02360,02-Dec-25,CUST0321,P001,Laptop,Electronics,South,1,55000,0.08,UPI
ORD02380,07-Nov-25,CUST0061,P001,Laptop,Electronics,South,1,55000,0.04,UPI
ORD02400,13-Oct-25,CUST0801,P001,Laptop,Electronics,South,1,55000,0,UPI
ORD02420,18-Sep-25,CUST0541,P001,Laptop,Electronics,South,1,55000,0.12,UPI
ORD02440,24-Aug-25,CUST0281,P001,Laptop,Electronics,South,1,55000,0.08,UPI
ORD02460,30-Jul-25,CUST0021,P001,Laptop,Electronics,South,1,55000,0.04,UPI
ORD02480,05-Jul-25,CUST0761,P001,Laptop,Electronics,South,1,55000,0,UPI
ORD02500,10-Jun-25,CUST0501,P001,Laptop,Electronics,South,1,55000,0.12,UPI
ORD02520,16-May-25,CUST0241,P001,Laptop,Electronics,South,1,55000,0.08,UPI
ORD02540,21-Apr-25,CUST0981,P001,Laptop,Electronics,South,1,55000,0.04,UPI
ORD02560,27-Mar-25,CUST0721,P001,Laptop,Electronics,South,1,55000,0,UPI
ORD02580,02-Mar-25,CUST0461,P001,Laptop,Electronics,South,1,55000,0.12,UPI
ORD02600,05-Feb-25,CUST0201,P001,Laptop,Electronics,South,1,55000,0.08,UPI
ORD02620,11-Jan-25,CUST0941,P001,Laptop,Electronics,South,1,55000,0.04,UPI
ORD02640,17-Dec-25,CUST0681,P001,Laptop,Electronics,South,1,55000,0,UPI
ORD02660,22-Nov-25,CUST0421,P001,Laptop,Electronics,South,1,55000,0.12,UPI
ORD02680,28-Oct-25,CUST0161,P001,Laptop,Electronics,South,1,55000,0.08,UPI
ORD02700,03-Oct-25,CUST0901,P001,Laptop,Electronics,South,1,55000,0.04,UPI
ORD02720,08-Sep-25,CUST0641,P001,Laptop,Electronics,South,1,55000,0,UPI
ORD02740,14-Aug-25,CUST0381,P001,Laptop,Electronics,South,1,55000,0.12,UPI
ORD02760,20-Jul-25,CUST0121,P001,Laptop,Electronics,South,1,55000,0.08,UPI
ORD02780,25-Jun-25,CUST0861,P001,Laptop,Electronics,South,1,55000,0.04,UPI
ORD02800,31-May-25,CUST0601,P001,Laptop,Electronics,South,1,55000,0,UPI
ORD02820,06-May-25,CUST0341,P001,Laptop,Electronics,South,1,55000,0.12,UPI
ORD02840,11-Apr-25,CUST0081,P001,Laptop,Electronics,South,1,55000,0.08,UPI
ORD02860,17-Mar-25,CUST0821,P001,Laptop,Electronics,South,1,55000,0.04,UPI
ORD02880,20-Feb-25,CUST0561,P001,Laptop,Electronics,South,1,55000,0,UPI
ORD02900,26-Jan-25,CUST0301,P001,Laptop,Electronics,South,1,55000,0.12,UPI
ORD02920,01-Jan-25,CUST0041,P001,Laptop,Electronics,South,1,55000,0.08,UPI
ORD02940,07-Dec-25,CUST0781,P001,Laptop,Electronics,South,1,55000,0.04,UPI
ORD02960,12-Nov-25,CUST0521,P001,Laptop,Electronics,South,1,55000,0,UPI
ORD02980,18-Oct-25,CUST0261,P001,Laptop,Electronics,South,1,55000,0.12,UPI
ORD03000,23-Sep-25,CUST0001,P001,Laptop,Electronics,South,1,55000,0.08,UPI
ORD03020,29-Aug-25,CUST0741,P001,Laptop,Electronics,South,1,55000,0.04,UPI
ORD03040,04-Aug-25,CUST0481,P001,Laptop,Electronics,South,1,55000,0,UPI
ORD03060,10-Jul-25,CUST0221,P001,Laptop,Electronics,South,1,55000,0.12,UPI
ORD03080,15-Jun-25,CUST0961,P001,Laptop,Electronics,South,1,55000,0.08,UPI
ORD03100,21-May-25,CUST0701,P001,Laptop,Electronics,South,1,55000,0.04,UPI
ORD03120,26-Apr-25,CUST0441,P001,Laptop,Electronics,South,1,55000,0,UPI
ORD03140,01-Apr-25,CUST0181,P001,Laptop,Electronics,South,1,55000,0.12,UPI
ORD03160,07-Mar-25,CUST0921,P001,Laptop,Electronics,South,1,55000,0.08,UPI
ORD03180,10-Feb-25,CUST0661,P001,Laptop,Electronics,South,1,55000,0.04,UPI
ORD03200,16-Jan-25,CUST0401,P001,Laptop,Electronics,South,1,55000,0,UPI
ORD03220,22-Dec-25,CUST0141,P001,Laptop,Electronics,South,1,55000,0.12,UPI
ORD03240,27-Nov-25,CUST0881,P001,Laptop,Electronics,South,1,55000,0.08,UPI
ORD03260,02-Nov-25,CUST0621,P001,Laptop,Electronics,South,1,55000,0.04,UPI
ORD03280,08-Oct-25,CUST0361,P001,Laptop,Electronics,South,1,55000,0,UPI
ORD03300,13-Sep-25,CUST0101,P001,Laptop,Electronics,South,1,55000,0.12,UPI
ORD03320,19-Aug-25,CUST0841,P001,Laptop,Electronics,South,1,55000,0.08,UPI
ORD03340,25-Jul-25,CUST0581,P001,Laptop,Electronics,South,1,55000,0.04,UPI
ORD03360,30-Jun-25,CUST0321,P001,Laptop,Electronics,South,1,55000,0,UPI
ORD03380,05-Jun-25,CUST0061,P001,Laptop,Electronics,South,1,55000,0.12,UPI
ORD03400,11-May-25,CUST0801,P001,Laptop,Electronics,South,1,55000,0.08,UPI
ORD03420,16-Apr-25,CUST0541,P001,Laptop,Electronics,South,1,55000,0.04,UPI
ORD03440,22-Mar-25,CUST0281,P001,Laptop,Electronics,South,1,55000,0,UPI
ORD03460,25-Feb-25,CUST0021,P001,Laptop,Electronics,South,1,55000,0.12,UPI
ORD03480,31-Jan-25,CUST0761,P001,Laptop,Electronics,South,1,55000,0.08,UPI
ORD03500,06-Jan-25,CUST0501,P001,Laptop,Electronics,South,1,55000,0.04,UPI
ORD03520,12-Dec-25,CUST0241,P001,Laptop,Electronics,South,1,55000,0,UPI
ORD03540,17-Nov-25,CUST0981,P001,Laptop,Electronics,South,1,55000,0.12,UPI
ORD03560,23-Oct-25,CUST0721,P001,Laptop,Electronics,South,1,55000,0.08,UPI
ORD03580,28-Sep-25,CUST0461,P001,Laptop,Electronics,South,1,55000,0.04,UPI
ORD03600,03-Sep-25,CUST0201,P001,Laptop,Electronics,South,1,55000,0,UPI
ORD03620,09-Aug-25,CUST0941,P001,Laptop,Electronics,South,1,55000,0.12,UPI
ORD03640,15-Jul-25,CUST0681,P001,Laptop,Electronics,South,1,55000,0.08,UPI
ORD03660,20-Jun-25,CUST0421,P001,Laptop,Electronics,South,1,55000,0.04,UPI
ORD03680,26-May-25,CUST0161,P001,Laptop,Electronics,South,1,55000,0,UPI
ORD03700,01-May-25,CUST0901,P001,Laptop,Electronics,South,1,55000,0.12,UPI
ORD03720,06-Apr-25,CUST0641,P001,Laptop,Electronics,South,1,55000,0.08,UPI
ORD03740,12-Mar-25,CUST0381,P001,Laptop,Electronics,South,1,55000,0.04,UPI
ORD03760,15-Feb-25,CUST0121,P001,Laptop,Electronics,South,1,55000,0,UPI
ORD03780,21-Jan-25,CUST0861,P001,Laptop,Electronics,South,1,55000,0.12,UPI
ORD03800,27-Dec-25,CUST0601,P001,Laptop,Electronics,South,1,55000,0.08,UPI
ORD03820,02-Dec-25,CUST0341,P001,Laptop,Electronics,South,1,55000,0.04,UPI
ORD03840,07-Nov-25,CUST0081,P001,Laptop,Electronics,South,1,55000,0,UPI
ORD03860,13-Oct-25,CUST0821,P001,Laptop,Electronics,South,1,55000,0.12,UPI
ORD03880,18-Sep-25,CUST0561,P001,Laptop,Electronics,South,1,55000,0.08,UPI
ORD03900,24-Aug-25,CUST0301,P001,Laptop,Electronics,South,1,55000,0.04,UPI
ORD03920,30-Jul-25,CUST0041,P001,Laptop,Electronics,South,1,55000,0,UPI
ORD03940,05-Jul-25,CUST0781,P001,Laptop,Electronics,South,1,55000,0.12,UPI
ORD03960,10-Jun-25,CUST0521,P001,Laptop,Electronics,South,1,55000,0.08,UPI
ORD03980,16-May-25,CUST0261,P001,Laptop,Electronics,South,1,55000,0.04,UPI
ORD04000,21-Apr-25,CUST0001,P001,Laptop,Electronics,South,1,55000,0,UPI
ORD04020,27-Mar-25,CUST0741,P001,Laptop,Electronics,South,1,55000,0.12,UPI
ORD04040,02-Mar-25,CUST0481,P001,Laptop,Electronics,South,1,55000,0.08,UPI
ORD04060,05-Feb-25,CUST0221,P001,Laptop,Electronics,South,1,55000,0.04,UPI
ORD04080,11-Jan-25,CUST0961,P001,Laptop,Electronics,South,1,55000,0,UPI
ORD04100,17-Dec-25,CUST0701,P001,Laptop,Electronics,South,1,55000,0.12,UPI
ORD04120,22-Nov-25,CUST0441,P001,Laptop,Electronics,South,1,55000,0.08,UPI
ORD04140,28-Oct-25,CUST0181,P001,Laptop,Electronics,South,1,55000,0.04,UPI
ORD04160,03-Oct-25,CUST0921,P001,Laptop,Electronics,South,1,55000,0,UPI
ORD04180,08-Sep-25,CUST0661,P001,Laptop,Electronics,South,1,55000,0.12,UPI
ORD04200,14-Aug-25,CUST0401,P001,Laptop,Electronics,South,1,55000,0.08,UPI
ORD04220,20-Jul-25,CUST0141,P001,Laptop,Electronics,South,1,55000,0.04,UPI
ORD04240,25-Jun-25,CUST0881,P001,Laptop,Electronics,South,1,55000,0,UPI
ORD04260,31-May-25,CUST0621,P001,Laptop,Electronics,South,1,55000,0.12,UPI
ORD04280,06-May-25,CUST0361,P001,Laptop,Electronics,South,1,55000,0.08,UPI
ORD04300,11-Apr-25,CUST0101,P001,Laptop,Electronics,South,1,55000,0.04,UPI
ORD04320,17-Mar-25,CUST0841,P001,Laptop,Electronics,South,1,55000,0,UPI
ORD04340,20-Feb-25,CUST0581,P001,Laptop,Electronics,South,1,55000,0.12,UPI
ORD04360,26-Jan-25,CUST0321,P001,Laptop,Electronics,South,1,55000,0.08,UPI
ORD04380,01-Jan-25,CUST0061,P001,Laptop,Electronics,South,1,55000,0.04,UPI
ORD04400,07-Dec-25,CUST0801,P001,Laptop,Electronics,South,1,55000,0,UPI
ORD04420,12-Nov-25,CUST0541,P001,Laptop,Electronics,South,1,55000,0.12,UPI
ORD04440,18-Oct-25,CUST0281,P001,Laptop,Electronics,South,1,55000,0.08,UPI
ORD04460,23-Sep-25,CUST0021,P001,Laptop,Electronics,South,1,55000,0.04,UPI
ORD04480,29-Aug-25,CUST0761,P001,Laptop,Electronics,South,1,55000,0,UPI
ORD04500,04-Aug-25,CUST0501,P001,Laptop,Electronics,South,1,55000,0.12,UPI
ORD04520,10-Jul-25,CUST0241,P001,Laptop,Electronics,South,1,55000,0.08,UPI
ORD04540,15-Jun-25,CUST0981,P001,Laptop,Electronics,South,1,55000,0.04,UPI
ORD04560,21-May-25,CUST0721,P001,Laptop,Electronics,South,1,55000,0,UPI
ORD04580,26-Apr-25,CUST0461,P001,Laptop,Electronics,South,1,55000,0.12,UPI
ORD04600,01-Apr-25,CUST0201,P001,Laptop,Electronics,South,1,55000,0.08,UPI
ORD04620,07-Mar-25,CUST0941,P001,Laptop,Electronics,South,1,55000,0.04,UPI
ORD04640,10-Feb-25,CUST0681,P001,Laptop,Electronics,South,1,55000,0,UPI
ORD04660,16-Jan-25,CUST0421,P001,Laptop,Electronics,South,1,55000,0.12,UPI
ORD04680,22-Dec-25,CUST0161,P001,Laptop,Electronics,South,1,55000,0.08,UPI
ORD04700,27-Nov-25,CUST0901,P001,Laptop,Electronics,South,1,55000,0.04,UPI
ORD04720,02-Nov-25,CUST0641,P001,Laptop,Electronics,South,1,55000,0,UPI
ORD04740,08-Oct-25,CUST0381,P001,Laptop,Electronics,South,1,55000,0.12,UPI
ORD04760,13-Sep-25,CUST0121,P001,Laptop,Electronics,South,1,55000,0.08,UPI
ORD04780,19-Aug-25,CUST0861,P001,Laptop,Electronics,South,1,55000,0.04,UPI
ORD04800,25-Jul-25,CUST0601,P001,Laptop,Electronics,South,1,55000,0,UPI
ORD04820,30-Jun-25,CUST0341,P001,Laptop,Electronics,South,1,55000,0.12,UPI
ORD04840,05-Jun-25,CUST0081,P001,Laptop,Electronics,South,1,55000,0.08,UPI
ORD04860,11-May-25,CUST0821,P001,Laptop,Electronics,South,1,55000,0.04,UPI
ORD04880,16-Apr-25,CUST0561,P001,Laptop,Electronics,South,1,55000,0,UPI
ORD04900,22-Mar-25,CUST0301,P001,Laptop,Electronics,South,1,55000,0.12,UPI
ORD04920,25-Feb-25,CUST0041,P001,Laptop,Electronics,South,1,55000,0.08,UPI
ORD04940,31-Jan-25,CUST0781,P001,Laptop,Electronics,South,1,55000,0.04,UPI
ORD04960,06-Jan-25,CUST0521,P001,Laptop,Electronics,South,1,55000,0,UPI
ORD04980,12-Dec-25,CUST0261,P001,Laptop,Electronics,South,1,55000,0.12,UPI
ORD05000,17-Nov-25,CUST0001,P001,Laptop,Electronics,South,1,55000,0.08,UPI
ORD00004,10-Mar-25,CUST0149,P005,Keyboard,Electronics,Central,3,1500,0.12,UPI
ORD00024,13-Feb-25,CUST0889,P005,Keyboard,Electronics,Central,3,1500,0.08,UPI
ORD00044,19-Jan-25,CUST0629,P005,Keyboard,Electronics,Central,3,1500,0.04,UPI
ORD00064,25-Dec-25,CUST0369,P005,Keyboard,Electronics,Central,3,1500,0,UPI
ORD00084,30-Nov-25,CUST0109,P005,Keyboard,Electronics,Central,3,1500,0.12,UPI
ORD00104,05-Nov-25,CUST0849,P005,Keyboard,Electronics,Central,3,1500,0.08,UPI
ORD00124,11-Oct-25,CUST0589,P005,Keyboard,Electronics,Central,3,1500,0.04,UPI
ORD00144,16-Sep-25,CUST0329,P005,Keyboard,Electronics,Central,3,1500,0,UPI
ORD00164,22-Aug-25,CUST0069,P005,Keyboard,Electronics,Central,3,1500,0.12,UPI
ORD00184,28-Jul-25,CUST0809,P005,Keyboard,Electronics,Central,3,1500,0.08,UPI
ORD00204,03-Jul-25,CUST0549,P005,Keyboard,Electronics,Central,3,1500,0.04,UPI
ORD00224,08-Jun-25,CUST0289,P005,Keyboard,Electronics,Central,3,1500,0,UPI
ORD00244,14-May-25,CUST0029,P005,Keyboard,Electronics,Central,3,1500,0.12,UPI
ORD00264,19-Apr-25,CUST0769,P005,Keyboard,Electronics,Central,3,1500,0.08,UPI
ORD00284,25-Mar-25,CUST0509,P005,Keyboard,Electronics,Central,3,1500,0.04,UPI
ORD00304,28-Feb-25,CUST0249,P005,Keyboard,Electronics,Central,3,1500,0,UPI
ORD00324,03-Feb-25,CUST0989,P005,Keyboard,Electronics,Central,3,1500,0.12,UPI
ORD00344,09-Jan-25,CUST0729,P005,Keyboard,Electronics,Central,3,1500,0.08,UPI
ORD00364,15-Dec-25,CUST0469,P005,Keyboard,Electronics,Central,3,1500,0.04,UPI
ORD00384,20-Nov-25,CUST0209,P005,Keyboard,Electronics,Central,3,1500,0,UPI
ORD00404,26-Oct-25,CUST0949,P005,Keyboard,Electronics,Central,3,1500,0.12,UPI
ORD00424,01-Oct-25,CUST0689,P005,Keyboard,Electronics,Central,3,1500,0.08,UPI
ORD00444,06-Sep-25,CUST0429,P005,Keyboard,Electronics,Central,3,1500,0.04,UPI
ORD00464,12-Aug-25,CUST0169,P005,Keyboard,Electronics,Central,3,1500,0,UPI
ORD00484,18-Jul-25,CUST0909,P005,Keyboard,Electronics,Central,3,1500,0.12,UPI
ORD00504,23-Jun-25,CUST0649,P005,Keyboard,Electronics,Central,3,1500,0.08,UPI
ORD00524,29-May-25,CUST0389,P005,Keyboard,Electronics,Central,3,1500,0.04,UPI
ORD00544,04-May-25,CUST0129,P005,Keyboard,Electronics,Central,3,1500,0,UPI
ORD00564,09-Apr-25,CUST0869,P005,Keyboard,Electronics,Central,3,1500,0.12,UPI
ORD00584,15-Mar-25,CUST0609,P005,Keyboard,Electronics,Central,3,1500,0.08,UPI
ORD00604,18-Feb-25,CUST0349,P005,Keyboard,Electronics,Central,3,1500,0.04,UPI
ORD00624,24-Jan-25,CUST0089,P005,Keyboard,Electronics,Central,3,1500,0,UPI
ORD00644,30-Dec-25,CUST0829,P005,Keyboard,Electronics,Central,3,1500,0.12,UPI
ORD00664,05-Dec-25,CUST0569,P005,Keyboard,Electronics,Central,3,1500,0.08,UPI
ORD00684,10-Nov-25,CUST0309,P005,Keyboard,Electronics,Central,3,1500,0.04,UPI
ORD00704,16-Oct-25,CUST0049,P005,Keyboard,Electronics,Central,3,1500,0,UPI
ORD00724,21-Sep-25,CUST0789,P005,Keyboard,Electronics,Central,3,1500,0.12,UPI
ORD00744,27-Aug-25,CUST0529,P005,Keyboard,Electronics,Central,3,1500,0.08,UPI
ORD00764,02-Aug-25,CUST0269,P005,Keyboard,Electronics,Central,3,1500,0.04,UPI
ORD00784,08-Jul-25,CUST0009,P005,Keyboard,Electronics,Central,3,1500,0,UPI
ORD00804,13-Jun-25,CUST0749,P005,Keyboard,Electronics,Central,3,1500,0.12,UPI
ORD00824,19-May-25,CUST0489,P005,Keyboard,Electronics,Central,3,1500,0.08,UPI
ORD00844,24-Apr-25,CUST0229,P005,Keyboard,Electronics,Central,3,1500,0.04,UPI
ORD00864,30-Mar-25,CUST0969,P005,Keyboard,Electronics,Central,3,1500,0,UPI
ORD00884,05-Mar-25,CUST0709,P005,Keyboard,Electronics,Central,3,1500,0.12,UPI
ORD00904,08-Feb-25,CUST0449,P005,Keyboard,Electronics,Central,3,1500,0.08,UPI
ORD00924,14-Jan-25,CUST0189,P005,Keyboard,Electronics,Central,3,1500,0.04,UPI
ORD00944,20-Dec-25,CUST0929,P005,Keyboard,Electronics,Central,3,1500,0,UPI
ORD00964,25-Nov-25,CUST0669,P005,Keyboard,Electronics,Central,3,1500,0.12,UPI
ORD00984,31-Oct-25,CUST0409,P005,Keyboard,Electronics,Central,3,1500,0.08,UPI
ORD01004,06-Oct-25,CUST0149,P005,Keyboard,Electronics,Central,3,1500,0.04,UPI
ORD01024,11-Sep-25,CUST0889,P005,Keyboard,Electronics,Central,3,1500,0,UPI
ORD01044,17-Aug-25,CUST0629,P005,Keyboard,Electronics,Central,3,1500,0.12,UPI
ORD01064,23-Jul-25,CUST0369,P005,Keyboard,Electronics,Central,3,1500,0.08,UPI
ORD01084,28-Jun-25,CUST0109,P005,Keyboard,Electronics,Central,3,1500,0.04,UPI
ORD01104,03-Jun-25,CUST0849,P005,Keyboard,Electronics,Central,3,1500,0,UPI
ORD01124,09-May-25,CUST0589,P005,Keyboard,Electronics,Central,3,1500,0.12,UPI
ORD01144,14-Apr-25,CUST0329,P005,Keyboard,Electronics,Central,3,1500,0.08,UPI
ORD01164,20-Mar-25,CUST0069,P005,Keyboard,Electronics,Central,3,1500,0.04,UPI
ORD01184,23-Feb-25,CUST0809,P005,Keyboard,Electronics,Central,3,1500,0,UPI
ORD01204,29-Jan-25,CUST0549,P005,Keyboard,Electronics,Central,3,1500,0.12,UPI
ORD01224,04-Jan-25,CUST0289,P005,Keyboard,Electronics,Central,3,1500,0.08,UPI
ORD01244,10-Dec-25,CUST0029,P005,Keyboard,Electronics,Central,3,1500,0.04,UPI
ORD01264,15-Nov-25,CUST0769,P005,Keyboard,Electronics,Central,3,1500,0,UPI
ORD01284,21-Oct-25,CUST0509,P005,Keyboard,Electronics,Central,3,1500,0.12,UPI
ORD01304,26-Sep-25,CUST0249,P005,Keyboard,Electronics,Central,3,1500,0.08,UPI
ORD01324,01-Sep-25,CUST0989,P005,Keyboard,Electronics,Central,3,1500,0.04,UPI
ORD01344,07-Aug-25,CUST0729,P005,Keyboard,Electronics,Central,3,1500,0,UPI
ORD01364,13-Jul-25,CUST0469,P005,Keyboard,Electronics,Central,3,1500,0.12,UPI
ORD01384,18-Jun-25,CUST0209,P005,Keyboard,Electronics,Central,3,1500,0.08,UPI
ORD01404,24-May-25,CUST0949,P005,Keyboard,Electronics,Central,3,1500,0.04,UPI
ORD01424,29-Apr-25,CUST0689,P005,Keyboard,Electronics,Central,3,1500,0,UPI
ORD01444,04-Apr-25,CUST0429,P005,Keyboard,Electronics,Central,3,1500,0.12,UPI
ORD01464,10-Mar-25,CUST0169,P005,Keyboard,Electronics,Central,3,1500,0.08,UPI
ORD01484,13-Feb-25,CUST0909,P005,Keyboard,Electronics,Central,3,1500,0.04,UPI
ORD01504,19-Jan-25,CUST0649,P005,Keyboard,Electronics,Central,3,1500,0,UPI
ORD01524,25-Dec-25,CUST0389,P005,Keyboard,Electronics,Central,3,1500,0.12,UPI
ORD01544,30-Nov-25,CUST0129,P005,Keyboard,Electronics,Central,3,1500,0.08,UPI
ORD01564,05-Nov-25,CUST0869,P005,Keyboard,Electronics,Central,3,1500,0.04,UPI
ORD01584,11-Oct-25,CUST0609,P005,Keyboard,Electronics,Central,3,1500,0,UPI
ORD01604,16-Sep-25,CUST0349,P005,Keyboard,Electronics,Central,3,1500,0.12,UPI
ORD01624,22-Aug-25,CUST0089,P005,Keyboard,Electronics,Central,3,1500,0.08,UPI
ORD01644,28-Jul-25,CUST0829,P005,Keyboard,Electronics,Central,3,1500,0.04,UPI
ORD01664,03-Jul-25,CUST0569,P005,Keyboard,Electronics,Central,3,1500,0,UPI
ORD01684,08-Jun-25,CUST0309,P005,Keyboard,Electronics,Central,3,1500,0.12,UPI
ORD01704,14-May-25,CUST0049,P005,Keyboard,Electronics,Central,3,1500,0.08,UPI
ORD01724,19-Apr-25,CUST0789,P005,Keyboard,Electronics,Central,3,1500,0.04,UPI
ORD01744,25-Mar-25,CUST0529,P005,Keyboard,Electronics,Central,3,1500,0,UPI
ORD01764,28-Feb-25,CUST0269,P005,Keyboard,Electronics,Central,3,1500,0.12,UPI
ORD01784,03-Feb-25,CUST0009,P005,Keyboard,Electronics,Central,3,1500,0.08,UPI
ORD01804,09-Jan-25,CUST0749,P005,Keyboard,Electronics,Central,3,1500,0.04,UPI
ORD01824,15-Dec-25,CUST0489,P005,Keyboard,Electronics,Central,3,1500,0,UPI
ORD01844,20-Nov-25,CUST0229,P005,Keyboard,Electronics,Central,3,1500,0.12,UPI
ORD01864,26-Oct-25,CUST0969,P005,Keyboard,Electronics,Central,3,1500,0.08,UPI
ORD01884,01-Oct-25,CUST0709,P005,Keyboard,Electronics,Central,3,1500,0.04,UPI
ORD01904,06-Sep-25,CUST0449,P005,Keyboard,Electronics,Central,3,1500,0,UPI
ORD01924,12-Aug-25,CUST0189,P005,Keyboard,Electronics,Central,3,1500,0.12,UPI
ORD01944,18-Jul-25,CUST0929,P005,Keyboard,Electronics,Central,3,1500,0.08,UPI
ORD01964,23-Jun-25,CUST0669,P005,Keyboard,Electronics,Central,3,1500,0.04,UPI
ORD01984,29-May-25,CUST0409,P005,Keyboard,Electronics,Central,3,1500,0,UPI
ORD02004,04-May-25,CUST0149,P005,Keyboard,Electronics,Central,3,1500,0.12,UPI
ORD02024,09-Apr-25,CUST0889,P005,Keyboard,Electronics,Central,3,1500,0.08,UPI
ORD02044,15-Mar-25,CUST0629,P005,Keyboard,Electronics,Central,3,1500,0.04,UPI
ORD02064,18-Feb-25,CUST0369,P005,Keyboard,Electronics,Central,3,1500,0,UPI
ORD02084,24-Jan-25,CUST0109,P005,Keyboard,Electronics,Central,3,1500,0.12,UPI
ORD02104,30-Dec-25,CUST0849,P005,Keyboard,Electronics,Central,3,1500,0.08,UPI
ORD02124,05-Dec-25,CUST0589,P005,Keyboard,Electronics,Central,3,1500,0.04,UPI
ORD02144,10-Nov-25,CUST0329,P005,Keyboard,Electronics,Central,3,1500,0,UPI
ORD02164,16-Oct-25,CUST0069,P005,Keyboard,Electronics,Central,3,1500,0.12,UPI
ORD02184,21-Sep-25,CUST0809,P005,Keyboard,Electronics,Central,3,1500,0.08,UPI
ORD02204,27-Aug-25,CUST0549,P005,Keyboard,Electronics,Central,3,1500,0.04,UPI
ORD02224,02-Aug-25,CUST0289,P005,Keyboard,Electronics,Central,3,1500,0,UPI
ORD02244,08-Jul-25,CUST0029,P005,Keyboard,Electronics,Central,3,1500,0.12,UPI
ORD02264,13-Jun-25,CUST0769,P005,Keyboard,Electronics,Central,3,1500,0.08,UPI
ORD02284,19-May-25,CUST0509,P005,Keyboard,Electronics,Central,3,1500,0.04,UPI
ORD02304,24-Apr-25,CUST0249,P005,Keyboard,Electronics,Central,3,1500,0,UPI
ORD02324,30-Mar-25,CUST0989,P005,Keyboard,Electronics,Central,3,1500,0.12,UPI
ORD02344,05-Mar-25,CUST0729,P005,Keyboard,Electronics,Central,3,1500,0.08,UPI
ORD02364,08-Feb-25,CUST0469,P005,Keyboard,Electronics,Central,3,1500,0.04,UPI
ORD02384,14-Jan-25,CUST0209,P005,Keyboard,Electronics,Central,3,1500,0,UPI
ORD02404,20-Dec-25,CUST0949,P005,Keyboard,Electronics,Central,3,1500,0.12,UPI
ORD02424,25-Nov-25,CUST0689,P005,Keyboard,Electronics,Central,3,1500,0.08,UPI
ORD02444,31-Oct-25,CUST0429,P005,Keyboard,Electronics,Central,3,1500,0.04,UPI
ORD02464,06-Oct-25,CUST0169,P005,Keyboard,Electronics,Central,3,1500,0,UPI
ORD02484,11-Sep-25,CUST0909,P005,Keyboard,Electronics,Central,3,1500,0.12,UPI
ORD02504,17-Aug-25,CUST0649,P005,Keyboard,Electronics,Central,3,1500,0.08,UPI
ORD02524,23-Jul-25,CUST0389,P005,Keyboard,Electronics,Central,3,1500,0.04,UPI
ORD02544,28-Jun-25,CUST0129,P005,Keyboard,Electronics,Central,3,1500,0,UPI
ORD02564,03-Jun-25,CUST0869,P005,Keyboard,Electronics,Central,3,1500,0.12,UPI
ORD02584,09-May-25,CUST0609,P005,Keyboard,Electronics,Central,3,1500,0.08,UPI
ORD02604,14-Apr-25,CUST0349,P005,Keyboard,Electronics,Central,3,1500,0.04,UPI
ORD02624,20-Mar-25,CUST0089,P005,Keyboard,Electronics,Central,3,1500,0,UPI
ORD02644,23-Feb-25,CUST0829,P005,Keyboard,Electronics,Central,3,1500,0.12,UPI
ORD02664,29-Jan-25,CUST0569,P005,Keyboard,Electronics,Central,3,1500,0.08,UPI
ORD02684,04-Jan-25,CUST0309,P005,Keyboard,Electronics,Central,3,1500,0.04,UPI
ORD02704,10-Dec-25,CUST0049,P005,Keyboard,Electronics,Central,3,1500,0,UPI
ORD02724,15-Nov-25,CUST0789,P005,Keyboard,Electronics,Central,3,1500,0.12,UPI
ORD02744,21-Oct-25,CUST0529,P005,Keyboard,Electronics,Central,3,1500,0.08,UPI
ORD02764,26-Sep-25,CUST0269,P005,Keyboard,Electronics,Central,3,1500,0.04,UPI
ORD02784,01-Sep-25,CUST0009,P005,Keyboard,Electronics,Central,3,1500,0,UPI
ORD02804,07-Aug-25,CUST0749,P005,Keyboard,Electronics,Central,3,1500,0.12,UPI
ORD02824,13-Jul-25,CUST0489,P005,Keyboard,Electronics,Central,3,1500,0.08,UPI
ORD02844,18-Jun-25,CUST0229,P005,Keyboard,Electronics,Central,3,1500,0.04,UPI
ORD02864,24-May-25,CUST0969,P005,Keyboard,Electronics,Central,3,1500,0,UPI
ORD02884,29-Apr-25,CUST0709,P005,Keyboard,Electronics,Central,3,1500,0.12,UPI
ORD02904,04-Apr-25,CUST0449,P005,Keyboard,Electronics,Central,3,1500,0.08,UPI
ORD02924,10-Mar-25,CUST0189,P005,Keyboard,Electronics,Central,3,1500,0.04,UPI
ORD02944,13-Feb-25,CUST0929,P005,Keyboard,Electronics,Central,3,1500,0,UPI
ORD02964,19-Jan-25,CUST0669,P005,Keyboard,Electronics,Central,3,1500,0.12,UPI
ORD02984,25-Dec-25,CUST0409,P005,Keyboard,Electronics,Central,3,1500,0.08,UPI
ORD03004,30-Nov-25,CUST0149,P005,Keyboard,Electronics,Central,3,1500,0.04,UPI
ORD03024,05-Nov-25,CUST0889,P005,Keyboard,Electronics,Central,3,1500,0,UPI
ORD03044,11-Oct-25,CUST0629,P005,Keyboard,Electronics,Central,3,1500,0.12,UPI
ORD03064,16-Sep-25,CUST0369,P005,Keyboard,Electronics,Central,3,1500,0.08,UPI
ORD03084,22-Aug-25,CUST0109,P005,Keyboard,Electronics,Central,3,1500,0.04,UPI
ORD03104,28-Jul-25,CUST0849,P005,Keyboard,Electronics,Central,3,1500,0,UPI
ORD03124,03-Jul-25,CUST0589,P005,Keyboard,Electronics,Central,3,1500,0.12,UPI
ORD03144,08-Jun-25,CUST0329,P005,Keyboard,Electronics,Central,3,1500,0.08,UPI
ORD03164,14-May-25,CUST0069,P005,Keyboard,Electronics,Central,3,1500,0.04,UPI
ORD03184,19-Apr-25,CUST0809,P005,Keyboard,Electronics,Central,3,1500,0,UPI
ORD03204,25-Mar-25,CUST0549,P005,Keyboard,Electronics,Central,3,1500,0.12,UPI
ORD03224,28-Feb-25,CUST0289,P005,Keyboard,Electronics,Central,3,1500,0.08,UPI
ORD03244,03-Feb-25,CUST0029,P005,Keyboard,Electronics,Central,3,1500,0.04,UPI
ORD03264,09-Jan-25,CUST0769,P005,Keyboard,Electronics,Central,3,1500,0,UPI
ORD03284,15-Dec-25,CUST0509,P005,Keyboard,Electronics,Central,3,1500,0.12,UPI
ORD03304,20-Nov-25,CUST0249,P005,Keyboard,Electronics,Central,3,1500,0.08,UPI
ORD03324,26-Oct-25,CUST0989,P005,Keyboard,Electronics,Central,3,1500,0.04,UPI
ORD03344,01-Oct-25,CUST0729,P005,Keyboard,Electronics,Central,3,1500,0,UPI
ORD03364,06-Sep-25,CUST0469,P005,Keyboard,Electronics,Central,3,1500,0.12,UPI
ORD03384,12-Aug-25,CUST0209,P005,Keyboard,Electronics,Central,3,1500,0.08,UPI
ORD03404,18-Jul-25,CUST0949,P005,Keyboard,Electronics,Central,3,1500,0.04,UPI
ORD03424,23-Jun-25,CUST0689,P005,Keyboard,Electronics,Central,3,1500,0,UPI
ORD03444,29-May-25,CUST0429,P005,Keyboard,Electronics,Central,3,1500,0.12,UPI
ORD03464,04-May-25,CUST0169,P005,Keyboard,Electronics,Central,3,1500,0.08,UPI
ORD03484,09-Apr-25,CUST0909,P005,Keyboard,Electronics,Central,3,1500,0.04,UPI
ORD03504,15-Mar-25,CUST0649,P005,Keyboard,Electronics,Central,3,1500,0,UPI
ORD03524,18-Feb-25,CUST0389,P005,Keyboard,Electronics,Central,3,1500,0.12,UPI
ORD03544,24-Jan-25,CUST0129,P005,Keyboard,Electronics,Central,3,1500,0.08,UPI
ORD03564,30-Dec-25,CUST0869,P005,Keyboard,Electronics,Central,3,1500,0.04,UPI
ORD03584,05-Dec-25,CUST0609,P005,Keyboard,Electronics,Central,3,1500,0,UPI
ORD03604,10-Nov-25,CUST0349,P005,Keyboard,Electronics,Central,3,1500,0.12,UPI
ORD03624,16-Oct-25,CUST0089,P005,Keyboard,Electronics,Central,3,1500,0.08,UPI
ORD03644,21-Sep-25,CUST0829,P005,Keyboard,Electronics,Central,3,1500,0.04,UPI
ORD03664,27-Aug-25,CUST0569,P005,Keyboard,Electronics,Central,3,1500,0,UPI
ORD03684,02-Aug-25,CUST0309,P005,Keyboard,Electronics,Central,3,1500,0.12,UPI
ORD03704,08-Jul-25,CUST0049,P005,Keyboard,Electronics,Central,3,1500,0.08,UPI
ORD03724,13-Jun-25,CUST0789,P005,Keyboard,Electronics,Central,3,1500,0.04,UPI
ORD03744,19-May-25,CUST0529,P005,Keyboard,Electronics,Central,3,1500,0,UPI
ORD03764,24-Apr-25,CUST0269,P005,Keyboard,Electronics,Central,3,1500,0.12,UPI
ORD03784,30-Mar-25,CUST0009,P005,Keyboard,Electronics,Central,3,1500,0.08,UPI
ORD03804,05-Mar-25,CUST0749,P005,Keyboard,Electronics,Central,3,1500,0.04,UPI
ORD03824,08-Feb-25,CUST0489,P005,Keyboard,Electronics,Central,3,1500,0,UPI
ORD03844,14-Jan-25,CUST0229,P005,Keyboard,Electronics,Central,3,1500,0.12,UPI
ORD03864,20-Dec-25,CUST0969,P005,Keyboard,Electronics,Central,3,1500,0.08,UPI
ORD03884,25-Nov-25,CUST0709,P005,Keyboard,Electronics,Central,3,1500,0.04,UPI
ORD03904,31-Oct-25,CUST0449,P005,Keyboard,Electronics,Central,3,1500,0,UPI
ORD03924,06-Oct-25,CUST0189,P005,Keyboard,Electronics,Central,3,1500,0.12,UPI
ORD03944,11-Sep-25,CUST0929,P005,Keyboard,Electronics,Central,3,1500,0.08,UPI
ORD03964,17-Aug-25,CUST0669,P005,Keyboard,Electronics,Central,3,1500,0.04,UPI
ORD03984,23-Jul-25,CUST0409,P005,Keyboard,Electronics,Central,3,1500,0,UPI
ORD04004,28-Jun-25,CUST0149,P005,Keyboard,Electronics,Central,3,1500,0.12,UPI
ORD04024,03-Jun-25,CUST0889,P005,Keyboard,Electronics,Central,3,1500,0.08,UPI
ORD04044,09-May-25,CUST0629,P005,Keyboard,Electronics,Central,3,1500,0.04,UPI
ORD04064,14-Apr-25,CUST0369,P005,Keyboard,Electronics,Central,3,1500,0,UPI
ORD04084,20-Mar-25,CUST0109,P005,Keyboard,Electronics,Central,3,1500,0.12,UPI
ORD04104,23-Feb-25,CUST0849,P005,Keyboard,Electronics,Central,3,1500,0.08,UPI
ORD04124,29-Jan-25,CUST0589,P005,Keyboard,Electronics,Central,3,1500,0.04,UPI
ORD04144,04-Jan-25,CUST0329,P005,Keyboard,Electronics,Central,3,1500,0,UPI
ORD04164,10-Dec-25,CUST0069,P005,Keyboard,Electronics,Central,3,1500,0.12,UPI
ORD04184,15-Nov-25,CUST0809,P005,Keyboard,Electronics,Central,3,1500,0.08,UPI
ORD04204,21-Oct-25,CUST0549,P005,Keyboard,Electronics,Central,3,1500,0.04,UPI
ORD04224,26-Sep-25,CUST0289,P005,Keyboard,Electronics,Central,3,1500,0,UPI
ORD04244,01-Sep-25,CUST0029,P005,Keyboard,Electronics,Central,3,1500,0.12,UPI
ORD04264,07-Aug-25,CUST0769,P005,Keyboard,Electronics,Central,3,1500,0.08,UPI
ORD04284,13-Jul-25,CUST0509,P005,Keyboard,Electronics,Central,3,1500,0.04,UPI
ORD04304,18-Jun-25,CUST0249,P005,Keyboard,Electronics,Central,3,1500,0,UPI
ORD04324,24-May-25,CUST0989,P005,Keyboard,Electronics,Central,3,1500,0.12,UPI
ORD04344,29-Apr-25,CUST0729,P005,Keyboard,Electronics,Central,3,1500,0.08,UPI
ORD04364,04-Apr-25,CUST0469,P005,Keyboard,Electronics,Central,3,1500,0.04,UPI
ORD04384,10-Mar-25,CUST0209,P005,Keyboard,Electronics,Central,3,1500,0,UPI
ORD04404,13-Feb-25,CUST0949,P005,Keyboard,Electronics,Central,3,1500,0.12,UPI
ORD04424,19-Jan-25,CUST0689,P005,Keyboard,Electronics,Central,3,1500,0.08,UPI
ORD04444,25-Dec-25,CUST0429,P005,Keyboard,Electronics,Central,3,1500,0.04,UPI
ORD04464,30-Nov-25,CUST0169,P005,Keyboard,Electronics,Central,3,1500,0,UPI
ORD04484,05-Nov-25,CUST0909,P005,Keyboard,Electronics,Central,3,1500,0.12,UPI
ORD04504,11-Oct-25,CUST0649,P005,Keyboard,Electronics,Central,3,1500,0.08,UPI
ORD04524,16-Sep-25,CUST0389,P005,Keyboard,Electronics,Central,3,1500,0.04,UPI
ORD04544,22-Aug-25,CUST0129,P005,Keyboard,Electronics,Central,3,1500,0,UPI
ORD04564,28-Jul-25,CUST0869,P005,Keyboard,Electronics,Central,3,1500,0.12,UPI
ORD04584,03-Jul-25,CUST0609,P005,Keyboard,Electronics,Central,3,1500,0.08,UPI
ORD04604,08-Jun-25,CUST0349,P005,Keyboard,Electronics,Central,3,1500,0.04,UPI
ORD04624,14-May-25,CUST0089,P005,Keyboard,Electronics,Central,3,1500,0,UPI
ORD04644,19-Apr-25,CUST0829,P005,Keyboard,Electronics,Central,3,1500,0.12,UPI
ORD04664,25-Mar-25,CUST0569,P005,Keyboard,Electronics,Central,3,1500,0.08,UPI
ORD04684,28-Feb-25,CUST0309,P005,Keyboard,Electronics,Central,3,1500,0.04,UPI
ORD04704,03-Feb-25,CUST0049,P005,Keyboard,Electronics,Central,3,1500,0,UPI
ORD04724,09-Jan-25,CUST0789,P005,Keyboard,Electronics,Central,3,1500,0.12,UPI
ORD04744,15-Dec-25,CUST0529,P005,Keyboard,Electronics,Central,3,1500,0.08,UPI
ORD04764,20-Nov-25,CUST0269,P005,Keyboard,Electronics,Central,3,1500,0.04,UPI
ORD04784,26-Oct-25,CUST0009,P005,Keyboard,Electronics,Central,3,1500,0,UPI
ORD04804,01-Oct-25,CUST0749,P005,Keyboard,Electronics,Central,3,1500,0.12,UPI
ORD04824,06-Sep-25,CUST0489,P005,Keyboard,Electronics,Central,3,1500,0.08,UPI
ORD04844,12-Aug-25,CUST0229,P005,Keyboard,Electronics,Central,3,1500,0.04,UPI
ORD04864,18-Jul-25,CUST0969,P005,Keyboard,Electronics,Central,3,1500,0,UPI
ORD04884,23-Jun-25,CUST0709,P005,Keyboard,Electronics,Central,3,1500,0.12,UPI
ORD04904,29-May-25,CUST0449,P005,Keyboard,Electronics,Central,3,1500,0.08,UPI
ORD04924,04-May-25,CUST0189,P005,Keyboard,Electronics,Central,3,1500,0.04,UPI
ORD04944,09-Apr-25,CUST0929,P005,Keyboard,Electronics,Central,3,1500,0,UPI
ORD04964,15-Mar-25,CUST0669,P005,Keyboard,Electronics,Central,3,1500,0.12,UPI
ORD04984,18-Feb-25,CUST0409,P005,Keyboard,Electronics,Central,3,1500,0.08,UPI
ORD00003,21-Feb-25,CUST0112,P004,Monitor,Electronics,East,5,18000,0.05,Net Banking
ORD00023,27-Jan-25,CUST0852,P004,Monitor,Electronics,East,5,18000,0.01,Net Banking
ORD00043,02-Jan-25,CUST0592,P004,Monitor,Electronics,East,5,18000,0.13,Net Banking
ORD00063,08-Dec-25,CUST0332,P004,Monitor,Electronics,East,5,18000,0.09,Net Banking
ORD00083,13-Nov-25,CUST0072,P004,Monitor,Electronics,East,5,18000,0.05,Net Banking
ORD00103,19-Oct-25,CUST0812,P004,Monitor,Electronics,East,5,18000,0.01,Net Banking
ORD00123,24-Sep-25,CUST0552,P004,Monitor,Electronics,East,5,18000,0.13,Net Banking
ORD00143,30-Aug-25,CUST0292,P004,Monitor,Electronics,East,5,18000,0.09,Net Banking
ORD00163,05-Aug-25,CUST0032,P004,Monitor,Electronics,East,5,18000,0.05,Net Banking
ORD00183,11-Jul-25,CUST0772,P004,Monitor,Electronics,East,5,18000,0.01,Net Banking
ORD00203,16-Jun-25,CUST0512,P004,Monitor,Electronics,East,5,18000,0.13,Net Banking
ORD00223,22-May-25,CUST0252,P004,Monitor,Electronics,East,5,18000,0.09,Net Banking
ORD00243,27-Apr-25,CUST0992,P004,Monitor,Electronics,East,5,18000,0.05,Net Banking
ORD00263,02-Apr-25,CUST0732,P004,Monitor,Electronics,East,5,18000,0.01,Net Banking
ORD00283,08-Mar-25,CUST0472,P004,Monitor,Electronics,East,5,18000,0.13,Net Banking
ORD00303,11-Feb-25,CUST0212,P004,Monitor,Electronics,East,5,18000,0.09,Net Banking
ORD00323,17-Jan-25,CUST0952,P004,Monitor,Electronics,East,5,18000,0.05,Net Banking
ORD00343,23-Dec-25,CUST0692,P004,Monitor,Electronics,East,5,18000,0.01,Net Banking
ORD00363,28-Nov-25,CUST0432,P004,Monitor,Electronics,East,5,18000,0.13,Net Banking
ORD00383,03-Nov-25,CUST0172,P004,Monitor,Electronics,East,5,18000,0.09,Net Banking
ORD00403,09-Oct-25,CUST0912,P004,Monitor,Electronics,East,5,18000,0.05,Net Banking
ORD00423,14-Sep-25,CUST0652,P004,Monitor,Electronics,East,5,18000,0.01,Net Banking
ORD00443,20-Aug-25,CUST0392,P004,Monitor,Electronics,East,5,18000,0.13,Net Banking
ORD00463,26-Jul-25,CUST0132,P004,Monitor,Electronics,East,5,18000,0.09,Net Banking
ORD00483,01-Jul-25,CUST0872,P004,Monitor,Electronics,East,5,18000,0.05,Net Banking
ORD00503,06-Jun-25,CUST0612,P004,Monitor,Electronics,East,5,18000,0.01,Net Banking
ORD00523,12-May-25,CUST0352,P004,Monitor,Electronics,East,5,18000,0.13,Net Banking
ORD00543,17-Apr-25,CUST0092,P004,Monitor,Electronics,East,5,18000,0.09,Net Banking
ORD00563,23-Mar-25,CUST0832,P004,Monitor,Electronics,East,5,18000,0.05,Net Banking
ORD00583,26-Feb-25,CUST0572,P004,Monitor,Electronics,East,5,18000,0.01,Net Banking
ORD00603,01-Feb-25,CUST0312,P004,Monitor,Electronics,East,5,18000,0.13,Net Banking
ORD00623,07-Jan-25,CUST0052,P004,Monitor,Electronics,East,5,18000,0.09,Net Banking
ORD00643,13-Dec-25,CUST0792,P004,Monitor,Electronics,East,5,18000,0.05,Net Banking
ORD00663,18-Nov-25,CUST0532,P004,Monitor,Electronics,East,5,18000,0.01,Net Banking
ORD00683,24-Oct-25,CUST0272,P004,Monitor,Electronics,East,5,18000,0.13,Net Banking
ORD00703,29-Sep-25,CUST0012,P004,Monitor,Electronics,East,5,18000,0.09,Net Banking
ORD00723,04-Sep-25,CUST0752,P004,Monitor,Electronics,East,5,18000,0.05,Net Banking
ORD00743,10-Aug-25,CUST0492,P004,Monitor,Electronics,East,5,18000,0.01,Net Banking
ORD00763,16-Jul-25,CUST0232,P004,Monitor,Electronics,East,5,18000,0.13,Net Banking
ORD00783,21-Jun-25,CUST0972,P004,Monitor,Electronics,East,5,18000,0.09,Net Banking
ORD00803,27-May-25,CUST0712,P004,Monitor,Electronics,East,5,18000,0.05,Net Banking
ORD00823,02-May-25,CUST0452,P004,Monitor,Electronics,East,5,18000,0.01,Net Banking
ORD00843,07-Apr-25,CUST0192,P004,Monitor,Electronics,East,5,18000,0.13,Net Banking
ORD00863,13-Mar-25,CUST0932,P004,Monitor,Electronics,East,5,18000,0.09,Net Banking
ORD00883,16-Feb-25,CUST0672,P004,Monitor,Electronics,East,5,18000,0.05,Net Banking
ORD00903,22-Jan-25,CUST0412,P004,Monitor,Electronics,East,5,18000,0.01,Net Banking
ORD00923,28-Dec-25,CUST0152,P004,Monitor,Electronics,East,5,18000,0.13,Net Banking
ORD00943,03-Dec-25,CUST0892,P004,Monitor,Electronics,East,5,18000,0.09,Net Banking
ORD00963,08-Nov-25,CUST0632,P004,Monitor,Electronics,East,5,18000,0.05,Net Banking
ORD00983,14-Oct-25,CUST0372,P004,Monitor,Electronics,East,5,18000,0.01,Net Banking
ORD01003,19-Sep-25,CUST0112,P004,Monitor,Electronics,East,5,18000,0.13,Net Banking
ORD01023,25-Aug-25,CUST0852,P004,Monitor,Electronics,East,5,18000,0.09,Net Banking
ORD01043,31-Jul-25,CUST0592,P004,Monitor,Electronics,East,5,18000,0.05,Net Banking
ORD01063,06-Jul-25,CUST0332,P004,Monitor,Electronics,East,5,18000,0.01,Net Banking
ORD01083,11-Jun-25,CUST0072,P004,Monitor,Electronics,East,5,18000,0.13,Net Banking
ORD01103,17-May-25,CUST0812,P004,Monitor,Electronics,East,5,18000,0.09,Net Banking
ORD01123,22-Apr-25,CUST0552,P004,Monitor,Electronics,East,5,18000,0.05,Net Banking
ORD01143,28-Mar-25,CUST0292,P004,Monitor,Electronics,East,5,18000,0.01,Net Banking
ORD01163,03-Mar-25,CUST0032,P004,Monitor,Electronics,East,5,18000,0.13,Net Banking
ORD01183,06-Feb-25,CUST0772,P004,Monitor,Electronics,East,5,18000,0.09,Net Banking
ORD01203,12-Jan-25,CUST0512,P004,Monitor,Electronics,East,5,18000,0.05,Net Banking
ORD01223,18-Dec-25,CUST0252,P004,Monitor,Electronics,East,5,18000,0.01,Net Banking
ORD01243,23-Nov-25,CUST0992,P004,Monitor,Electronics,East,5,18000,0.13,Net Banking
ORD01263,29-Oct-25,CUST0732,P004,Monitor,Electronics,East,5,18000,0.09,Net Banking
ORD01283,04-Oct-25,CUST0472,P004,Monitor,Electronics,East,5,18000,0.05,Net Banking
ORD01303,09-Sep-25,CUST0212,P004,Monitor,Electronics,East,5,18000,0.01,Net Banking
ORD01323,15-Aug-25,CUST0952,P004,Monitor,Electronics,East,5,18000,0.13,Net Banking
ORD01343,21-Jul-25,CUST0692,P004,Monitor,Electronics,East,5,18000,0.09,Net Banking
ORD01363,26-Jun-25,CUST0432,P004,Monitor,Electronics,East,5,18000,0.05,Net Banking
ORD01383,01-Jun-25,CUST0172,P004,Monitor,Electronics,East,5,18000,0.01,Net Banking
ORD01403,07-May-25,CUST0912,P004,Monitor,Electronics,East,5,18000,0.13,Net Banking
ORD01423,12-Apr-25,CUST0652,P004,Monitor,Electronics,East,5,18000,0.09,Net Banking
ORD01443,18-Mar-25,CUST0392,P004,Monitor,Electronics,East,5,18000,0.05,Net Banking
ORD01463,21-Feb-25,CUST0132,P004,Monitor,Electronics,East,5,18000,0.01,Net Banking
ORD01483,27-Jan-25,CUST0872,P004,Monitor,Electronics,East,5,18000,0.13,Net Banking
ORD01503,02-Jan-25,CUST0612,P004,Monitor,Electronics,East,5,18000,0.09,Net Banking
ORD01523,08-Dec-25,CUST0352,P004,Monitor,Electronics,East,5,18000,0.05,Net Banking
ORD01543,13-Nov-25,CUST0092,P004,Monitor,Electronics,East,5,18000,0.01,Net Banking
ORD01563,19-Oct-25,CUST0832,P004,Monitor,Electronics,East,5,18000,0.13,Net Banking
ORD01583,24-Sep-25,CUST0572,P004,Monitor,Electronics,East,5,18000,0.09,Net Banking
ORD01603,30-Aug-25,CUST0312,P004,Monitor,Electronics,East,5,18000,0.05,Net Banking
ORD01623,05-Aug-25,CUST0052,P004,Monitor,Electronics,East,5,18000,0.01,Net Banking
ORD01643,11-Jul-25,CUST0792,P004,Monitor,Electronics,East,5,18000,0.13,Net Banking
ORD01663,16-Jun-25,CUST0532,P004,Monitor,Electronics,East,5,18000,0.09,Net Banking
ORD01683,22-May-25,CUST0272,P004,Monitor,Electronics,East,5,18000,0.05,Net Banking
ORD01703,27-Apr-25,CUST0012,P004,Monitor,Electronics,East,5,18000,0.01,Net Banking
ORD01723,02-Apr-25,CUST0752,P004,Monitor,Electronics,East,5,18000,0.13,Net Banking
ORD01743,08-Mar-25,CUST0492,P004,Monitor,Electronics,East,5,18000,0.09,Net Banking
ORD01763,11-Feb-25,CUST0232,P004,Monitor,Electronics,East,5,18000,0.05,Net Banking
ORD01783,17-Jan-25,CUST0972,P004,Monitor,Electronics,East,5,18000,0.01,Net Banking
ORD01803,23-Dec-25,CUST0712,P004,Monitor,Electronics,East,5,18000,0.13,Net Banking
ORD01823,28-Nov-25,CUST0452,P004,Monitor,Electronics,East,5,18000,0.09,Net Banking
ORD01843,03-Nov-25,CUST0192,P004,Monitor,Electronics,East,5,18000,0.05,Net Banking
ORD01863,09-Oct-25,CUST0932,P004,Monitor,Electronics,East,5,18000,0.01,Net Banking
ORD01883,14-Sep-25,CUST0672,P004,Monitor,Electronics,East,5,18000,0.13,Net Banking
ORD01903,20-Aug-25,CUST0412,P004,Monitor,Electronics,East,5,18000,0.09,Net Banking
ORD01923,26-Jul-25,CUST0152,P004,Monitor,Electronics,East,5,18000,0.05,Net Banking
ORD01943,01-Jul-25,CUST0892,P004,Monitor,Electronics,East,5,18000,0.01,Net Banking
ORD01963,06-Jun-25,CUST0632,P004,Monitor,Electronics,East,5,18000,0.13,Net Banking
ORD01983,12-May-25,CUST0372,P004,Monitor,Electronics,East,5,18000,0.09,Net Banking
ORD02003,17-Apr-25,CUST0112,P004,Monitor,Electronics,East,5,18000,0.05,Net Banking
ORD02023,23-Mar-25,CUST0852,P004,Monitor,Electronics,East,5,18000,0.01,Net Banking
ORD02043,26-Feb-25,CUST0592,P004,Monitor,Electronics,East,5,18000,0.13,Net Banking
ORD02063,01-Feb-25,CUST0332,P004,Monitor,Electronics,East,5,18000,0.09,Net Banking
ORD02083,07-Jan-25,CUST0072,P004,Monitor,Electronics,East,5,18000,0.05,Net Banking
ORD02103,13-Dec-25,CUST0812,P004,Monitor,Electronics,East,5,18000,0.01,Net Banking
ORD02123,18-Nov-25,CUST0552,P004,Monitor,Electronics,East,5,18000,0.13,Net Banking
ORD02143,24-Oct-25,CUST0292,P004,Monitor,Electronics,East,5,18000,0.09,Net Banking
ORD02163,29-Sep-25,CUST0032,P004,Monitor,Electronics,East,5,18000,0.05,Net Banking
ORD02183,04-Sep-25,CUST0772,P004,Monitor,Electronics,East,5,18000,0.01,Net Banking
ORD02203,10-Aug-25,CUST0512,P004,Monitor,Electronics,East,5,18000,0.13,Net Banking
ORD02223,16-Jul-25,CUST0252,P004,Monitor,Electronics,East,5,18000,0.09,Net Banking
ORD02243,21-Jun-25,CUST0992,P004,Monitor,Electronics,East,5,18000,0.05,Net Banking
ORD02263,27-May-25,CUST0732,P004,Monitor,Electronics,East,5,18000,0.01,Net Banking
ORD02283,02-May-25,CUST0472,P004,Monitor,Electronics,East,5,18000,0.13,Net Banking
ORD02303,07-Apr-25,CUST0212,P004,Monitor,Electronics,East,5,18000,0.09,Net Banking
ORD02323,13-Mar-25,CUST0952,P004,Monitor,Electronics,East,5,18000,0.05,Net Banking
ORD02343,16-Feb-25,CUST0692,P004,Monitor,Electronics,East,5,18000,0.01,Net Banking
ORD02363,22-Jan-25,CUST0432,P004,Monitor,Electronics,East,5,18000,0.13,Net Banking
ORD02383,28-Dec-25,CUST0172,P004,Monitor,Electronics,East,5,18000,0.09,Net Banking
ORD02403,03-Dec-25,CUST0912,P004,Monitor,Electronics,East,5,18000,0.05,Net Banking
ORD02423,08-Nov-25,CUST0652,P004,Monitor,Electronics,East,5,18000,0.01,Net Banking
ORD02443,14-Oct-25,CUST0392,P004,Monitor,Electronics,East,5,18000,0.13,Net Banking
ORD02463,19-Sep-25,CUST0132,P004,Monitor,Electronics,East,5,18000,0.09,Net Banking
ORD02483,25-Aug-25,CUST0872,P004,Monitor,Electronics,East,5,18000,0.05,Net Banking
ORD02503,31-Jul-25,CUST0612,P004,Monitor,Electronics,East,5,18000,0.01,Net Banking
ORD02523,06-Jul-25,CUST0352,P004,Monitor,Electronics,East,5,18000,0.13,Net Banking
ORD02543,11-Jun-25,CUST0092,P004,Monitor,Electronics,East,5,18000,0.09,Net Banking
ORD02563,17-May-25,CUST0832,P004,Monitor,Electronics,East,5,18000,0.05,Net Banking
ORD02583,22-Apr-25,CUST0572,P004,Monitor,Electronics,East,5,18000,0.01,Net Banking
ORD02603,28-Mar-25,CUST0312,P004,Monitor,Electronics,East,5,18000,0.13,Net Banking
ORD02623,03-Mar-25,CUST0052,P004,Monitor,Electronics,East,5,18000,0.09,Net Banking
ORD02643,06-Feb-25,CUST0792,P004,Monitor,Electronics,East,5,18000,0.05,Net Banking
ORD02663,12-Jan-25,CUST0532,P004,Monitor,Electronics,East,5,18000,0.01,Net Banking
ORD02683,18-Dec-25,CUST0272,P004,Monitor,Electronics,East,5,18000,0.13,Net Banking
ORD02703,23-Nov-25,CUST0012,P004,Monitor,Electronics,East,5,18000,0.09,Net Banking
ORD02723,29-Oct-25,CUST0752,P004,Monitor,Electronics,East,5,18000,0.05,Net Banking
ORD02743,04-Oct-25,CUST0492,P004,Monitor,Electronics,East,5,18000,0.01,Net Banking
ORD02763,09-Sep-25,CUST0232,P004,Monitor,Electronics,East,5,18000,0.13,Net Banking
ORD02783,15-Aug-25,CUST0972,P004,Monitor,Electronics,East,5,18000,0.09,Net Banking
ORD02803,21-Jul-25,CUST0712,P004,Monitor,Electronics,East,5,18000,0.05,Net Banking
ORD02823,26-Jun-25,CUST0452,P004,Monitor,Electronics,East,5,18000,0.01,Net Banking
ORD02843,01-Jun-25,CUST0192,P004,Monitor,Electronics,East,5,18000,0.13,Net Banking
ORD02863,07-May-25,CUST0932,P004,Monitor,Electronics,East,5,18000,0.09,Net Banking
ORD02883,12-Apr-25,CUST0672,P004,Monitor,Electronics,East,5,18000,0.05,Net Banking
ORD02903,18-Mar-25,CUST0412,P004,Monitor,Electronics,East,5,18000,0.01,Net Banking
ORD02923,21-Feb-25,CUST0152,P004,Monitor,Electronics,East,5,18000,0.13,Net Banking
ORD02943,27-Jan-25,CUST0892,P004,Monitor,Electronics,East,5,18000,0.09,Net Banking
ORD02963,02-Jan-25,CUST0632,P004,Monitor,Electronics,East,5,18000,0.05,Net Banking
ORD02983,08-Dec-25,CUST0372,P004,Monitor,Electronics,East,5,18000,0.01,Net Banking
ORD03003,13-Nov-25,CUST0112,P004,Monitor,Electronics,East,5,18000,0.13,Net Banking
ORD03023,19-Oct-25,CUST0852,P004,Monitor,Electronics,East,5,18000,0.09,Net Banking
ORD03043,24-Sep-25,CUST0592,P004,Monitor,Electronics,East,5,18000,0.05,Net Banking
ORD03063,30-Aug-25,CUST0332,P004,Monitor,Electronics,East,5,18000,0.01,Net Banking
ORD03083,05-Aug-25,CUST0072,P004,Monitor,Electronics,East,5,18000,0.13,Net Banking
ORD03103,11-Jul-25,CUST0812,P004,Monitor,Electronics,East,5,18000,0.09,Net Banking
ORD03123,16-Jun-25,CUST0552,P004,Monitor,Electronics,East,5,18000,0.05,Net Banking
ORD03143,22-May-25,CUST0292,P004,Monitor,Electronics,East,5,18000,0.01,Net Banking
ORD03163,27-Apr-25,CUST0032,P004,Monitor,Electronics,East,5,18000,0.13,Net Banking
ORD03183,02-Apr-25,CUST0772,P004,Monitor,Electronics,East,5,18000,0.09,Net Banking
ORD03203,08-Mar-25,CUST0512,P004,Monitor,Electronics,East,5,18000,0.05,Net Banking
ORD03223,11-Feb-25,CUST0252,P004,Monitor,Electronics,East,5,18000,0.01,Net Banking
ORD03243,17-Jan-25,CUST0992,P004,Monitor,Electronics,East,5,18000,0.13,Net Banking
ORD03263,23-Dec-25,CUST0732,P004,Monitor,Electronics,East,5,18000,0.09,Net Banking
ORD03283,28-Nov-25,CUST0472,P004,Monitor,Electronics,East,5,18000,0.05,Net Banking
ORD03303,03-Nov-25,CUST0212,P004,Monitor,Electronics,East,5,18000,0.01,Net Banking
ORD03323,09-Oct-25,CUST0952,P004,Monitor,Electronics,East,5,18000,0.13,Net Banking
ORD03343,14-Sep-25,CUST0692,P004,Monitor,Electronics,East,5,18000,0.09,Net Banking
ORD03363,20-Aug-25,CUST0432,P004,Monitor,Electronics,East,5,18000,0.05,Net Banking
ORD03383,26-Jul-25,CUST0172,P004,Monitor,Electronics,East,5,18000,0.01,Net Banking
ORD03403,01-Jul-25,CUST0912,P004,Monitor,Electronics,East,5,18000,0.13,Net Banking
ORD03423,06-Jun-25,CUST0652,P004,Monitor,Electronics,East,5,18000,0.09,Net Banking
ORD03443,12-May-25,CUST0392,P004,Monitor,Electronics,East,5,18000,0.05,Net Banking
ORD03463,17-Apr-25,CUST0132,P004,Monitor,Electronics,East,5,18000,0.01,Net Banking
ORD03483,23-Mar-25,CUST0872,P004,Monitor,Electronics,East,5,18000,0.13,Net Banking
ORD03503,26-Feb-25,CUST0612,P004,Monitor,Electronics,East,5,18000,0.09,Net Banking
ORD03523,01-Feb-25,CUST0352,P004,Monitor,Electronics,East,5,18000,0.05,Net Banking
ORD03543,07-Jan-25,CUST0092,P004,Monitor,Electronics,East,5,18000,0.01,Net Banking
ORD03563,13-Dec-25,CUST0832,P004,Monitor,Electronics,East,5,18000,0.13,Net Banking
ORD03583,18-Nov-25,CUST0572,P004,Monitor,Electronics,East,5,18000,0.09,Net Banking
ORD03603,24-Oct-25,CUST0312,P004,Monitor,Electronics,East,5,18000,0.05,Net Banking
ORD03623,29-Sep-25,CUST0052,P004,Monitor,Electronics,East,5,18000,0.01,Net Banking
ORD03643,04-Sep-25,CUST0792,P004,Monitor,Electronics,East,5,18000,0.13,Net Banking
ORD03663,10-Aug-25,CUST0532,P004,Monitor,Electronics,East,5,18000,0.09,Net Banking
ORD03683,16-Jul-25,CUST0272,P004,Monitor,Electronics,East,5,18000,0.05,Net Banking
ORD03703,21-Jun-25,CUST0012,P004,Monitor,Electronics,East,5,18000,0.01,Net Banking
ORD03723,27-May-25,CUST0752,P004,Monitor,Electronics,East,5,18000,0.13,Net Banking
ORD03743,02-May-25,CUST0492,P004,Monitor,Electronics,East,5,18000,0.09,Net Banking
ORD03763,07-Apr-25,CUST0232,P004,Monitor,Electronics,East,5,18000,0.05,Net Banking
ORD03783,13-Mar-25,CUST0972,P004,Monitor,Electronics,East,5,18000,0.01,Net Banking
ORD03803,16-Feb-25,CUST0712,P004,Monitor,Electronics,East,5,18000,0.13,Net Banking
ORD03823,22-Jan-25,CUST0452,P004,Monitor,Electronics,East,5,18000,0.09,Net Banking
ORD03843,28-Dec-25,CUST0192,P004,Monitor,Electronics,East,5,18000,0.05,Net Banking
ORD03863,03-Dec-25,CUST0932,P004,Monitor,Electronics,East,5,18000,0.01,Net Banking
ORD03883,08-Nov-25,CUST0672,P004,Monitor,Electronics,East,5,18000,0.13,Net Banking
ORD03903,14-Oct-25,CUST0412,P004,Monitor,Electronics,East,5,18000,0.09,Net Banking
ORD03923,19-Sep-25,CUST0152,P004,Monitor,Electronics,East,5,18000,0.05,Net Banking
ORD03943,25-Aug-25,CUST0892,P004,Monitor,Electronics,East,5,18000,0.01,Net Banking
ORD03963,31-Jul-25,CUST0632,P004,Monitor,Electronics,East,5,18000,0.13,Net Banking
ORD03983,06-Jul-25,CUST0372,P004,Monitor,Electronics,East,5,18000,0.09,Net Banking
ORD04003,11-Jun-25,CUST0112,P004,Monitor,Electronics,East,5,18000,0.05,Net Banking
ORD04023,17-May-25,CUST0852,P004,Monitor,Electronics,East,5,18000,0.01,Net Banking
ORD04043,22-Apr-25,CUST0592,P004,Monitor,Electronics,East,5,18000,0.13,Net Banking
ORD04063,28-Mar-25,CUST0332,P004,Monitor,Electronics,East,5,18000,0.09,Net Banking
ORD04083,03-Mar-25,CUST0072,P004,Monitor,Electronics,East,5,18000,0.05,Net Banking
ORD04103,06-Feb-25,CUST0812,P004,Monitor,Electronics,East,5,18000,0.01,Net Banking
ORD04123,12-Jan-25,CUST0552,P004,Monitor,Electronics,East,5,18000,0.13,Net Banking
ORD04143,18-Dec-25,CUST0292,P004,Monitor,Electronics,East,5,18000,0.09,Net Banking
ORD04163,23-Nov-25,CUST0032,P004,Monitor,Electronics,East,5,18000,0.05,Net Banking
ORD04183,29-Oct-25,CUST0772,P004,Monitor,Electronics,East,5,18000,0.01,Net Banking
ORD04203,04-Oct-25,CUST0512,P004,Monitor,Electronics,East,5,18000,0.13,Net Banking
ORD04223,09-Sep-25,CUST0252,P004,Monitor,Electronics,East,5,18000,0.09,Net Banking
ORD04243,15-Aug-25,CUST0992,P004,Monitor,Electronics,East,5,18000,0.05,Net Banking
ORD04263,21-Jul-25,CUST0732,P004,Monitor,Electronics,East,5,18000,0.01,Net Banking
ORD04283,26-Jun-25,CUST0472,P004,Monitor,Electronics,East,5,18000,0.13,Net Banking
ORD04303,01-Jun-25,CUST0212,P004,Monitor,Electronics,East,5,18000,0.09,Net Banking
ORD04323,07-May-25,CUST0952,P004,Monitor,Electronics,East,5,18000,0.05,Net Banking
ORD04343,12-Apr-25,CUST0692,P004,Monitor,Electronics,East,5,18000,0.01,Net Banking
ORD04363,18-Mar-25,CUST0432,P004,Monitor,Electronics,East,5,18000,0.13,Net Banking
ORD04383,21-Feb-25,CUST0172,P004,Monitor,Electronics,East,5,18000,0.09,Net Banking
ORD04403,27-Jan-25,CUST0912,P004,Monitor,Electronics,East,5,18000,0.05,Net Banking
ORD04423,02-Jan-25,CUST0652,P004,Monitor,Electronics,East,5,18000,0.01,Net Banking
ORD04443,08-Dec-25,CUST0392,P004,Monitor,Electronics,East,5,18000,0.13,Net Banking
ORD04463,13-Nov-25,CUST0132,P004,Monitor,Electronics,East,5,18000,0.09,Net Banking
ORD04483,19-Oct-25,CUST0872,P004,Monitor,Electronics,East,5,18000,0.05,Net Banking
ORD04503,24-Sep-25,CUST0612,P004,Monitor,Electronics,East,5,18000,0.01,Net Banking
ORD04523,30-Aug-25,CUST0352,P004,Monitor,Electronics,East,5,18000,0.13,Net Banking
ORD04543,05-Aug-25,CUST0092,P004,Monitor,Electronics,East,5,18000,0.09,Net Banking
ORD04563,11-Jul-25,CUST0832,P004,Monitor,Electronics,East,5,18000,0.05,Net Banking
ORD04583,16-Jun-25,CUST0572,P004,Monitor,Electronics,East,5,18000,0.01,Net Banking
ORD04603,22-May-25,CUST0312,P004,Monitor,Electronics,East,5,18000,0.13,Net Banking
ORD04623,27-Apr-25,CUST0052,P004,Monitor,Electronics,East,5,18000,0.09,Net Banking
ORD04643,02-Apr-25,CUST0792,P004,Monitor,Electronics,East,5,18000,0.05,Net Banking
ORD04663,08-Mar-25,CUST0532,P004,Monitor,Electronics,East,5,18000,0.01,Net Banking
ORD04683,11-Feb-25,CUST0272,P004,Monitor,Electronics,East,5,18000,0.13,Net Banking
ORD04703,17-Jan-25,CUST0012,P004,Monitor,Electronics,East,5,18000,0.09,Net Banking
ORD04723,23-Dec-25,CUST0752,P004,Monitor,Electronics,East,5,18000,0.05,Net Banking
ORD04743,28-Nov-25,CUST0492,P004,Monitor,Electronics,East,5,18000,0.01,Net Banking
ORD04763,03-Nov-25,CUST0232,P004,Monitor,Electronics,East,5,18000,0.13,Net Banking
ORD04783,09-Oct-25,CUST0972,P004,Monitor,Electronics,East,5,18000,0.09,Net Banking
ORD04803,14-Sep-25,CUST0712,P004,Monitor,Electronics,East,5,18000,0.05,Net Banking
ORD04823,20-Aug-25,CUST0452,P004,Monitor,Electronics,East,5,18000,0.01,Net Banking
ORD04843,26-Jul-25,CUST0192,P004,Monitor,Electronics,East,5,18000,0.13,Net Banking
ORD04863,01-Jul-25,CUST0932,P004,Monitor,Electronics,East,5,18000,0.09,Net Banking
ORD04883,06-Jun-25,CUST0672,P004,Monitor,Electronics,East,5,18000,0.05,Net Banking
ORD04903,12-May-25,CUST0412,P004,Monitor,Electronics,East,5,18000,0.01,Net Banking
ORD04923,17-Apr-25,CUST0152,P004,Monitor,Electronics,East,5,18000,0.13,Net Banking
ORD04943,23-Mar-25,CUST0892,P004,Monitor,Electronics,East,5,18000,0.09,Net Banking
ORD04963,26-Feb-25,CUST0632,P004,Monitor,Electronics,East,5,18000,0.05,Net Banking
ORD04983,01-Feb-25,CUST0372,P004,Monitor,Electronics,East,5,18000,0.01,Net Banking
ORD00002,04-Feb-25,CUST0075,P003,Tablet,Electronics,West,2,18000,0.14,Cash
ORD00022,10-Jan-25,CUST0815,P003,Tablet,Electronics,West,2,18000,0.1,Cash
ORD00042,16-Dec-25,CUST0555,P003,Tablet,Electronics,West,2,18000,0.06,Cash
ORD00062,21-Nov-25,CUST0295,P003,Tablet,Electronics,West,2,18000,0.02,Cash
ORD00082,27-Oct-25,CUST0035,P003,Tablet,Electronics,West,2,18000,0.14,Cash
ORD00102,02-Oct-25,CUST0775,P003,Tablet,Electronics,West,2,18000,0.1,Cash
ORD00122,07-Sep-25,CUST0515,P003,Tablet,Electronics,West,2,18000,0.06,Cash
ORD00142,13-Aug-25,CUST0255,P003,Tablet,Electronics,West,2,18000,0.02,Cash
ORD00162,19-Jul-25,CUST0995,P003,Tablet,Electronics,West,2,18000,0.14,Cash
ORD00182,24-Jun-25,CUST0735,P003,Tablet,Electronics,West,2,18000,0.1,Cash
ORD00202,30-May-25,CUST0475,P003,Tablet,Electronics,West,2,18000,0.06,Cash
ORD00222,05-May-25,CUST0215,P003,Tablet,Electronics,West,2,18000,0.02,Cash
ORD00242,10-Apr-25,CUST0955,P003,Tablet,Electronics,West,2,18000,0.14,Cash
ORD00262,16-Mar-25,CUST0695,P003,Tablet,Electronics,West,2,18000,0.1,Cash
ORD00282,19-Feb-25,CUST0435,P003,Tablet,Electronics,West,2,18000,0.06,Cash
ORD00302,25-Jan-25,CUST0175,P003,Tablet,Electronics,West,2,18000,0.02,Cash
ORD00322,31-Dec-25,CUST0915,P003,Tablet,Electronics,West,2,18000,0.14,Cash
ORD00342,06-Dec-25,CUST0655,P003,Tablet,Electronics,West,2,18000,0.1,Cash
ORD00362,11-Nov-25,CUST0395,P003,Tablet,Electronics,West,2,18000,0.06,Cash
ORD00382,17-Oct-25,CUST0135,P003,Tablet,Electronics,West,2,18000,0.02,Cash
ORD00402,22-Sep-25,CUST0875,P003,Tablet,Electronics,West,2,18000,0.14,Cash
ORD00422,28-Aug-25,CUST0615,P003,Tablet,Electronics,West,2,18000,0.1,Cash
ORD00442,03-Aug-25,CUST0355,P003,Tablet,Electronics,West,2,18000,0.06,Cash
ORD00462,09-Jul-25,CUST0095,P003,Tablet,Electronics,West,2,18000,0.02,Cash
ORD00482,14-Jun-25,CUST0835,P003,Tablet,Electronics,West,2,18000,0.14,Cash
ORD00502,20-May-25,CUST0575,P003,Tablet,Electronics,West,2,18000,0.1,Cash
ORD00522,25-Apr-25,CUST0315,P003,Tablet,Electronics,West,2,18000,0.06,Cash
ORD00542,31-Mar-25,CUST0055,P003,Tablet,Electronics,West,2,18000,0.02,Cash
ORD00562,06-Mar-25,CUST0795,P003,Tablet,Electronics,West,2,18000,0.14,Cash
ORD00582,09-Feb-25,CUST0535,P003,Tablet,Electronics,West,2,18000,0.1,Cash
ORD00602,15-Jan-25,CUST0275,P003,Tablet,Electronics,West,2,18000,0.06,Cash
ORD00622,21-Dec-25,CUST0015,P003,Tablet,Electronics,West,2,18000,0.02,Cash
ORD00642,26-Nov-25,CUST0755,P003,Tablet,Electronics,West,2,18000,0.14,Cash
ORD00662,01-Nov-25,CUST0495,P003,Tablet,Electronics,West,2,18000,0.1,Cash
ORD00682,07-Oct-25,CUST0235,P003,Tablet,Electronics,West,2,18000,0.06,Cash
ORD00702,12-Sep-25,CUST0975,P003,Tablet,Electronics,West,2,18000,0.02,Cash
ORD00722,18-Aug-25,CUST0715,P003,Tablet,Electronics,West,2,18000,0.14,Cash
ORD00742,24-Jul-25,CUST0455,P003,Tablet,Electronics,West,2,18000,0.1,Cash
ORD00762,29-Jun-25,CUST0195,P003,Tablet,Electronics,West,2,18000,0.06,Cash
ORD00782,04-Jun-25,CUST0935,P003,Tablet,Electronics,West,2,18000,0.02,Cash
ORD00802,10-May-25,CUST0675,P003,Tablet,Electronics,West,2,18000,0.14,Cash
ORD00822,15-Apr-25,CUST0415,P003,Tablet,Electronics,West,2,18000,0.1,Cash
ORD00842,21-Mar-25,CUST0155,P003,Tablet,Electronics,West,2,18000,0.06,Cash
ORD00862,24-Feb-25,CUST0895,P003,Tablet,Electronics,West,2,18000,0.02,Cash
ORD00882,30-Jan-25,CUST0635,P003,Tablet,Electronics,West,2,18000,0.14,Cash
ORD00902,05-Jan-25,CUST0375,P003,Tablet,Electronics,West,2,18000,0.1,Cash
ORD00922,11-Dec-25,CUST0115,P003,Tablet,Electronics,West,2,18000,0.06,Cash
ORD00942,16-Nov-25,CUST0855,P003,Tablet,Electronics,West,2,18000,0.02,Cash
ORD00962,22-Oct-25,CUST0595,P003,Tablet,Electronics,West,2,18000,0.14,Cash
ORD00982,27-Sep-25,CUST0335,P003,Tablet,Electronics,West,2,18000,0.1,Cash
ORD01002,02-Sep-25,CUST0075,P003,Tablet,Electronics,West,2,18000,0.06,Cash
ORD01022,08-Aug-25,CUST0815,P003,Tablet,Electronics,West,2,18000,0.02,Cash
ORD01042,14-Jul-25,CUST0555,P003,Tablet,Electronics,West,2,18000,0.14,Cash
ORD01062,19-Jun-25,CUST0295,P003,Tablet,Electronics,West,2,18000,0.1,Cash
ORD01082,25-May-25,CUST0035,P003,Tablet,Electronics,West,2,18000,0.06,Cash
ORD01102,30-Apr-25,CUST0775,P003,Tablet,Electronics,West,2,18000,0.02,Cash
ORD01122,05-Apr-25,CUST0515,P003,Tablet,Electronics,West,2,18000,0.14,Cash
ORD01142,11-Mar-25,CUST0255,P003,Tablet,Electronics,West,2,18000,0.1,Cash
ORD01162,14-Feb-25,CUST0995,P003,Tablet,Electronics,West,2,18000,0.06,Cash
ORD01182,20-Jan-25,CUST0735,P003,Tablet,Electronics,West,2,18000,0.02,Cash
ORD01202,26-Dec-25,CUST0475,P003,Tablet,Electronics,West,2,18000,0.14,Cash
ORD01222,01-Dec-25,CUST0215,P003,Tablet,Electronics,West,2,18000,0.1,Cash
ORD01242,06-Nov-25,CUST0955,P003,Tablet,Electronics,West,2,18000,0.06,Cash
ORD01262,12-Oct-25,CUST0695,P003,Tablet,Electronics,West,2,18000,0.02,Cash
ORD01282,17-Sep-25,CUST0435,P003,Tablet,Electronics,West,2,18000,0.14,Cash
ORD01302,23-Aug-25,CUST0175,P003,Tablet,Electronics,West,2,18000,0.1,Cash
ORD01322,29-Jul-25,CUST0915,P003,Tablet,Electronics,West,2,18000,0.06,Cash
ORD01342,04-Jul-25,CUST0655,P003,Tablet,Electronics,West,2,18000,0.02,Cash
ORD01362,09-Jun-25,CUST0395,P003,Tablet,Electronics,West,2,18000,0.14,Cash
ORD01382,15-May-25,CUST0135,P003,Tablet,Electronics,West,2,18000,0.1,Cash
ORD01402,20-Apr-25,CUST0875,P003,Tablet,Electronics,West,2,18000,0.06,Cash
ORD01422,26-Mar-25,CUST0615,P003,Tablet,Electronics,West,2,18000,0.02,Cash
ORD01442,01-Mar-25,CUST0355,P003,Tablet,Electronics,West,2,18000,0.14,Cash
ORD01462,04-Feb-25,CUST0095,P003,Tablet,Electronics,West,2,18000,0.1,Cash
ORD01482,10-Jan-25,CUST0835,P003,Tablet,Electronics,West,2,18000,0.06,Cash
ORD01502,16-Dec-25,CUST0575,P003,Tablet,Electronics,West,2,18000,0.02,Cash
ORD01522,21-Nov-25,CUST0315,P003,Tablet,Electronics,West,2,18000,0.14,Cash
ORD01542,27-Oct-25,CUST0055,P003,Tablet,Electronics,West,2,18000,0.1,Cash
ORD01562,02-Oct-25,CUST0795,P003,Tablet,Electronics,West,2,18000,0.06,Cash
ORD01582,07-Sep-25,CUST0535,P003,Tablet,Electronics,West,2,18000,0.02,Cash
ORD01602,13-Aug-25,CUST0275,P003,Tablet,Electronics,West,2,18000,0.14,Cash
ORD01622,19-Jul-25,CUST0015,P003,Tablet,Electronics,West,2,18000,0.1,Cash
ORD01642,24-Jun-25,CUST0755,P003,Tablet,Electronics,West,2,18000,0.06,Cash
ORD01662,30-May-25,CUST0495,P003,Tablet,Electronics,West,2,18000,0.02,Cash
ORD01682,05-May-25,CUST0235,P003,Tablet,Electronics,West,2,18000,0.14,Cash
ORD01702,10-Apr-25,CUST0975,P003,Tablet,Electronics,West,2,18000,0.1,Cash
ORD01722,16-Mar-25,CUST0715,P003,Tablet,Electronics,West,2,18000,0.06,Cash
ORD01742,19-Feb-25,CUST0455,P003,Tablet,Electronics,West,2,18000,0.02,Cash
ORD01762,25-Jan-25,CUST0195,P003,Tablet,Electronics,West,2,18000,0.14,Cash
ORD01782,31-Dec-25,CUST0935,P003,Tablet,Electronics,West,2,18000,0.1,Cash
ORD01802,06-Dec-25,CUST0675,P003,Tablet,Electronics,West,2,18000,0.06,Cash
ORD01822,11-Nov-25,CUST0415,P003,Tablet,Electronics,West,2,18000,0.02,Cash
ORD01842,17-Oct-25,CUST0155,P003,Tablet,Electronics,West,2,18000,0.14,Cash
ORD01862,22-Sep-25,CUST0895,P003,Tablet,Electronics,West,2,18000,0.1,Cash
ORD01882,28-Aug-25,CUST0635,P003,Tablet,Electronics,West,2,18000,0.06,Cash
ORD01902,03-Aug-25,CUST0375,P003,Tablet,Electronics,West,2,18000,0.02,Cash
ORD01922,09-Jul-25,CUST0115,P003,Tablet,Electronics,West,2,18000,0.14,Cash
ORD01942,14-Jun-25,CUST0855,P003,Tablet,Electronics,West,2,18000,0.1,Cash
ORD01962,20-May-25,CUST0595,P003,Tablet,Electronics,West,2,18000,0.06,Cash
ORD01982,25-Apr-25,CUST0335,P003,Tablet,Electronics,West,2,18000,0.02,Cash
ORD02002,31-Mar-25,CUST0075,P003,Tablet,Electronics,West,2,18000,0.14,Cash
ORD02022,06-Mar-25,CUST0815,P003,Tablet,Electronics,West,2,18000,0.1,Cash
ORD02042,09-Feb-25,CUST0555,P003,Tablet,Electronics,West,2,18000,0.06,Cash
ORD02062,15-Jan-25,CUST0295,P003,Tablet,Electronics,West,2,18000,0.02,Cash
ORD02082,21-Dec-25,CUST0035,P003,Tablet,Electronics,West,2,18000,0.14,Cash
ORD02102,26-Nov-25,CUST0775,P003,Tablet,Electronics,West,2,18000,0.1,Cash
ORD02122,01-Nov-25,CUST0515,P003,Tablet,Electronics,West,2,18000,0.06,Cash
ORD02142,07-Oct-25,CUST0255,P003,Tablet,Electronics,West,2,18000,0.02,Cash
ORD02162,12-Sep-25,CUST0995,P003,Tablet,Electronics,West,2,18000,0.14,Cash
ORD02182,18-Aug-25,CUST0735,P003,Tablet,Electronics,West,2,18000,0.1,Cash
ORD02202,24-Jul-25,CUST0475,P003,Tablet,Electronics,West,2,18000,0.06,Cash
ORD02222,29-Jun-25,CUST0215,P003,Tablet,Electronics,West,2,18000,0.02,Cash
ORD02242,04-Jun-25,CUST0955,P003,Tablet,Electronics,West,2,18000,0.14,Cash
ORD02262,10-May-25,CUST0695,P003,Tablet,Electronics,West,2,18000,0.1,Cash
ORD02282,15-Apr-25,CUST0435,P003,Tablet,Electronics,West,2,18000,0.06,Cash
ORD02302,21-Mar-25,CUST0175,P003,Tablet,Electronics,West,2,18000,0.02,Cash
ORD02322,24-Feb-25,CUST0915,P003,Tablet,Electronics,West,2,18000,0.14,Cash
ORD02342,30-Jan-25,CUST0655,P003,Tablet,Electronics,West,2,18000,0.1,Cash
ORD02362,05-Jan-25,CUST0395,P003,Tablet,Electronics,West,2,18000,0.06,Cash
ORD02382,11-Dec-25,CUST0135,P003,Tablet,Electronics,West,2,18000,0.02,Cash
ORD02402,16-Nov-25,CUST0875,P003,Tablet,Electronics,West,2,18000,0.14,Cash
ORD02422,22-Oct-25,CUST0615,P003,Tablet,Electronics,West,2,18000,0.1,Cash
ORD02442,27-Sep-25,CUST0355,P003,Tablet,Electronics,West,2,18000,0.06,Cash
ORD02462,02-Sep-25,CUST0095,P003,Tablet,Electronics,West,2,18000,0.02,Cash
ORD02482,08-Aug-25,CUST0835,P003,Tablet,Electronics,West,2,18000,0.14,Cash
ORD02502,14-Jul-25,CUST0575,P003,Tablet,Electronics,West,2,18000,0.1,Cash
ORD02522,19-Jun-25,CUST0315,P003,Tablet,Electronics,West,2,18000,0.06,Cash
ORD02542,25-May-25,CUST0055,P003,Tablet,Electronics,West,2,18000,0.02,Cash
ORD02562,30-Apr-25,CUST0795,P003,Tablet,Electronics,West,2,18000,0.14,Cash
ORD02582,05-Apr-25,CUST0535,P003,Tablet,Electronics,West,2,18000,0.1,Cash
ORD02602,11-Mar-25,CUST0275,P003,Tablet,Electronics,West,2,18000,0.06,Cash
ORD02622,14-Feb-25,CUST0015,P003,Tablet,Electronics,West,2,18000,0.02,Cash
ORD02642,20-Jan-25,CUST0755,P003,Tablet,Electronics,West,2,18000,0.14,Cash
ORD02662,26-Dec-25,CUST0495,P003,Tablet,Electronics,West,2,18000,0.1,Cash
ORD02682,01-Dec-25,CUST0235,P003,Tablet,Electronics,West,2,18000,0.06,Cash
ORD02702,06-Nov-25,CUST0975,P003,Tablet,Electronics,West,2,18000,0.02,Cash
ORD02722,12-Oct-25,CUST0715,P003,Tablet,Electronics,West,2,18000,0.14,Cash
ORD02742,17-Sep-25,CUST0455,P003,Tablet,Electronics,West,2,18000,0.1,Cash
ORD02762,23-Aug-25,CUST0195,P003,Tablet,Electronics,West,2,18000,0.06,Cash
ORD02782,29-Jul-25,CUST0935,P003,Tablet,Electronics,West,2,18000,0.02,Cash
ORD02802,04-Jul-25,CUST0675,P003,Tablet,Electronics,West,2,18000,0.14,Cash
ORD02822,09-Jun-25,CUST0415,P003,Tablet,Electronics,West,2,18000,0.1,Cash
ORD02842,15-May-25,CUST0155,P003,Tablet,Electronics,West,2,18000,0.06,Cash
ORD02862,20-Apr-25,CUST0895,P003,Tablet,Electronics,West,2,18000,0.02,Cash
ORD02882,26-Mar-25,CUST0635,P003,Tablet,Electronics,West,2,18000,0.14,Cash
ORD02902,01-Mar-25,CUST0375,P003,Tablet,Electronics,West,2,18000,0.1,Cash
ORD02922,04-Feb-25,CUST0115,P003,Tablet,Electronics,West,2,18000,0.06,Cash
ORD02942,10-Jan-25,CUST0855,P003,Tablet,Electronics,West,2,18000,0.02,Cash
ORD02962,16-Dec-25,CUST0595,P003,Tablet,Electronics,West,2,18000,0.14,Cash
ORD02982,21-Nov-25,CUST0335,P003,Tablet,Electronics,West,2,18000,0.1,Cash
ORD03002,27-Oct-25,CUST0075,P003,Tablet,Electronics,West,2,18000,0.06,Cash
ORD03022,02-Oct-25,CUST0815,P003,Tablet,Electronics,West,2,18000,0.02,Cash
ORD03042,07-Sep-25,CUST0555,P003,Tablet,Electronics,West,2,18000,0.14,Cash
ORD03062,13-Aug-25,CUST0295,P003,Tablet,Electronics,West,2,18000,0.1,Cash
ORD03082,19-Jul-25,CUST0035,P003,Tablet,Electronics,West,2,18000,0.06,Cash
ORD03102,24-Jun-25,CUST0775,P003,Tablet,Electronics,West,2,18000,0.02,Cash
ORD03122,30-May-25,CUST0515,P003,Tablet,Electronics,West,2,18000,0.14,Cash
ORD03142,05-May-25,CUST0255,P003,Tablet,Electronics,West,2,18000,0.1,Cash
ORD03162,10-Apr-25,CUST0995,P003,Tablet,Electronics,West,2,18000,0.06,Cash
ORD03182,16-Mar-25,CUST0735,P003,Tablet,Electronics,West,2,18000,0.02,Cash
ORD03202,19-Feb-25,CUST0475,P003,Tablet,Electronics,West,2,18000,0.14,Cash
ORD03222,25-Jan-25,CUST0215,P003,Tablet,Electronics,West,2,18000,0.1,Cash
ORD03242,31-Dec-25,CUST0955,P003,Tablet,Electronics,West,2,18000,0.06,Cash
ORD03262,06-Dec-25,CUST0695,P003,Tablet,Electronics,West,2,18000,0.02,Cash
ORD03282,11-Nov-25,CUST0435,P003,Tablet,Electronics,West,2,18000,0.14,Cash
ORD03302,17-Oct-25,CUST0175,P003,Tablet,Electronics,West,2,18000,0.1,Cash
ORD03322,22-Sep-25,CUST0915,P003,Tablet,Electronics,West,2,18000,0.06,Cash
ORD03342,28-Aug-25,CUST0655,P003,Tablet,Electronics,West,2,18000,0.02,Cash
ORD03362,03-Aug-25,CUST0395,P003,Tablet,Electronics,West,2,18000,0.14,Cash
ORD03382,09-Jul-25,CUST0135,P003,Tablet,Electronics,West,2,18000,0.1,Cash
ORD03402,14-Jun-25,CUST0875,P003,Tablet,Electronics,West,2,18000,0.06,Cash
ORD03422,20-May-25,CUST0615,P003,Tablet,Electronics,West,2,18000,0.02,Cash
ORD03442,25-Apr-25,CUST0355,P003,Tablet,Electronics,West,2,18000,0.14,Cash
ORD03462,31-Mar-25,CUST0095,P003,Tablet,Electronics,West,2,18000,0.1,Cash
ORD03482,06-Mar-25,CUST0835,P003,Tablet,Electronics,West,2,18000,0.06,Cash
ORD03502,09-Feb-25,CUST0575,P003,Tablet,Electronics,West,2,18000,0.02,Cash
ORD03522,15-Jan-25,CUST0315,P003,Tablet,Electronics,West,2,18000,0.14,Cash
ORD03542,21-Dec-25,CUST0055,P003,Tablet,Electronics,West,2,18000,0.1,Cash
ORD03562,26-Nov-25,CUST0795,P003,Tablet,Electronics,West,2,18000,0.06,Cash
ORD03582,01-Nov-25,CUST0535,P003,Tablet,Electronics,West,2,18000,0.02,Cash
ORD03602,07-Oct-25,CUST0275,P003,Tablet,Electronics,West,2,18000,0.14,Cash
ORD03622,12-Sep-25,CUST0015,P003,Tablet,Electronics,West,2,18000,0.1,Cash
ORD03642,18-Aug-25,CUST0755,P003,Tablet,Electronics,West,2,18000,0.06,Cash
ORD03662,24-Jul-25,CUST0495,P003,Tablet,Electronics,West,2,18000,0.02,Cash
ORD03682,29-Jun-25,CUST0235,P003,Tablet,Electronics,West,2,18000,0.14,Cash
ORD03702,04-Jun-25,CUST0975,P003,Tablet,Electronics,West,2,18000,0.1,Cash
ORD03722,10-May-25,CUST0715,P003,Tablet,Electronics,West,2,18000,0.06,Cash
ORD03742,15-Apr-25,CUST0455,P003,Tablet,Electronics,West,2,18000,0.02,Cash
ORD03762,21-Mar-25,CUST0195,P003,Tablet,Electronics,West,2,18000,0.14,Cash
ORD03782,24-Feb-25,CUST0935,P003,Tablet,Electronics,West,2,18000,0.1,Cash
ORD03802,30-Jan-25,CUST0675,P003,Tablet,Electronics,West,2,18000,0.06,Cash
ORD03822,05-Jan-25,CUST0415,P003,Tablet,Electronics,West,2,18000,0.02,Cash
ORD03842,11-Dec-25,CUST0155,P003,Tablet,Electronics,West,2,18000,0.14,Cash
ORD03862,16-Nov-25,CUST0895,P003,Tablet,Electronics,West,2,18000,0.1,Cash
ORD03882,22-Oct-25,CUST0635,P003,Tablet,Electronics,West,2,18000,0.06,Cash
ORD03902,27-Sep-25,CUST0375,P003,Tablet,Electronics,West,2,18000,0.02,Cash
ORD03922,02-Sep-25,CUST0115,P003,Tablet,Electronics,West,2,18000,0.14,Cash
ORD03942,08-Aug-25,CUST0855,P003,Tablet,Electronics,West,2,18000,0.1,Cash
ORD03962,14-Jul-25,CUST0595,P003,Tablet,Electronics,West,2,18000,0.06,Cash
ORD03982,19-Jun-25,CUST0335,P003,Tablet,Electronics,West,2,18000,0.02,Cash
ORD04002,25-May-25,CUST0075,P003,Tablet,Electronics,West,2,18000,0.14,Cash
ORD04022,30-Apr-25,CUST0815,P003,Tablet,Electronics,West,2,18000,0.1,Cash
ORD04042,05-Apr-25,CUST0555,P003,Tablet,Electronics,West,2,18000,0.06,Cash
ORD04062,11-Mar-25,CUST0295,P003,Tablet,Electronics,West,2,18000,0.02,Cash
ORD04082,14-Feb-25,CUST0035,P003,Tablet,Electronics,West,2,18000,0.14,Cash
ORD04102,20-Jan-25,CUST0775,P003,Tablet,Electronics,West,2,18000,0.1,Cash
ORD04122,26-Dec-25,CUST0515,P003,Tablet,Electronics,West,2,18000,0.06,Cash
ORD04142,01-Dec-25,CUST0255,P003,Tablet,Electronics,West,2,18000,0.02,Cash
ORD04162,06-Nov-25,CUST0995,P003,Tablet,Electronics,West,2,18000,0.14,Cash
ORD04182,12-Oct-25,CUST0735,P003,Tablet,Electronics,West,2,18000,0.1,Cash
ORD04202,17-Sep-25,CUST0475,P003,Tablet,Electronics,West,2,18000,0.06,Cash
ORD04222,23-Aug-25,CUST0215,P003,Tablet,Electronics,West,2,18000,0.02,Cash
ORD04242,29-Jul-25,CUST0955,P003,Tablet,Electronics,West,2,18000,0.14,Cash
ORD04262,04-Jul-25,CUST0695,P003,Tablet,Electronics,West,2,18000,0.1,Cash
ORD04282,09-Jun-25,CUST0435,P003,Tablet,Electronics,West,2,18000,0.06,Cash
ORD04302,15-May-25,CUST0175,P003,Tablet,Electronics,West,2,18000,0.02,Cash
ORD04322,20-Apr-25,CUST0915,P003,Tablet,Electronics,West,2,18000,0.14,Cash
ORD04342,26-Mar-25,CUST0655,P003,Tablet,Electronics,West,2,18000,0.1,Cash
ORD04362,01-Mar-25,CUST0395,P003,Tablet,Electronics,West,2,18000,0.06,Cash
ORD04382,04-Feb-25,CUST0135,P003,Tablet,Electronics,West,2,18000,0.02,Cash
ORD04402,10-Jan-25,CUST0875,P003,Tablet,Electronics,West,2,18000,0.14,Cash
ORD04422,16-Dec-25,CUST0615,P003,Tablet,Electronics,West,2,18000,0.1,Cash
ORD04442,21-Nov-25,CUST0355,P003,Tablet,Electronics,West,2,18000,0.06,Cash
ORD04462,27-Oct-25,CUST0095,P003,Tablet,Electronics,West,2,18000,0.02,Cash
ORD04482,02-Oct-25,CUST0835,P003,Tablet,Electronics,West,2,18000,0.14,Cash
ORD04502,07-Sep-25,CUST0575,P003,Tablet,Electronics,West,2,18000,0.1,Cash
ORD04522,13-Aug-25,CUST0315,P003,Tablet,Electronics,West,2,18000,0.06,Cash
ORD04542,19-Jul-25,CUST0055,P003,Tablet,Electronics,West,2,18000,0.02,Cash
ORD04562,24-Jun-25,CUST0795,P003,Tablet,Electronics,West,2,18000,0.14,Cash
ORD04582,30-May-25,CUST0535,P003,Tablet,Electronics,West,2,18000,0.1,Cash
ORD04602,05-May-25,CUST0275,P003,Tablet,Electronics,West,2,18000,0.06,Cash
ORD04622,10-Apr-25,CUST0015,P003,Tablet,Electronics,West,2,18000,0.02,Cash
ORD04642,16-Mar-25,CUST0755,P003,Tablet,Electronics,West,2,18000,0.14,Cash
ORD04662,19-Feb-25,CUST0495,P003,Tablet,Electronics,West,2,18000,0.1,Cash
ORD04682,25-Jan-25,CUST0235,P003,Tablet,Electronics,West,2,18000,0.06,Cash
ORD04702,31-Dec-25,CUST0975,P003,Tablet,Electronics,West,2,18000,0.02,Cash
ORD04722,06-Dec-25,CUST0715,P003,Tablet,Electronics,West,2,18000,0.14,Cash
ORD04742,11-Nov-25,CUST0455,P003,Tablet,Electronics,West,2,18000,0.1,Cash
ORD04762,17-Oct-25,CUST0195,P003,Tablet,Electronics,West,2,18000,0.06,Cash
ORD04782,22-Sep-25,CUST0935,P003,Tablet,Electronics,West,2,18000,0.02,Cash
ORD04802,28-Aug-25,CUST0675,P003,Tablet,Electronics,West,2,18000,0.14,Cash
ORD04822,03-Aug-25,CUST0415,P003,Tablet,Electronics,West,2,18000,0.1,Cash
ORD04842,09-Jul-25,CUST0155,P003,Tablet,Electronics,West,2,18000,0.06,Cash
ORD04862,14-Jun-25,CUST0895,P003,Tablet,Electronics,West,2,18000,0.02,Cash
ORD04882,20-May-25,CUST0635,P003,Tablet,Electronics,West,2,18000,0.14,Cash
ORD04902,25-Apr-25,CUST0375,P003,Tablet,Electronics,West,2,18000,0.1,Cash
ORD04922,31-Mar-25,CUST0115,P003,Tablet,Electronics,West,2,18000,0.06,Cash
ORD04942,06-Mar-25,CUST0855,P003,Tablet,Electronics,West,2,18000,0.02,Cash
ORD04962,09-Feb-25,CUST0595,P003,Tablet,Electronics,West,2,18000,0.14,Cash
ORD04982,15-Jan-25,CUST0335,P003,Tablet,Electronics,West,2,18000,0.1,Cash
ORD00008,17-May-25,CUST0297,P009,Desk,Furniture,East,5,12000,0.08,UPI
ORD00028,22-Apr-25,CUST0037,P009,Desk,Furniture,East,5,12000,0.04,UPI
ORD00048,28-Mar-25,CUST0777,P009,Desk,Furniture,East,5,12000,0,UPI
ORD00068,03-Mar-25,CUST0517,P009,Desk,Furniture,East,5,12000,0.12,UPI
ORD00088,06-Feb-25,CUST0257,P009,Desk,Furniture,East,5,12000,0.08,UPI
ORD00108,12-Jan-25,CUST0997,P009,Desk,Furniture,East,5,12000,0.04,UPI
ORD00128,18-Dec-25,CUST0737,P009,Desk,Furniture,East,5,12000,0,UPI
ORD00148,23-Nov-25,CUST0477,P009,Desk,Furniture,East,5,12000,0.12,UPI
ORD00168,29-Oct-25,CUST0217,P009,Desk,Furniture,East,5,12000,0.08,UPI
ORD00188,04-Oct-25,CUST0957,P009,Desk,Furniture,East,5,12000,0.04,UPI
ORD00208,09-Sep-25,CUST0697,P009,Desk,Furniture,East,5,12000,0,UPI
ORD00228,15-Aug-25,CUST0437,P009,Desk,Furniture,East,5,12000,0.12,UPI
ORD00248,21-Jul-25,CUST0177,P009,Desk,Furniture,East,5,12000,0.08,UPI
ORD00268,26-Jun-25,CUST0917,P009,Desk,Furniture,East,5,12000,0.04,UPI
ORD00288,01-Jun-25,CUST0657,P009,Desk,Furniture,East,5,12000,0,UPI
ORD00308,07-May-25,CUST0397,P009,Desk,Furniture,East,5,12000,0.12,UPI
ORD00328,12-Apr-25,CUST0137,P009,Desk,Furniture,East,5,12000,0.08,UPI
ORD00348,18-Mar-25,CUST0877,P009,Desk,Furniture,East,5,12000,0.04,UPI
ORD00368,21-Feb-25,CUST0617,P009,Desk,Furniture,East,5,12000,0,UPI
ORD00388,27-Jan-25,CUST0357,P009,Desk,Furniture,East,5,12000,0.12,UPI
ORD00408,02-Jan-25,CUST0097,P009,Desk,Furniture,East,5,12000,0.08,UPI
ORD00428,08-Dec-25,CUST0837,P009,Desk,Furniture,East,5,12000,0.04,UPI
ORD00448,13-Nov-25,CUST0577,P009,Desk,Furniture,East,5,12000,0,UPI
ORD00468,19-Oct-25,CUST0317,P009,Desk,Furniture,East,5,12000,0.12,UPI
ORD00488,24-Sep-25,CUST0057,P009,Desk,Furniture,East,5,12000,0.08,UPI
ORD00508,30-Aug-25,CUST0797,P009,Desk,Furniture,East,5,12000,0.04,UPI
ORD00528,05-Aug-25,CUST0537,P009,Desk,Furniture,East,5,12000,0,UPI
ORD00548,11-Jul-25,CUST0277,P009,Desk,Furniture,East,5,12000,0.12,UPI
ORD00568,16-Jun-25,CUST0017,P009,Desk,Furniture,East,5,12000,0.08,UPI
ORD00588,22-May-25,CUST0757,P009,Desk,Furniture,East,5,12000,0.04,UPI
ORD00608,27-Apr-25,CUST0497,P009,Desk,Furniture,East,5,12000,0,UPI
ORD00628,02-Apr-25,CUST0237,P009,Desk,Furniture,East,5,12000,0.12,UPI
ORD00648,08-Mar-25,CUST0977,P009,Desk,Furniture,East,5,12000,0.08,UPI
ORD00668,11-Feb-25,CUST0717,P009,Desk,Furniture,East,5,12000,0.04,UPI
ORD00688,17-Jan-25,CUST0457,P009,Desk,Furniture,East,5,12000,0,UPI
ORD00708,23-Dec-25,CUST0197,P009,Desk,Furniture,East,5,12000,0.12,UPI
ORD00728,28-Nov-25,CUST0937,P009,Desk,Furniture,East,5,12000,0.08,UPI
ORD00748,03-Nov-25,CUST0677,P009,Desk,Furniture,East,5,12000,0.04,UPI
ORD00768,09-Oct-25,CUST0417,P009,Desk,Furniture,East,5,12000,0,UPI
ORD00788,14-Sep-25,CUST0157,P009,Desk,Furniture,East,5,12000,0.12,UPI
ORD00808,20-Aug-25,CUST0897,P009,Desk,Furniture,East,5,12000,0.08,UPI
ORD00828,26-Jul-25,CUST0637,P009,Desk,Furniture,East,5,12000,0.04,UPI
ORD00848,01-Jul-25,CUST0377,P009,Desk,Furniture,East,5,12000,0,UPI
ORD00868,06-Jun-25,CUST0117,P009,Desk,Furniture,East,5,12000,0.12,UPI
ORD00888,12-May-25,CUST0857,P009,Desk,Furniture,East,5,12000,0.08,UPI
ORD00908,17-Apr-25,CUST0597,P009,Desk,Furniture,East,5,12000,0.04,UPI
ORD00928,23-Mar-25,CUST0337,P009,Desk,Furniture,East,5,12000,0,UPI
ORD00948,26-Feb-25,CUST0077,P009,Desk,Furniture,East,5,12000,0.12,UPI
ORD00968,01-Feb-25,CUST0817,P009,Desk,Furniture,East,5,12000,0.08,UPI
ORD00988,07-Jan-25,CUST0557,P009,Desk,Furniture,East,5,12000,0.04,UPI
ORD01008,13-Dec-25,CUST0297,P009,Desk,Furniture,East,5,12000,0,UPI
ORD01028,18-Nov-25,CUST0037,P009,Desk,Furniture,East,5,12000,0.12,UPI
ORD01048,24-Oct-25,CUST0777,P009,Desk,Furniture,East,5,12000,0.08,UPI
ORD01068,29-Sep-25,CUST0517,P009,Desk,Furniture,East,5,12000,0.04,UPI
ORD01088,04-Sep-25,CUST0257,P009,Desk,Furniture,East,5,12000,0,UPI
ORD01108,10-Aug-25,CUST0997,P009,Desk,Furniture,East,5,12000,0.12,UPI
ORD01128,16-Jul-25,CUST0737,P009,Desk,Furniture,East,5,12000,0.08,UPI
ORD01148,21-Jun-25,CUST0477,P009,Desk,Furniture,East,5,12000,0.04,UPI
ORD01168,27-May-25,CUST0217,P009,Desk,Furniture,East,5,12000,0,UPI
ORD01188,02-May-25,CUST0957,P009,Desk,Furniture,East,5,12000,0.12,UPI
ORD01208,07-Apr-25,CUST0697,P009,Desk,Furniture,East,5,12000,0.08,UPI
ORD01228,13-Mar-25,CUST0437,P009,Desk,Furniture,East,5,12000,0.04,UPI
ORD01248,16-Feb-25,CUST0177,P009,Desk,Furniture,East,5,12000,0,UPI
ORD01268,22-Jan-25,CUST0917,P009,Desk,Furniture,East,5,12000,0.12,UPI
ORD01288,28-Dec-25,CUST0657,P009,Desk,Furniture,East,5,12000,0.08,UPI
ORD01308,03-Dec-25,CUST0397,P009,Desk,Furniture,East,5,12000,0.04,UPI
ORD01328,08-Nov-25,CUST0137,P009,Desk,Furniture,East,5,12000,0,UPI
ORD01348,14-Oct-25,CUST0877,P009,Desk,Furniture,East,5,12000,0.12,UPI
ORD01368,19-Sep-25,CUST0617,P009,Desk,Furniture,East,5,12000,0.08,UPI
ORD01388,25-Aug-25,CUST0357,P009,Desk,Furniture,East,5,12000,0.04,UPI
ORD01408,31-Jul-25,CUST0097,P009,Desk,Furniture,East,5,12000,0,UPI
ORD01428,06-Jul-25,CUST0837,P009,Desk,Furniture,East,5,12000,0.12,UPI
ORD01448,11-Jun-25,CUST0577,P009,Desk,Furniture,East,5,12000,0.08,UPI
ORD01468,17-May-25,CUST0317,P009,Desk,Furniture,East,5,12000,0.04,UPI
ORD01488,22-Apr-25,CUST0057,P009,Desk,Furniture,East,5,12000,0,UPI
ORD01508,28-Mar-25,CUST0797,P009,Desk,Furniture,East,5,12000,0.12,UPI
ORD01528,03-Mar-25,CUST0537,P009,Desk,Furniture,East,5,12000,0.08,UPI
ORD01548,06-Feb-25,CUST0277,P009,Desk,Furniture,East,5,12000,0.04,UPI
ORD01568,12-Jan-25,CUST0017,P009,Desk,Furniture,East,5,12000,0,UPI
ORD01588,18-Dec-25,CUST0757,P009,Desk,Furniture,East,5,12000,0.12,UPI
ORD01608,23-Nov-25,CUST0497,P009,Desk,Furniture,East,5,12000,0.08,UPI
ORD01628,29-Oct-25,CUST0237,P009,Desk,Furniture,East,5,12000,0.04,UPI
ORD01648,04-Oct-25,CUST0977,P009,Desk,Furniture,East,5,12000,0,UPI
ORD01668,09-Sep-25,CUST0717,P009,Desk,Furniture,East,5,12000,0.12,UPI
ORD01688,15-Aug-25,CUST0457,P009,Desk,Furniture,East,5,12000,0.08,UPI
ORD01708,21-Jul-25,CUST0197,P009,Desk,Furniture,East,5,12000,0.04,UPI
ORD01728,26-Jun-25,CUST0937,P009,Desk,Furniture,East,5,12000,0,UPI
ORD01748,01-Jun-25,CUST0677,P009,Desk,Furniture,East,5,12000,0.12,UPI
ORD01768,07-May-25,CUST0417,P009,Desk,Furniture,East,5,12000,0.08,UPI
ORD01788,12-Apr-25,CUST0157,P009,Desk,Furniture,East,5,12000,0.04,UPI
ORD01808,18-Mar-25,CUST0897,P009,Desk,Furniture,East,5,12000,0,UPI
ORD01828,21-Feb-25,CUST0637,P009,Desk,Furniture,East,5,12000,0.12,UPI
ORD01848,27-Jan-25,CUST0377,P009,Desk,Furniture,East,5,12000,0.08,UPI
ORD01868,02-Jan-25,CUST0117,P009,Desk,Furniture,East,5,12000,0.04,UPI
ORD01888,08-Dec-25,CUST0857,P009,Desk,Furniture,East,5,12000,0,UPI
ORD01908,13-Nov-25,CUST0597,P009,Desk,Furniture,East,5,12000,0.12,UPI
ORD01928,19-Oct-25,CUST0337,P009,Desk,Furniture,East,5,12000,0.08,UPI
ORD01948,24-Sep-25,CUST0077,P009,Desk,Furniture,East,5,12000,0.04,UPI
ORD01968,30-Aug-25,CUST0817,P009,Desk,Furniture,East,5,12000,0,UPI
ORD01988,05-Aug-25,CUST0557,P009,Desk,Furniture,East,5,12000,0.12,UPI
ORD02008,11-Jul-25,CUST0297,P009,Desk,Furniture,East,5,12000,0.08,UPI
ORD02028,16-Jun-25,CUST0037,P009,Desk,Furniture,East,5,12000,0.04,UPI
ORD02048,22-May-25,CUST0777,P009,Desk,Furniture,East,5,12000,0,UPI
ORD02068,27-Apr-25,CUST0517,P009,Desk,Furniture,East,5,12000,0.12,UPI
ORD02088,02-Apr-25,CUST0257,P009,Desk,Furniture,East,5,12000,0.08,UPI
ORD02108,08-Mar-25,CUST0997,P009,Desk,Furniture,East,5,12000,0.04,UPI
ORD02128,11-Feb-25,CUST0737,P009,Desk,Furniture,East,5,12000,0,UPI
ORD02148,17-Jan-25,CUST0477,P009,Desk,Furniture,East,5,12000,0.12,UPI
ORD02168,23-Dec-25,CUST0217,P009,Desk,Furniture,East,5,12000,0.08,UPI
ORD02188,28-Nov-25,CUST0957,P009,Desk,Furniture,East,5,12000,0.04,UPI
ORD02208,03-Nov-25,CUST0697,P009,Desk,Furniture,East,5,12000,0,UPI
ORD02228,09-Oct-25,CUST0437,P009,Desk,Furniture,East,5,12000,0.12,UPI
ORD02248,14-Sep-25,CUST0177,P009,Desk,Furniture,East,5,12000,0.08,UPI
ORD02268,20-Aug-25,CUST0917,P009,Desk,Furniture,East,5,12000,0.04,UPI
ORD02288,26-Jul-25,CUST0657,P009,Desk,Furniture,East,5,12000,0,UPI
ORD02308,01-Jul-25,CUST0397,P009,Desk,Furniture,East,5,12000,0.12,UPI
ORD02328,06-Jun-25,CUST0137,P009,Desk,Furniture,East,5,12000,0.08,UPI
ORD02348,12-May-25,CUST0877,P009,Desk,Furniture,East,5,12000,0.04,UPI
ORD02368,17-Apr-25,CUST0617,P009,Desk,Furniture,East,5,12000,0,UPI
ORD02388,23-Mar-25,CUST0357,P009,Desk,Furniture,East,5,12000,0.12,UPI
ORD02408,26-Feb-25,CUST0097,P009,Desk,Furniture,East,5,12000,0.08,UPI
ORD02428,01-Feb-25,CUST0837,P009,Desk,Furniture,East,5,12000,0.04,UPI
ORD02448,07-Jan-25,CUST0577,P009,Desk,Furniture,East,5,12000,0,UPI
ORD02468,13-Dec-25,CUST0317,P009,Desk,Furniture,East,5,12000,0.12,UPI
ORD02488,18-Nov-25,CUST0057,P009,Desk,Furniture,East,5,12000,0.08,UPI
ORD02508,24-Oct-25,CUST0797,P009,Desk,Furniture,East,5,12000,0.04,UPI
ORD02528,29-Sep-25,CUST0537,P009,Desk,Furniture,East,5,12000,0,UPI
ORD02548,04-Sep-25,CUST0277,P009,Desk,Furniture,East,5,12000,0.12,UPI
ORD02568,10-Aug-25,CUST0017,P009,Desk,Furniture,East,5,12000,0.08,UPI
ORD02588,16-Jul-25,CUST0757,P009,Desk,Furniture,East,5,12000,0.04,UPI
ORD02608,21-Jun-25,CUST0497,P009,Desk,Furniture,East,5,12000,0,UPI
ORD02628,27-May-25,CUST0237,P009,Desk,Furniture,East,5,12000,0.12,UPI
ORD02648,02-May-25,CUST0977,P009,Desk,Furniture,East,5,12000,0.08,UPI
ORD02668,07-Apr-25,CUST0717,P009,Desk,Furniture,East,5,12000,0.04,UPI
ORD02688,13-Mar-25,CUST0457,P009,Desk,Furniture,East,5,12000,0,UPI
ORD02708,16-Feb-25,CUST0197,P009,Desk,Furniture,East,5,12000,0.12,UPI
ORD02728,22-Jan-25,CUST0937,P009,Desk,Furniture,East,5,12000,0.08,UPI
ORD02748,28-Dec-25,CUST0677,P009,Desk,Furniture,East,5,12000,0.04,UPI
ORD02768,03-Dec-25,CUST0417,P009,Desk,Furniture,East,5,12000,0,UPI
ORD02788,08-Nov-25,CUST0157,P009,Desk,Furniture,East,5,12000,0.12,UPI
ORD02808,14-Oct-25,CUST0897,P009,Desk,Furniture,East,5,12000,0.08,UPI
ORD02828,19-Sep-25,CUST0637,P009,Desk,Furniture,East,5,12000,0.04,UPI
ORD02848,25-Aug-25,CUST0377,P009,Desk,Furniture,East,5,12000,0,UPI
ORD02868,31-Jul-25,CUST0117,P009,Desk,Furniture,East,5,12000,0.12,UPI
ORD02888,06-Jul-25,CUST0857,P009,Desk,Furniture,East,5,12000,0.08,UPI
ORD02908,11-Jun-25,CUST0597,P009,Desk,Furniture,East,5,12000,0.04,UPI
ORD02928,17-May-25,CUST0337,P009,Desk,Furniture,East,5,12000,0,UPI
ORD02948,22-Apr-25,CUST0077,P009,Desk,Furniture,East,5,12000,0.12,UPI
ORD02968,28-Mar-25,CUST0817,P009,Desk,Furniture,East,5,12000,0.08,UPI
ORD02988,03-Mar-25,CUST0557,P009,Desk,Furniture,East,5,12000,0.04,UPI
ORD03008,06-Feb-25,CUST0297,P009,Desk,Furniture,East,5,12000,0,UPI
ORD03028,12-Jan-25,CUST0037,P009,Desk,Furniture,East,5,12000,0.12,UPI
ORD03048,18-Dec-25,CUST0777,P009,Desk,Furniture,East,5,12000,0.08,UPI
ORD03068,23-Nov-25,CUST0517,P009,Desk,Furniture,East,5,12000,0.04,UPI
ORD03088,29-Oct-25,CUST0257,P009,Desk,Furniture,East,5,12000,0,UPI
ORD03108,04-Oct-25,CUST0997,P009,Desk,Furniture,East,5,12000,0.12,UPI
ORD03128,09-Sep-25,CUST0737,P009,Desk,Furniture,East,5,12000,0.08,UPI
ORD03148,15-Aug-25,CUST0477,P009,Desk,Furniture,East,5,12000,0.04,UPI
ORD03168,21-Jul-25,CUST0217,P009,Desk,Furniture,East,5,12000,0,UPI
ORD03188,26-Jun-25,CUST0957,P009,Desk,Furniture,East,5,12000,0.12,UPI
ORD03208,01-Jun-25,CUST0697,P009,Desk,Furniture,East,5,12000,0.08,UPI
ORD03228,07-May-25,CUST0437,P009,Desk,Furniture,East,5,12000,0.04,UPI
ORD03248,12-Apr-25,CUST0177,P009,Desk,Furniture,East,5,12000,0,UPI
ORD03268,18-Mar-25,CUST0917,P009,Desk,Furniture,East,5,12000,0.12,UPI
ORD03288,21-Feb-25,CUST0657,P009,Desk,Furniture,East,5,12000,0.08,UPI
ORD03308,27-Jan-25,CUST0397,P009,Desk,Furniture,East,5,12000,0.04,UPI
ORD03328,02-Jan-25,CUST0137,P009,Desk,Furniture,East,5,12000,0,UPI
ORD03348,08-Dec-25,CUST0877,P009,Desk,Furniture,East,5,12000,0.12,UPI
ORD03368,13-Nov-25,CUST0617,P009,Desk,Furniture,East,5,12000,0.08,UPI
ORD03388,19-Oct-25,CUST0357,P009,Desk,Furniture,East,5,12000,0.04,UPI
ORD03408,24-Sep-25,CUST0097,P009,Desk,Furniture,East,5,12000,0,UPI
ORD03428,30-Aug-25,CUST0837,P009,Desk,Furniture,East,5,12000,0.12,UPI
ORD03448,05-Aug-25,CUST0577,P009,Desk,Furniture,East,5,12000,0.08,UPI
ORD03468,11-Jul-25,CUST0317,P009,Desk,Furniture,East,5,12000,0.04,UPI
ORD03488,16-Jun-25,CUST0057,P009,Desk,Furniture,East,5,12000,0,UPI
ORD03508,22-May-25,CUST0797,P009,Desk,Furniture,East,5,12000,0.12,UPI
ORD03528,27-Apr-25,CUST0537,P009,Desk,Furniture,East,5,12000,0.08,UPI
ORD03548,02-Apr-25,CUST0277,P009,Desk,Furniture,East,5,12000,0.04,UPI
ORD03568,08-Mar-25,CUST0017,P009,Desk,Furniture,East,5,12000,0,UPI
ORD03588,11-Feb-25,CUST0757,P009,Desk,Furniture,East,5,12000,0.12,UPI
ORD03608,17-Jan-25,CUST0497,P009,Desk,Furniture,East,5,12000,0.08,UPI
ORD03628,23-Dec-25,CUST0237,P009,Desk,Furniture,East,5,12000,0.04,UPI
ORD03648,28-Nov-25,CUST0977,P009,Desk,Furniture,East,5,12000,0,UPI
ORD03668,03-Nov-25,CUST0717,P009,Desk,Furniture,East,5,12000,0.12,UPI
ORD03688,09-Oct-25,CUST0457,P009,Desk,Furniture,East,5,12000,0.08,UPI
ORD03708,14-Sep-25,CUST0197,P009,Desk,Furniture,East,5,12000,0.04,UPI
ORD03728,20-Aug-25,CUST0937,P009,Desk,Furniture,East,5,12000,0,UPI
ORD03748,26-Jul-25,CUST0677,P009,Desk,Furniture,East,5,12000,0.12,UPI
ORD03768,01-Jul-25,CUST0417,P009,Desk,Furniture,East,5,12000,0.08,UPI
ORD03788,06-Jun-25,CUST0157,P009,Desk,Furniture,East,5,12000,0.04,UPI
ORD03808,12-May-25,CUST0897,P009,Desk,Furniture,East,5,12000,0,UPI
ORD03828,17-Apr-25,CUST0637,P009,Desk,Furniture,East,5,12000,0.12,UPI
ORD03848,23-Mar-25,CUST0377,P009,Desk,Furniture,East,5,12000,0.08,UPI
ORD03868,26-Feb-25,CUST0117,P009,Desk,Furniture,East,5,12000,0.04,UPI
ORD03888,01-Feb-25,CUST0857,P009,Desk,Furniture,East,5,12000,0,UPI
ORD03908,07-Jan-25,CUST0597,P009,Desk,Furniture,East,5,12000,0.12,UPI
ORD03928,13-Dec-25,CUST0337,P009,Desk,Furniture,East,5,12000,0.08,UPI
ORD03948,18-Nov-25,CUST0077,P009,Desk,Furniture,East,5,12000,0.04,UPI
ORD03968,24-Oct-25,CUST0817,P009,Desk,Furniture,East,5,12000,0,UPI
ORD03988,29-Sep-25,CUST0557,P009,Desk,Furniture,East,5,12000,0.12,UPI
ORD04008,04-Sep-25,CUST0297,P009,Desk,Furniture,East,5,12000,0.08,UPI
ORD04028,10-Aug-25,CUST0037,P009,Desk,Furniture,East,5,12000,0.04,UPI
ORD04048,16-Jul-25,CUST0777,P009,Desk,Furniture,East,5,12000,0,UPI
ORD04068,21-Jun-25,CUST0517,P009,Desk,Furniture,East,5,12000,0.12,UPI
ORD04088,27-May-25,CUST0257,P009,Desk,Furniture,East,5,12000,0.08,UPI
ORD04108,02-May-25,CUST0997,P009,Desk,Furniture,East,5,12000,0.04,UPI
ORD04128,07-Apr-25,CUST0737,P009,Desk,Furniture,East,5,12000,0,UPI
ORD04148,13-Mar-25,CUST0477,P009,Desk,Furniture,East,5,12000,0.12,UPI
ORD04168,16-Feb-25,CUST0217,P009,Desk,Furniture,East,5,12000,0.08,UPI
ORD04188,22-Jan-25,CUST0957,P009,Desk,Furniture,East,5,12000,0.04,UPI
ORD04208,28-Dec-25,CUST0697,P009,Desk,Furniture,East,5,12000,0,UPI
ORD04228,03-Dec-25,CUST0437,P009,Desk,Furniture,East,5,12000,0.12,UPI
ORD04248,08-Nov-25,CUST0177,P009,Desk,Furniture,East,5,12000,0.08,UPI
ORD04268,14-Oct-25,CUST0917,P009,Desk,Furniture,East,5,12000,0.04,UPI
ORD04288,19-Sep-25,CUST0657,P009,Desk,Furniture,East,5,12000,0,UPI
ORD04308,25-Aug-25,CUST0397,P009,Desk,Furniture,East,5,12000,0.12,UPI
ORD04328,31-Jul-25,CUST0137,P009,Desk,Furniture,East,5,12000,0.08,UPI
ORD04348,06-Jul-25,CUST0877,P009,Desk,Furniture,East,5,12000,0.04,UPI
ORD04368,11-Jun-25,CUST0617,P009,Desk,Furniture,East,5,12000,0,UPI
ORD04388,17-May-25,CUST0357,P009,Desk,Furniture,East,5,12000,0.12,UPI
ORD04408,22-Apr-25,CUST0097,P009,Desk,Furniture,East,5,12000,0.08,UPI
ORD04428,28-Mar-25,CUST0837,P009,Desk,Furniture,East,5,12000,0.04,UPI
ORD04448,03-Mar-25,CUST0577,P009,Desk,Furniture,East,5,12000,0,UPI
ORD04468,06-Feb-25,CUST0317,P009,Desk,Furniture,East,5,12000,0.12,UPI
ORD04488,12-Jan-25,CUST0057,P009,Desk,Furniture,East,5,12000,0.08,UPI
ORD04508,18-Dec-25,CUST0797,P009,Desk,Furniture,East,5,12000,0.04,UPI
ORD04528,23-Nov-25,CUST0537,P009,Desk,Furniture,East,5,12000,0,UPI
ORD04548,29-Oct-25,CUST0277,P009,Desk,Furniture,East,5,12000,0.12,UPI
ORD04568,04-Oct-25,CUST0017,P009,Desk,Furniture,East,5,12000,0.08,UPI
ORD04588,09-Sep-25,CUST0757,P009,Desk,Furniture,East,5,12000,0.04,UPI
ORD04608,15-Aug-25,CUST0497,P009,Desk,Furniture,East,5,12000,0,UPI
ORD04628,21-Jul-25,CUST0237,P009,Desk,Furniture,East,5,12000,0.12,UPI
ORD04648,26-Jun-25,CUST0977,P009,Desk,Furniture,East,5,12000,0.08,UPI
ORD04668,01-Jun-25,CUST0717,P009,Desk,Furniture,East,5,12000,0.04,UPI
ORD04688,07-May-25,CUST0457,P009,Desk,Furniture,East,5,12000,0,UPI
ORD04708,12-Apr-25,CUST0197,P009,Desk,Furniture,East,5,12000,0.12,UPI
ORD04728,18-Mar-25,CUST0937,P009,Desk,Furniture,East,5,12000,0.08,UPI
ORD04748,21-Feb-25,CUST0677,P009,Desk,Furniture,East,5,12000,0.04,UPI
ORD04768,27-Jan-25,CUST0417,P009,Desk,Furniture,East,5,12000,0,UPI
ORD04788,02-Jan-25,CUST0157,P009,Desk,Furniture,East,5,12000,0.12,UPI
ORD04808,08-Dec-25,CUST0897,P009,Desk,Furniture,East,5,12000,0.08,UPI
ORD04828,13-Nov-25,CUST0637,P009,Desk,Furniture,East,5,12000,0.04,UPI
ORD04848,19-Oct-25,CUST0377,P009,Desk,Furniture,East,5,12000,0,UPI
ORD04868,24-Sep-25,CUST0117,P009,Desk,Furniture,East,5,12000,0.12,UPI
ORD04888,30-Aug-25,CUST0857,P009,Desk,Furniture,East,5,12000,0.08,UPI
ORD04908,05-Aug-25,CUST0597,P009,Desk,Furniture,East,5,12000,0.04,UPI
ORD04928,11-Jul-25,CUST0337,P009,Desk,Furniture,East,5,12000,0,UPI
ORD04948,16-Jun-25,CUST0077,P009,Desk,Furniture,East,5,12000,0.12,UPI
ORD04968,22-May-25,CUST0817,P009,Desk,Furniture,East,5,12000,0.08,UPI
ORD04988,27-Apr-25,CUST0557,P009,Desk,Furniture,East,5,12000,0.04,UPI
ORD00009,03-Jun-25,CUST0334,P010,Printer,Furniture,Central,3,15000,0.15,Card
ORD00029,09-May-25,CUST0074,P010,Printer,Furniture,Central,3,15000,0.11,Card
ORD00049,14-Apr-25,CUST0814,P010,Printer,Furniture,Central,3,15000,0.07,Card
ORD00069,20-Mar-25,CUST0554,P010,Printer,Furniture,Central,3,15000,0.03,Card
ORD00089,23-Feb-25,CUST0294,P010,Printer,Furniture,Central,3,15000,0.15,Card
ORD00109,29-Jan-25,CUST0034,P010,Printer,Furniture,Central,3,15000,0.11,Card
ORD00129,04-Jan-25,CUST0774,P010,Printer,Furniture,Central,3,15000,0.07,Card
ORD00149,10-Dec-25,CUST0514,P010,Printer,Furniture,Central,3,15000,0.03,Card
ORD00169,15-Nov-25,CUST0254,P010,Printer,Furniture,Central,3,15000,0.15,Card
ORD00189,21-Oct-25,CUST0994,P010,Printer,Furniture,Central,3,15000,0.11,Card
ORD00209,26-Sep-25,CUST0734,P010,Printer,Furniture,Central,3,15000,0.07,Card
ORD00229,01-Sep-25,CUST0474,P010,Printer,Furniture,Central,3,15000,0.03,Card
ORD00249,07-Aug-25,CUST0214,P010,Printer,Furniture,Central,3,15000,0.15,Card
ORD00269,13-Jul-25,CUST0954,P010,Printer,Furniture,Central,3,15000,0.11,Card
ORD00289,18-Jun-25,CUST0694,P010,Printer,Furniture,Central,3,15000,0.07,Card
ORD00309,24-May-25,CUST0434,P010,Printer,Furniture,Central,3,15000,0.03,Card
ORD00329,29-Apr-25,CUST0174,P010,Printer,Furniture,Central,3,15000,0.15,Card
ORD00349,04-Apr-25,CUST0914,P010,Printer,Furniture,Central,3,15000,0.11,Card
ORD00369,10-Mar-25,CUST0654,P010,Printer,Furniture,Central,3,15000,0.07,Card
ORD00389,13-Feb-25,CUST0394,P010,Printer,Furniture,Central,3,15000,0.03,Card
ORD00409,19-Jan-25,CUST0134,P010,Printer,Furniture,Central,3,15000,0.15,Card
ORD00429,25-Dec-25,CUST0874,P010,Printer,Furniture,Central,3,15000,0.11,Card
ORD00449,30-Nov-25,CUST0614,P010,Printer,Furniture,Central,3,15000,0.07,Card
ORD00469,05-Nov-25,CUST0354,P010,Printer,Furniture,Central,3,15000,0.03,Card
ORD00489,11-Oct-25,CUST0094,P010,Printer,Furniture,Central,3,15000,0.15,Card
ORD00509,16-Sep-25,CUST0834,P010,Printer,Furniture,Central,3,15000,0.11,Card
ORD00529,22-Aug-25,CUST0574,P010,Printer,Furniture,Central,3,15000,0.07,Card
ORD00549,28-Jul-25,CUST0314,P010,Printer,Furniture,Central,3,15000,0.03,Card
ORD00569,03-Jul-25,CUST0054,P010,Printer,Furniture,Central,3,15000,0.15,Card
ORD00589,08-Jun-25,CUST0794,P010,Printer,Furniture,Central,3,15000,0.11,Card
ORD00609,14-May-25,CUST0534,P010,Printer,Furniture,Central,3,15000,0.07,Card
ORD00629,19-Apr-25,CUST0274,P010,Printer,Furniture,Central,3,15000,0.03,Card
ORD00649,25-Mar-25,CUST0014,P010,Printer,Furniture,Central,3,15000,0.15,Card
ORD00669,28-Feb-25,CUST0754,P010,Printer,Furniture,Central,3,15000,0.11,Card
ORD00689,03-Feb-25,CUST0494,P010,Printer,Furniture,Central,3,15000,0.07,Card
ORD00709,09-Jan-25,CUST0234,P010,Printer,Furniture,Central,3,15000,0.03,Card
ORD00729,15-Dec-25,CUST0974,P010,Printer,Furniture,Central,3,15000,0.15,Card
ORD00749,20-Nov-25,CUST0714,P010,Printer,Furniture,Central,3,15000,0.11,Card
ORD00769,26-Oct-25,CUST0454,P010,Printer,Furniture,Central,3,15000,0.07,Card
ORD00789,01-Oct-25,CUST0194,P010,Printer,Furniture,Central,3,15000,0.03,Card
ORD00809,06-Sep-25,CUST0934,P010,Printer,Furniture,Central,3,15000,0.15,Card
ORD00829,12-Aug-25,CUST0674,P010,Printer,Furniture,Central,3,15000,0.11,Card
ORD00849,18-Jul-25,CUST0414,P010,Printer,Furniture,Central,3,15000,0.07,Card
ORD00869,23-Jun-25,CUST0154,P010,Printer,Furniture,Central,3,15000,0.03,Card
ORD00889,29-May-25,CUST0894,P010,Printer,Furniture,Central,3,15000,0.15,Card
ORD00909,04-May-25,CUST0634,P010,Printer,Furniture,Central,3,15000,0.11,Card
ORD00929,09-Apr-25,CUST0374,P010,Printer,Furniture,Central,3,15000,0.07,Card
ORD00949,15-Mar-25,CUST0114,P010,Printer,Furniture,Central,3,15000,0.03,Card
ORD00969,18-Feb-25,CUST0854,P010,Printer,Furniture,Central,3,15000,0.15,Card
ORD00989,24-Jan-25,CUST0594,P010,Printer,Furniture,Central,3,15000,0.11,Card
ORD01009,30-Dec-25,CUST0334,P010,Printer,Furniture,Central,3,15000,0.07,Card
ORD01029,05-Dec-25,CUST0074,P010,Printer,Furniture,Central,3,15000,0.03,Card
ORD01049,10-Nov-25,CUST0814,P010,Printer,Furniture,Central,3,15000,0.15,Card
ORD01069,16-Oct-25,CUST0554,P010,Printer,Furniture,Central,3,15000,0.11,Card
ORD01089,21-Sep-25,CUST0294,P010,Printer,Furniture,Central,3,15000,0.07,Card
ORD01109,27-Aug-25,CUST0034,P010,Printer,Furniture,Central,3,15000,0.03,Card
ORD01129,02-Aug-25,CUST0774,P010,Printer,Furniture,Central,3,15000,0.15,Card
ORD01149,08-Jul-25,CUST0514,P010,Printer,Furniture,Central,3,15000,0.11,Card
ORD01169,13-Jun-25,CUST0254,P010,Printer,Furniture,Central,3,15000,0.07,Card
ORD01189,19-May-25,CUST0994,P010,Printer,Furniture,Central,3,15000,0.03,Card
ORD01209,24-Apr-25,CUST0734,P010,Printer,Furniture,Central,3,15000,0.15,Card
ORD01229,30-Mar-25,CUST0474,P010,Printer,Furniture,Central,3,15000,0.11,Card
ORD01249,05-Mar-25,CUST0214,P010,Printer,Furniture,Central,3,15000,0.07,Card
ORD01269,08-Feb-25,CUST0954,P010,Printer,Furniture,Central,3,15000,0.03,Card
ORD01289,14-Jan-25,CUST0694,P010,Printer,Furniture,Central,3,15000,0.15,Card
ORD01309,20-Dec-25,CUST0434,P010,Printer,Furniture,Central,3,15000,0.11,Card
ORD01329,25-Nov-25,CUST0174,P010,Printer,Furniture,Central,3,15000,0.07,Card
ORD01349,31-Oct-25,CUST0914,P010,Printer,Furniture,Central,3,15000,0.03,Card
ORD01369,06-Oct-25,CUST0654,P010,Printer,Furniture,Central,3,15000,0.15,Card
ORD01389,11-Sep-25,CUST0394,P010,Printer,Furniture,Central,3,15000,0.11,Card
ORD01409,17-Aug-25,CUST0134,P010,Printer,Furniture,Central,3,15000,0.07,Card
ORD01429,23-Jul-25,CUST0874,P010,Printer,Furniture,Central,3,15000,0.03,Card
ORD01449,28-Jun-25,CUST0614,P010,Printer,Furniture,Central,3,15000,0.15,Card
ORD01469,03-Jun-25,CUST0354,P010,Printer,Furniture,Central,3,15000,0.11,Card
ORD01489,09-May-25,CUST0094,P010,Printer,Furniture,Central,3,15000,0.07,Card
ORD01509,14-Apr-25,CUST0834,P010,Printer,Furniture,Central,3,15000,0.03,Card
ORD01529,20-Mar-25,CUST0574,P010,Printer,Furniture,Central,3,15000,0.15,Card
ORD01549,23-Feb-25,CUST0314,P010,Printer,Furniture,Central,3,15000,0.11,Card
ORD01569,29-Jan-25,CUST0054,P010,Printer,Furniture,Central,3,15000,0.07,Card
ORD01589,04-Jan-25,CUST0794,P010,Printer,Furniture,Central,3,15000,0.03,Card
ORD01609,10-Dec-25,CUST0534,P010,Printer,Furniture,Central,3,15000,0.15,Card
ORD01629,15-Nov-25,CUST0274,P010,Printer,Furniture,Central,3,15000,0.11,Card
ORD01649,21-Oct-25,CUST0014,P010,Printer,Furniture,Central,3,15000,0.07,Card
ORD01669,26-Sep-25,CUST0754,P010,Printer,Furniture,Central,3,15000,0.03,Card
ORD01689,01-Sep-25,CUST0494,P010,Printer,Furniture,Central,3,15000,0.15,Card
ORD01709,07-Aug-25,CUST0234,P010,Printer,Furniture,Central,3,15000,0.11,Card
ORD01729,13-Jul-25,CUST0974,P010,Printer,Furniture,Central,3,15000,0.07,Card
ORD01749,18-Jun-25,CUST0714,P010,Printer,Furniture,Central,3,15000,0.03,Card
ORD01769,24-May-25,CUST0454,P010,Printer,Furniture,Central,3,15000,0.15,Card
ORD01789,29-Apr-25,CUST0194,P010,Printer,Furniture,Central,3,15000,0.11,Card
ORD01809,04-Apr-25,CUST0934,P010,Printer,Furniture,Central,3,15000,0.07,Card
ORD01829,10-Mar-25,CUST0674,P010,Printer,Furniture,Central,3,15000,0.03,Card
ORD01849,13-Feb-25,CUST0414,P010,Printer,Furniture,Central,3,15000,0.15,Card
ORD01869,19-Jan-25,CUST0154,P010,Printer,Furniture,Central,3,15000,0.11,Card
ORD01889,25-Dec-25,CUST0894,P010,Printer,Furniture,Central,3,15000,0.07,Card
ORD01909,30-Nov-25,CUST0634,P010,Printer,Furniture,Central,3,15000,0.03,Card
ORD01929,05-Nov-25,CUST0374,P010,Printer,Furniture,Central,3,15000,0.15,Card
ORD01949,11-Oct-25,CUST0114,P010,Printer,Furniture,Central,3,15000,0.11,Card
ORD01969,16-Sep-25,CUST0854,P010,Printer,Furniture,Central,3,15000,0.07,Card
ORD01989,22-Aug-25,CUST0594,P010,Printer,Furniture,Central,3,15000,0.03,Card
ORD02009,28-Jul-25,CUST0334,P010,Printer,Furniture,Central,3,15000,0.15,Card
ORD02029,03-Jul-25,CUST0074,P010,Printer,Furniture,Central,3,15000,0.11,Card
ORD02049,08-Jun-25,CUST0814,P010,Printer,Furniture,Central,3,15000,0.07,Card
ORD02069,14-May-25,CUST0554,P010,Printer,Furniture,Central,3,15000,0.03,Card
ORD02089,19-Apr-25,CUST0294,P010,Printer,Furniture,Central,3,15000,0.15,Card
ORD02109,25-Mar-25,CUST0034,P010,Printer,Furniture,Central,3,15000,0.11,Card
ORD02129,28-Feb-25,CUST0774,P010,Printer,Furniture,Central,3,15000,0.07,Card
ORD02149,03-Feb-25,CUST0514,P010,Printer,Furniture,Central,3,15000,0.03,Card
ORD02169,09-Jan-25,CUST0254,P010,Printer,Furniture,Central,3,15000,0.15,Card
ORD02189,15-Dec-25,CUST0994,P010,Printer,Furniture,Central,3,15000,0.11,Card
ORD02209,20-Nov-25,CUST0734,P010,Printer,Furniture,Central,3,15000,0.07,Card
ORD02229,26-Oct-25,CUST0474,P010,Printer,Furniture,Central,3,15000,0.03,Card
ORD02249,01-Oct-25,CUST0214,P010,Printer,Furniture,Central,3,15000,0.15,Card
ORD02269,06-Sep-25,CUST0954,P010,Printer,Furniture,Central,3,15000,0.11,Card
ORD02289,12-Aug-25,CUST0694,P010,Printer,Furniture,Central,3,15000,0.07,Card
ORD02309,18-Jul-25,CUST0434,P010,Printer,Furniture,Central,3,15000,0.03,Card
ORD02329,23-Jun-25,CUST0174,P010,Printer,Furniture,Central,3,15000,0.15,Card
ORD02349,29-May-25,CUST0914,P010,Printer,Furniture,Central,3,15000,0.11,Card
ORD02369,04-May-25,CUST0654,P010,Printer,Furniture,Central,3,15000,0.07,Card
ORD02389,09-Apr-25,CUST0394,P010,Printer,Furniture,Central,3,15000,0.03,Card
ORD02409,15-Mar-25,CUST0134,P010,Printer,Furniture,Central,3,15000,0.15,Card
ORD02429,18-Feb-25,CUST0874,P010,Printer,Furniture,Central,3,15000,0.11,Card
ORD02449,24-Jan-25,CUST0614,P010,Printer,Furniture,Central,3,15000,0.07,Card
ORD02469,30-Dec-25,CUST0354,P010,Printer,Furniture,Central,3,15000,0.03,Card
ORD02489,05-Dec-25,CUST0094,P010,Printer,Furniture,Central,3,15000,0.15,Card
ORD02509,10-Nov-25,CUST0834,P010,Printer,Furniture,Central,3,15000,0.11,Card
ORD02529,16-Oct-25,CUST0574,P010,Printer,Furniture,Central,3,15000,0.07,Card
ORD02549,21-Sep-25,CUST0314,P010,Printer,Furniture,Central,3,15000,0.03,Card
ORD02569,27-Aug-25,CUST0054,P010,Printer,Furniture,Central,3,15000,0.15,Card
ORD02589,02-Aug-25,CUST0794,P010,Printer,Furniture,Central,3,15000,0.11,Card
ORD02609,08-Jul-25,CUST0534,P010,Printer,Furniture,Central,3,15000,0.07,Card
ORD02629,13-Jun-25,CUST0274,P010,Printer,Furniture,Central,3,15000,0.03,Card
ORD02649,19-May-25,CUST0014,P010,Printer,Furniture,Central,3,15000,0.15,Card
ORD02669,24-Apr-25,CUST0754,P010,Printer,Furniture,Central,3,15000,0.11,Card
ORD02689,30-Mar-25,CUST0494,P010,Printer,Furniture,Central,3,15000,0.07,Card
ORD02709,05-Mar-25,CUST0234,P010,Printer,Furniture,Central,3,15000,0.03,Card
ORD02729,08-Feb-25,CUST0974,P010,Printer,Furniture,Central,3,15000,0.15,Card
ORD02749,14-Jan-25,CUST0714,P010,Printer,Furniture,Central,3,15000,0.11,Card
ORD02769,20-Dec-25,CUST0454,P010,Printer,Furniture,Central,3,15000,0.07,Card
ORD02789,25-Nov-25,CUST0194,P010,Printer,Furniture,Central,3,15000,0.03,Card
ORD02809,31-Oct-25,CUST0934,P010,Printer,Furniture,Central,3,15000,0.15,Card
ORD02829,06-Oct-25,CUST0674,P010,Printer,Furniture,Central,3,15000,0.11,Card
ORD02849,11-Sep-25,CUST0414,P010,Printer,Furniture,Central,3,15000,0.07,Card
ORD02869,17-Aug-25,CUST0154,P010,Printer,Furniture,Central,3,15000,0.03,Card
ORD02889,23-Jul-25,CUST0894,P010,Printer,Furniture,Central,3,15000,0.15,Card
ORD02909,28-Jun-25,CUST0634,P010,Printer,Furniture,Central,3,15000,0.11,Card
ORD02929,03-Jun-25,CUST0374,P010,Printer,Furniture,Central,3,15000,0.07,Card
ORD02949,09-May-25,CUST0114,P010,Printer,Furniture,Central,3,15000,0.03,Card
ORD02969,14-Apr-25,CUST0854,P010,Printer,Furniture,Central,3,15000,0.15,Card
ORD02989,20-Mar-25,CUST0594,P010,Printer,Furniture,Central,3,15000,0.11,Card
ORD03009,23-Feb-25,CUST0334,P010,Printer,Furniture,Central,3,15000,0.07,Card
ORD03029,29-Jan-25,CUST0074,P010,Printer,Furniture,Central,3,15000,0.03,Card
ORD03049,04-Jan-25,CUST0814,P010,Printer,Furniture,Central,3,15000,0.15,Card
ORD03069,10-Dec-25,CUST0554,P010,Printer,Furniture,Central,3,15000,0.11,Card
ORD03089,15-Nov-25,CUST0294,P010,Printer,Furniture,Central,3,15000,0.07,Card
ORD03109,21-Oct-25,CUST0034,P010,Printer,Furniture,Central,3,15000,0.03,Card
ORD03129,26-Sep-25,CUST0774,P010,Printer,Furniture,Central,3,15000,0.15,Card
ORD03149,01-Sep-25,CUST0514,P010,Printer,Furniture,Central,3,15000,0.11,Card
ORD03169,07-Aug-25,CUST0254,P010,Printer,Furniture,Central,3,15000,0.07,Card
ORD03189,13-Jul-25,CUST0994,P010,Printer,Furniture,Central,3,15000,0.03,Card
ORD03209,18-Jun-25,CUST0734,P010,Printer,Furniture,Central,3,15000,0.15,Card
ORD03229,24-May-25,CUST0474,P010,Printer,Furniture,Central,3,15000,0.11,Card
ORD03249,29-Apr-25,CUST0214,P010,Printer,Furniture,Central,3,15000,0.07,Card
ORD03269,04-Apr-25,CUST0954,P010,Printer,Furniture,Central,3,15000,0.03,Card
ORD03289,10-Mar-25,CUST0694,P010,Printer,Furniture,Central,3,15000,0.15,Card
ORD03309,13-Feb-25,CUST0434,P010,Printer,Furniture,Central,3,15000,0.11,Card
ORD03329,19-Jan-25,CUST0174,P010,Printer,Furniture,Central,3,15000,0.07,Card
ORD03349,25-Dec-25,CUST0914,P010,Printer,Furniture,Central,3,15000,0.03,Card
ORD03369,30-Nov-25,CUST0654,P010,Printer,Furniture,Central,3,15000,0.15,Card
ORD03389,05-Nov-25,CUST0394,P010,Printer,Furniture,Central,3,15000,0.11,Card
ORD03409,11-Oct-25,CUST0134,P010,Printer,Furniture,Central,3,15000,0.07,Card
ORD03429,16-Sep-25,CUST0874,P010,Printer,Furniture,Central,3,15000,0.03,Card
ORD03449,22-Aug-25,CUST0614,P010,Printer,Furniture,Central,3,15000,0.15,Card
ORD03469,28-Jul-25,CUST0354,P010,Printer,Furniture,Central,3,15000,0.11,Card
ORD03489,03-Jul-25,CUST0094,P010,Printer,Furniture,Central,3,15000,0.07,Card
ORD03509,08-Jun-25,CUST0834,P010,Printer,Furniture,Central,3,15000,0.03,Card
ORD03529,14-May-25,CUST0574,P010,Printer,Furniture,Central,3,15000,0.15,Card
ORD03549,19-Apr-25,CUST0314,P010,Printer,Furniture,Central,3,15000,0.11,Card
ORD03569,25-Mar-25,CUST0054,P010,Printer,Furniture,Central,3,15000,0.07,Card
ORD03589,28-Feb-25,CUST0794,P010,Printer,Furniture,Central,3,15000,0.03,Card
ORD03609,03-Feb-25,CUST0534,P010,Printer,Furniture,Central,3,15000,0.15,Card
ORD03629,09-Jan-25,CUST0274,P010,Printer,Furniture,Central,3,15000,0.11,Card
ORD03649,15-Dec-25,CUST0014,P010,Printer,Furniture,Central,3,15000,0.07,Card
ORD03669,20-Nov-25,CUST0754,P010,Printer,Furniture,Central,3,15000,0.03,Card
ORD03689,26-Oct-25,CUST0494,P010,Printer,Furniture,Central,3,15000,0.15,Card
ORD03709,01-Oct-25,CUST0234,P010,Printer,Furniture,Central,3,15000,0.11,Card
ORD03729,06-Sep-25,CUST0974,P010,Printer,Furniture,Central,3,15000,0.07,Card
ORD03749,12-Aug-25,CUST0714,P010,Printer,Furniture,Central,3,15000,0.03,Card
ORD03769,18-Jul-25,CUST0454,P010,Printer,Furniture,Central,3,15000,0.15,Card
ORD03789,23-Jun-25,CUST0194,P010,Printer,Furniture,Central,3,15000,0.11,Card
ORD03809,29-May-25,CUST0934,P010,Printer,Furniture,Central,3,15000,0.07,Card
ORD03829,04-May-25,CUST0674,P010,Printer,Furniture,Central,3,15000,0.03,Card
ORD03849,09-Apr-25,CUST0414,P010,Printer,Furniture,Central,3,15000,0.15,Card
ORD03869,15-Mar-25,CUST0154,P010,Printer,Furniture,Central,3,15000,0.11,Card
ORD03889,18-Feb-25,CUST0894,P010,Printer,Furniture,Central,3,15000,0.07,Card
ORD03909,24-Jan-25,CUST0634,P010,Printer,Furniture,Central,3,15000,0.03,Card
ORD03929,30-Dec-25,CUST0374,P010,Printer,Furniture,Central,3,15000,0.15,Card
ORD03949,05-Dec-25,CUST0114,P010,Printer,Furniture,Central,3,15000,0.11,Card
ORD03969,10-Nov-25,CUST0854,P010,Printer,Furniture,Central,3,15000,0.07,Card
ORD03989,16-Oct-25,CUST0594,P010,Printer,Furniture,Central,3,15000,0.03,Card
ORD04009,21-Sep-25,CUST0334,P010,Printer,Furniture,Central,3,15000,0.15,Card
ORD04029,27-Aug-25,CUST0074,P010,Printer,Furniture,Central,3,15000,0.11,Card
ORD04049,02-Aug-25,CUST0814,P010,Printer,Furniture,Central,3,15000,0.07,Card
ORD04069,08-Jul-25,CUST0554,P010,Printer,Furniture,Central,3,15000,0.03,Card
ORD04089,13-Jun-25,CUST0294,P010,Printer,Furniture,Central,3,15000,0.15,Card
ORD04109,19-May-25,CUST0034,P010,Printer,Furniture,Central,3,15000,0.11,Card
ORD04129,24-Apr-25,CUST0774,P010,Printer,Furniture,Central,3,15000,0.07,Card
ORD04149,30-Mar-25,CUST0514,P010,Printer,Furniture,Central,3,15000,0.03,Card
ORD04169,05-Mar-25,CUST0254,P010,Printer,Furniture,Central,3,15000,0.15,Card
ORD04189,08-Feb-25,CUST0994,P010,Printer,Furniture,Central,3,15000,0.11,Card
ORD04209,14-Jan-25,CUST0734,P010,Printer,Furniture,Central,3,15000,0.07,Card
ORD04229,20-Dec-25,CUST0474,P010,Printer,Furniture,Central,3,15000,0.03,Card
ORD04249,25-Nov-25,CUST0214,P010,Printer,Furniture,Central,3,15000,0.15,Card
ORD04269,31-Oct-25,CUST0954,P010,Printer,Furniture,Central,3,15000,0.11,Card
ORD04289,06-Oct-25,CUST0694,P010,Printer,Furniture,Central,3,15000,0.07,Card
ORD04309,11-Sep-25,CUST0434,P010,Printer,Furniture,Central,3,15000,0.03,Card
ORD04329,17-Aug-25,CUST0174,P010,Printer,Furniture,Central,3,15000,0.15,Card
ORD04349,23-Jul-25,CUST0914,P010,Printer,Furniture,Central,3,15000,0.11,Card
ORD04369,28-Jun-25,CUST0654,P010,Printer,Furniture,Central,3,15000,0.07,Card
ORD04389,03-Jun-25,CUST0394,P010,Printer,Furniture,Central,3,15000,0.03,Card
ORD04409,09-May-25,CUST0134,P010,Printer,Furniture,Central,3,15000,0.15,Card
ORD04429,14-Apr-25,CUST0874,P010,Printer,Furniture,Central,3,15000,0.11,Card
ORD04449,20-Mar-25,CUST0614,P010,Printer,Furniture,Central,3,15000,0.07,Card
ORD04469,23-Feb-25,CUST0354,P010,Printer,Furniture,Central,3,15000,0.03,Card
ORD04489,29-Jan-25,CUST0094,P010,Printer,Furniture,Central,3,15000,0.15,Card
ORD04509,04-Jan-25,CUST0834,P010,Printer,Furniture,Central,3,15000,0.11,Card
ORD04529,10-Dec-25,CUST0574,P010,Printer,Furniture,Central,3,15000,0.07,Card
ORD04549,15-Nov-25,CUST0314,P010,Printer,Furniture,Central,3,15000,0.03,Card
ORD04569,21-Oct-25,CUST0054,P010,Printer,Furniture,Central,3,15000,0.15,Card
ORD04589,26-Sep-25,CUST0794,P010,Printer,Furniture,Central,3,15000,0.11,Card
ORD04609,01-Sep-25,CUST0534,P010,Printer,Furniture,Central,3,15000,0.07,Card
ORD04629,07-Aug-25,CUST0274,P010,Printer,Furniture,Central,3,15000,0.03,Card
ORD04649,13-Jul-25,CUST0014,P010,Printer,Furniture,Central,3,15000,0.15,Card
ORD04669,18-Jun-25,CUST0754,P010,Printer,Furniture,Central,3,15000,0.11,Card
ORD04689,24-May-25,CUST0494,P010,Printer,Furniture,Central,3,15000,0.07,Card
ORD04709,29-Apr-25,CUST0234,P010,Printer,Furniture,Central,3,15000,0.03,Card
ORD04729,04-Apr-25,CUST0974,P010,Printer,Furniture,Central,3,15000,0.15,Card
ORD04749,10-Mar-25,CUST0714,P010,Printer,Furniture,Central,3,15000,0.11,Card
ORD04769,13-Feb-25,CUST0454,P010,Printer,Furniture,Central,3,15000,0.07,Card
ORD04789,19-Jan-25,CUST0194,P010,Printer,Furniture,Central,3,15000,0.03,Card
ORD04809,25-Dec-25,CUST0934,P010,Printer,Furniture,Central,3,15000,0.15,Card
ORD04829,30-Nov-25,CUST0674,P010,Printer,Furniture,Central,3,15000,0.11,Card
ORD04849,05-Nov-25,CUST0414,P010,Printer,Furniture,Central,3,15000,0.07,Card
ORD04869,11-Oct-25,CUST0154,P010,Printer,Furniture,Central,3,15000,0.03,Card
ORD04889,16-Sep-25,CUST0894,P010,Printer,Furniture,Central,3,15000,0.15,Card
ORD04909,22-Aug-25,CUST0634,P010,Printer,Furniture,Central,3,15000,0.11,Card
ORD04929,28-Jul-25,CUST0374,P010,Printer,Furniture,Central,3,15000,0.07,Card
ORD04949,03-Jul-25,CUST0114,P010,Printer,Furniture,Central,3,15000,0.03,Card
ORD04969,08-Jun-25,CUST0854,P010,Printer,Furniture,Central,3,15000,0.15,Card
ORD04989,14-May-25,CUST0594,P010,Printer,Furniture,Central,3,15000,0.11,Card
ORD00007,30-Apr-25,CUST0260,P008,Office Chair,Furniture,West,2,8500,0.01,Net Banking
ORD00027,05-Apr-25,CUST1000,P008,Office Chair,Furniture,West,2,8500,0.13,Net Banking
ORD00047,11-Mar-25,CUST0740,P008,Office Chair,Furniture,West,2,8500,0.09,Net Banking
ORD00067,14-Feb-25,CUST0480,P008,Office Chair,Furniture,West,2,8500,0.05,Net Banking
ORD00087,20-Jan-25,CUST0220,P008,Office Chair,Furniture,West,2,8500,0.01,Net Banking
ORD00107,26-Dec-25,CUST0960,P008,Office Chair,Furniture,West,2,8500,0.13,Net Banking
ORD00127,01-Dec-25,CUST0700,P008,Office Chair,Furniture,West,2,8500,0.09,Net Banking
ORD00147,06-Nov-25,CUST0440,P008,Office Chair,Furniture,West,2,8500,0.05,Net Banking
ORD00167,12-Oct-25,CUST0180,P008,Office Chair,Furniture,West,2,8500,0.01,Net Banking
ORD00187,17-Sep-25,CUST0920,P008,Office Chair,Furniture,West,2,8500,0.13,Net Banking
ORD00207,23-Aug-25,CUST0660,P008,Office Chair,Furniture,West,2,8500,0.09,Net Banking
ORD00227,29-Jul-25,CUST0400,P008,Office Chair,Furniture,West,2,8500,0.05,Net Banking
ORD00247,04-Jul-25,CUST0140,P008,Office Chair,Furniture,West,2,8500,0.01,Net Banking
ORD00267,09-Jun-25,CUST0880,P008,Office Chair,Furniture,West,2,8500,0.13,Net Banking
ORD00287,15-May-25,CUST0620,P008,Office Chair,Furniture,West,2,8500,0.09,Net Banking
ORD00307,20-Apr-25,CUST0360,P008,Office Chair,Furniture,West,2,8500,0.05,Net Banking
ORD00327,26-Mar-25,CUST0100,P008,Office Chair,Furniture,West,2,8500,0.01,Net Banking
ORD00347,01-Mar-25,CUST0840,P008,Office Chair,Furniture,West,2,8500,0.13,Net Banking
ORD00367,04-Feb-25,CUST0580,P008,Office Chair,Furniture,West,2,8500,0.09,Net Banking
ORD00387,10-Jan-25,CUST0320,P008,Office Chair,Furniture,West,2,8500,0.05,Net Banking
ORD00407,16-Dec-25,CUST0060,P008,Office Chair,Furniture,West,2,8500,0.01,Net Banking
ORD00427,21-Nov-25,CUST0800,P008,Office Chair,Furniture,West,2,8500,0.13,Net Banking
ORD00447,27-Oct-25,CUST0540,P008,Office Chair,Furniture,West,2,8500,0.09,Net Banking
ORD00467,02-Oct-25,CUST0280,P008,Office Chair,Furniture,West,2,8500,0.05,Net Banking
ORD00487,07-Sep-25,CUST0020,P008,Office Chair,Furniture,West,2,8500,0.01,Net Banking
ORD00507,13-Aug-25,CUST0760,P008,Office Chair,Furniture,West,2,8500,0.13,Net Banking
ORD00527,19-Jul-25,CUST0500,P008,Office Chair,Furniture,West,2,8500,0.09,Net Banking
ORD00547,24-Jun-25,CUST0240,P008,Office Chair,Furniture,West,2,8500,0.05,Net Banking
ORD00567,30-May-25,CUST0980,P008,Office Chair,Furniture,West,2,8500,0.01,Net Banking
ORD00587,05-May-25,CUST0720,P008,Office Chair,Furniture,West,2,8500,0.13,Net Banking
ORD00607,10-Apr-25,CUST0460,P008,Office Chair,Furniture,West,2,8500,0.09,Net Banking
ORD00627,16-Mar-25,CUST0200,P008,Office Chair,Furniture,West,2,8500,0.05,Net Banking
ORD00647,19-Feb-25,CUST0940,P008,Office Chair,Furniture,West,2,8500,0.01,Net Banking
ORD00667,25-Jan-25,CUST0680,P008,Office Chair,Furniture,West,2,8500,0.13,Net Banking
ORD00687,31-Dec-25,CUST0420,P008,Office Chair,Furniture,West,2,8500,0.09,Net Banking
ORD00707,06-Dec-25,CUST0160,P008,Office Chair,Furniture,West,2,8500,0.05,Net Banking
ORD00727,11-Nov-25,CUST0900,P008,Office Chair,Furniture,West,2,8500,0.01,Net Banking
ORD00747,17-Oct-25,CUST0640,P008,Office Chair,Furniture,West,2,8500,0.13,Net Banking
ORD00767,22-Sep-25,CUST0380,P008,Office Chair,Furniture,West,2,8500,0.09,Net Banking
ORD00787,28-Aug-25,CUST0120,P008,Office Chair,Furniture,West,2,8500,0.05,Net Banking
ORD00807,03-Aug-25,CUST0860,P008,Office Chair,Furniture,West,2,8500,0.01,Net Banking
ORD00827,09-Jul-25,CUST0600,P008,Office Chair,Furniture,West,2,8500,0.13,Net Banking
ORD00847,14-Jun-25,CUST0340,P008,Office Chair,Furniture,West,2,8500,0.09,Net Banking
ORD00867,20-May-25,CUST0080,P008,Office Chair,Furniture,West,2,8500,0.05,Net Banking
ORD00887,25-Apr-25,CUST0820,P008,Office Chair,Furniture,West,2,8500,0.01,Net Banking
ORD00907,31-Mar-25,CUST0560,P008,Office Chair,Furniture,West,2,8500,0.13,Net Banking
ORD00927,06-Mar-25,CUST0300,P008,Office Chair,Furniture,West,2,8500,0.09,Net Banking
ORD00947,09-Feb-25,CUST0040,P008,Office Chair,Furniture,West,2,8500,0.05,Net Banking
ORD00967,15-Jan-25,CUST0780,P008,Office Chair,Furniture,West,2,8500,0.01,Net Banking
ORD00987,21-Dec-25,CUST0520,P008,Office Chair,Furniture,West,2,8500,0.13,Net Banking
ORD01007,26-Nov-25,CUST0260,P008,Office Chair,Furniture,West,2,8500,0.09,Net Banking
ORD01027,01-Nov-25,CUST1000,P008,Office Chair,Furniture,West,2,8500,0.05,Net Banking
ORD01047,07-Oct-25,CUST0740,P008,Office Chair,Furniture,West,2,8500,0.01,Net Banking
ORD01067,12-Sep-25,CUST0480,P008,Office Chair,Furniture,West,2,8500,0.13,Net Banking
ORD01087,18-Aug-25,CUST0220,P008,Office Chair,Furniture,West,2,8500,0.09,Net Banking
ORD01107,24-Jul-25,CUST0960,P008,Office Chair,Furniture,West,2,8500,0.05,Net Banking
ORD01127,29-Jun-25,CUST0700,P008,Office Chair,Furniture,West,2,8500,0.01,Net Banking
ORD01147,04-Jun-25,CUST0440,P008,Office Chair,Furniture,West,2,8500,0.13,Net Banking
ORD01167,10-May-25,CUST0180,P008,Office Chair,Furniture,West,2,8500,0.09,Net Banking
ORD01187,15-Apr-25,CUST0920,P008,Office Chair,Furniture,West,2,8500,0.05,Net Banking
ORD01207,21-Mar-25,CUST0660,P008,Office Chair,Furniture,West,2,8500,0.01,Net Banking
ORD01227,24-Feb-25,CUST0400,P008,Office Chair,Furniture,West,2,8500,0.13,Net Banking
ORD01247,30-Jan-25,CUST0140,P008,Office Chair,Furniture,West,2,8500,0.09,Net Banking
ORD01267,05-Jan-25,CUST0880,P008,Office Chair,Furniture,West,2,8500,0.05,Net Banking
ORD01287,11-Dec-25,CUST0620,P008,Office Chair,Furniture,West,2,8500,0.01,Net Banking
ORD01307,16-Nov-25,CUST0360,P008,Office Chair,Furniture,West,2,8500,0.13,Net Banking
ORD01327,22-Oct-25,CUST0100,P008,Office Chair,Furniture,West,2,8500,0.09,Net Banking
ORD01347,27-Sep-25,CUST0840,P008,Office Chair,Furniture,West,2,8500,0.05,Net Banking
ORD01367,02-Sep-25,CUST0580,P008,Office Chair,Furniture,West,2,8500,0.01,Net Banking
ORD01387,08-Aug-25,CUST0320,P008,Office Chair,Furniture,West,2,8500,0.13,Net Banking
ORD01407,14-Jul-25,CUST0060,P008,Office Chair,Furniture,West,2,8500,0.09,Net Banking
ORD01427,19-Jun-25,CUST0800,P008,Office Chair,Furniture,West,2,8500,0.05,Net Banking
ORD01447,25-May-25,CUST0540,P008,Office Chair,Furniture,West,2,8500,0.01,Net Banking
ORD01467,30-Apr-25,CUST0280,P008,Office Chair,Furniture,West,2,8500,0.13,Net Banking
ORD01487,05-Apr-25,CUST0020,P008,Office Chair,Furniture,West,2,8500,0.09,Net Banking
ORD01507,11-Mar-25,CUST0760,P008,Office Chair,Furniture,West,2,8500,0.05,Net Banking
ORD01527,14-Feb-25,CUST0500,P008,Office Chair,Furniture,West,2,8500,0.01,Net Banking
ORD01547,20-Jan-25,CUST0240,P008,Office Chair,Furniture,West,2,8500,0.13,Net Banking
ORD01567,26-Dec-25,CUST0980,P008,Office Chair,Furniture,West,2,8500,0.09,Net Banking
ORD01587,01-Dec-25,CUST0720,P008,Office Chair,Furniture,West,2,8500,0.05,Net Banking
ORD01607,06-Nov-25,CUST0460,P008,Office Chair,Furniture,West,2,8500,0.01,Net Banking
ORD01627,12-Oct-25,CUST0200,P008,Office Chair,Furniture,West,2,8500,0.13,Net Banking
ORD01647,17-Sep-25,CUST0940,P008,Office Chair,Furniture,West,2,8500,0.09,Net Banking
ORD01667,23-Aug-25,CUST0680,P008,Office Chair,Furniture,West,2,8500,0.05,Net Banking
ORD01687,29-Jul-25,CUST0420,P008,Office Chair,Furniture,West,2,8500,0.01,Net Banking
ORD01707,04-Jul-25,CUST0160,P008,Office Chair,Furniture,West,2,8500,0.13,Net Banking
ORD01727,09-Jun-25,CUST0900,P008,Office Chair,Furniture,West,2,8500,0.09,Net Banking
ORD01747,15-May-25,CUST0640,P008,Office Chair,Furniture,West,2,8500,0.05,Net Banking
ORD01767,20-Apr-25,CUST0380,P008,Office Chair,Furniture,West,2,8500,0.01,Net Banking
ORD01787,26-Mar-25,CUST0120,P008,Office Chair,Furniture,West,2,8500,0.13,Net Banking
ORD01807,01-Mar-25,CUST0860,P008,Office Chair,Furniture,West,2,8500,0.09,Net Banking
ORD01827,04-Feb-25,CUST0600,P008,Office Chair,Furniture,West,2,8500,0.05,Net Banking
ORD01847,10-Jan-25,CUST0340,P008,Office Chair,Furniture,West,2,8500,0.01,Net Banking
ORD01867,16-Dec-25,CUST0080,P008,Office Chair,Furniture,West,2,8500,0.13,Net Banking
ORD01887,21-Nov-25,CUST0820,P008,Office Chair,Furniture,West,2,8500,0.09,Net Banking
ORD01907,27-Oct-25,CUST0560,P008,Office Chair,Furniture,West,2,8500,0.05,Net Banking
ORD01927,02-Oct-25,CUST0300,P008,Office Chair,Furniture,West,2,8500,0.01,Net Banking
ORD01947,07-Sep-25,CUST0040,P008,Office Chair,Furniture,West,2,8500,0.13,Net Banking
ORD01967,13-Aug-25,CUST0780,P008,Office Chair,Furniture,West,2,8500,0.09,Net Banking
ORD01987,19-Jul-25,CUST0520,P008,Office Chair,Furniture,West,2,8500,0.05,Net Banking
ORD02007,24-Jun-25,CUST0260,P008,Office Chair,Furniture,West,2,8500,0.01,Net Banking
ORD02027,30-May-25,CUST1000,P008,Office Chair,Furniture,West,2,8500,0.13,Net Banking
ORD02047,05-May-25,CUST0740,P008,Office Chair,Furniture,West,2,8500,0.09,Net Banking
ORD02067,10-Apr-25,CUST0480,P008,Office Chair,Furniture,West,2,8500,0.05,Net Banking
ORD02087,16-Mar-25,CUST0220,P008,Office Chair,Furniture,West,2,8500,0.01,Net Banking
ORD02107,19-Feb-25,CUST0960,P008,Office Chair,Furniture,West,2,8500,0.13,Net Banking
ORD02127,25-Jan-25,CUST0700,P008,Office Chair,Furniture,West,2,8500,0.09,Net Banking
ORD02147,31-Dec-25,CUST0440,P008,Office Chair,Furniture,West,2,8500,0.05,Net Banking
ORD02167,06-Dec-25,CUST0180,P008,Office Chair,Furniture,West,2,8500,0.01,Net Banking
ORD02187,11-Nov-25,CUST0920,P008,Office Chair,Furniture,West,2,8500,0.13,Net Banking
ORD02207,17-Oct-25,CUST0660,P008,Office Chair,Furniture,West,2,8500,0.09,Net Banking
ORD02227,22-Sep-25,CUST0400,P008,Office Chair,Furniture,West,2,8500,0.05,Net Banking
ORD02247,28-Aug-25,CUST0140,P008,Office Chair,Furniture,West,2,8500,0.01,Net Banking
ORD02267,03-Aug-25,CUST0880,P008,Office Chair,Furniture,West,2,8500,0.13,Net Banking
ORD02287,09-Jul-25,CUST0620,P008,Office Chair,Furniture,West,2,8500,0.09,Net Banking
ORD02307,14-Jun-25,CUST0360,P008,Office Chair,Furniture,West,2,8500,0.05,Net Banking
ORD02327,20-May-25,CUST0100,P008,Office Chair,Furniture,West,2,8500,0.01,Net Banking
ORD02347,25-Apr-25,CUST0840,P008,Office Chair,Furniture,West,2,8500,0.13,Net Banking
ORD02367,31-Mar-25,CUST0580,P008,Office Chair,Furniture,West,2,8500,0.09,Net Banking
ORD02387,06-Mar-25,CUST0320,P008,Office Chair,Furniture,West,2,8500,0.05,Net Banking
ORD02407,09-Feb-25,CUST0060,P008,Office Chair,Furniture,West,2,8500,0.01,Net Banking
ORD02427,15-Jan-25,CUST0800,P008,Office Chair,Furniture,West,2,8500,0.13,Net Banking
ORD02447,21-Dec-25,CUST0540,P008,Office Chair,Furniture,West,2,8500,0.09,Net Banking
ORD02467,26-Nov-25,CUST0280,P008,Office Chair,Furniture,West,2,8500,0.05,Net Banking
ORD02487,01-Nov-25,CUST0020,P008,Office Chair,Furniture,West,2,8500,0.01,Net Banking
ORD02507,07-Oct-25,CUST0760,P008,Office Chair,Furniture,West,2,8500,0.13,Net Banking
ORD02527,12-Sep-25,CUST0500,P008,Office Chair,Furniture,West,2,8500,0.09,Net Banking
ORD02547,18-Aug-25,CUST0240,P008,Office Chair,Furniture,West,2,8500,0.05,Net Banking
ORD02567,24-Jul-25,CUST0980,P008,Office Chair,Furniture,West,2,8500,0.01,Net Banking
ORD02587,29-Jun-25,CUST0720,P008,Office Chair,Furniture,West,2,8500,0.13,Net Banking
ORD02607,04-Jun-25,CUST0460,P008,Office Chair,Furniture,West,2,8500,0.09,Net Banking
ORD02627,10-May-25,CUST0200,P008,Office Chair,Furniture,West,2,8500,0.05,Net Banking
ORD02647,15-Apr-25,CUST0940,P008,Office Chair,Furniture,West,2,8500,0.01,Net Banking
ORD02667,21-Mar-25,CUST0680,P008,Office Chair,Furniture,West,2,8500,0.13,Net Banking
ORD02687,24-Feb-25,CUST0420,P008,Office Chair,Furniture,West,2,8500,0.09,Net Banking
ORD02707,30-Jan-25,CUST0160,P008,Office Chair,Furniture,West,2,8500,0.05,Net Banking
ORD02727,05-Jan-25,CUST0900,P008,Office Chair,Furniture,West,2,8500,0.01,Net Banking
ORD02747,11-Dec-25,CUST0640,P008,Office Chair,Furniture,West,2,8500,0.13,Net Banking
ORD02767,16-Nov-25,CUST0380,P008,Office Chair,Furniture,West,2,8500,0.09,Net Banking
ORD02787,22-Oct-25,CUST0120,P008,Office Chair,Furniture,West,2,8500,0.05,Net Banking
ORD02807,27-Sep-25,CUST0860,P008,Office Chair,Furniture,West,2,8500,0.01,Net Banking
ORD02827,02-Sep-25,CUST0600,P008,Office Chair,Furniture,West,2,8500,0.13,Net Banking
ORD02847,08-Aug-25,CUST0340,P008,Office Chair,Furniture,West,2,8500,0.09,Net Banking
ORD02867,14-Jul-25,CUST0080,P008,Office Chair,Furniture,West,2,8500,0.05,Net Banking
ORD02887,19-Jun-25,CUST0820,P008,Office Chair,Furniture,West,2,8500,0.01,Net Banking
ORD02907,25-May-25,CUST0560,P008,Office Chair,Furniture,West,2,8500,0.13,Net Banking
ORD02927,30-Apr-25,CUST0300,P008,Office Chair,Furniture,West,2,8500,0.09,Net Banking
ORD02947,05-Apr-25,CUST0040,P008,Office Chair,Furniture,West,2,8500,0.05,Net Banking
ORD02967,11-Mar-25,CUST0780,P008,Office Chair,Furniture,West,2,8500,0.01,Net Banking
ORD02987,14-Feb-25,CUST0520,P008,Office Chair,Furniture,West,2,8500,0.13,Net Banking
ORD03007,20-Jan-25,CUST0260,P008,Office Chair,Furniture,West,2,8500,0.09,Net Banking
ORD03027,26-Dec-25,CUST1000,P008,Office Chair,Furniture,West,2,8500,0.05,Net Banking
ORD03047,01-Dec-25,CUST0740,P008,Office Chair,Furniture,West,2,8500,0.01,Net Banking
ORD03067,06-Nov-25,CUST0480,P008,Office Chair,Furniture,West,2,8500,0.13,Net Banking
ORD03087,12-Oct-25,CUST0220,P008,Office Chair,Furniture,West,2,8500,0.09,Net Banking
ORD03107,17-Sep-25,CUST0960,P008,Office Chair,Furniture,West,2,8500,0.05,Net Banking
ORD03127,23-Aug-25,CUST0700,P008,Office Chair,Furniture,West,2,8500,0.01,Net Banking
ORD03147,29-Jul-25,CUST0440,P008,Office Chair,Furniture,West,2,8500,0.13,Net Banking
ORD03167,04-Jul-25,CUST0180,P008,Office Chair,Furniture,West,2,8500,0.09,Net Banking
ORD03187,09-Jun-25,CUST0920,P008,Office Chair,Furniture,West,2,8500,0.05,Net Banking
ORD03207,15-May-25,CUST0660,P008,Office Chair,Furniture,West,2,8500,0.01,Net Banking
ORD03227,20-Apr-25,CUST0400,P008,Office Chair,Furniture,West,2,8500,0.13,Net Banking
ORD03247,26-Mar-25,CUST0140,P008,Office Chair,Furniture,West,2,8500,0.09,Net Banking
ORD03267,01-Mar-25,CUST0880,P008,Office Chair,Furniture,West,2,8500,0.05,Net Banking
ORD03287,04-Feb-25,CUST0620,P008,Office Chair,Furniture,West,2,8500,0.01,Net Banking
ORD03307,10-Jan-25,CUST0360,P008,Office Chair,Furniture,West,2,8500,0.13,Net Banking
ORD03327,16-Dec-25,CUST0100,P008,Office Chair,Furniture,West,2,8500,0.09,Net Banking
ORD03347,21-Nov-25,CUST0840,P008,Office Chair,Furniture,West,2,8500,0.05,Net Banking
ORD03367,27-Oct-25,CUST0580,P008,Office Chair,Furniture,West,2,8500,0.01,Net Banking
ORD03387,02-Oct-25,CUST0320,P008,Office Chair,Furniture,West,2,8500,0.13,Net Banking
ORD03407,07-Sep-25,CUST0060,P008,Office Chair,Furniture,West,2,8500,0.09,Net Banking
ORD03427,13-Aug-25,CUST0800,P008,Office Chair,Furniture,West,2,8500,0.05,Net Banking
ORD03447,19-Jul-25,CUST0540,P008,Office Chair,Furniture,West,2,8500,0.01,Net Banking
ORD03467,24-Jun-25,CUST0280,P008,Office Chair,Furniture,West,2,8500,0.13,Net Banking
ORD03487,30-May-25,CUST0020,P008,Office Chair,Furniture,West,2,8500,0.09,Net Banking
ORD03507,05-May-25,CUST0760,P008,Office Chair,Furniture,West,2,8500,0.05,Net Banking
ORD03527,10-Apr-25,CUST0500,P008,Office Chair,Furniture,West,2,8500,0.01,Net Banking
ORD03547,16-Mar-25,CUST0240,P008,Office Chair,Furniture,West,2,8500,0.13,Net Banking
ORD03567,19-Feb-25,CUST0980,P008,Office Chair,Furniture,West,2,8500,0.09,Net Banking
ORD03587,25-Jan-25,CUST0720,P008,Office Chair,Furniture,West,2,8500,0.05,Net Banking
ORD03607,31-Dec-25,CUST0460,P008,Office Chair,Furniture,West,2,8500,0.01,Net Banking
ORD03627,06-Dec-25,CUST0200,P008,Office Chair,Furniture,West,2,8500,0.13,Net Banking
ORD03647,11-Nov-25,CUST0940,P008,Office Chair,Furniture,West,2,8500,0.09,Net Banking
ORD03667,17-Oct-25,CUST0680,P008,Office Chair,Furniture,West,2,8500,0.05,Net Banking
ORD03687,22-Sep-25,CUST0420,P008,Office Chair,Furniture,West,2,8500,0.01,Net Banking
ORD03707,28-Aug-25,CUST0160,P008,Office Chair,Furniture,West,2,8500,0.13,Net Banking
ORD03727,03-Aug-25,CUST0900,P008,Office Chair,Furniture,West,2,8500,0.09,Net Banking
ORD03747,09-Jul-25,CUST0640,P008,Office Chair,Furniture,West,2,8500,0.05,Net Banking
ORD03767,14-Jun-25,CUST0380,P008,Office Chair,Furniture,West,2,8500,0.01,Net Banking
ORD03787,20-May-25,CUST0120,P008,Office Chair,Furniture,West,2,8500,0.13,Net Banking
ORD03807,25-Apr-25,CUST0860,P008,Office Chair,Furniture,West,2,8500,0.09,Net Banking
ORD03827,31-Mar-25,CUST0600,P008,Office Chair,Furniture,West,2,8500,0.05,Net Banking
ORD03847,06-Mar-25,CUST0340,P008,Office Chair,Furniture,West,2,8500,0.01,Net Banking
ORD03867,09-Feb-25,CUST0080,P008,Office Chair,Furniture,West,2,8500,0.13,Net Banking
ORD03887,15-Jan-25,CUST0820,P008,Office Chair,Furniture,West,2,8500,0.09,Net Banking
ORD03907,21-Dec-25,CUST0560,P008,Office Chair,Furniture,West,2,8500,0.05,Net Banking
ORD03927,26-Nov-25,CUST0300,P008,Office Chair,Furniture,West,2,8500,0.01,Net Banking
ORD03947,01-Nov-25,CUST0040,P008,Office Chair,Furniture,West,2,8500,0.13,Net Banking
ORD03967,07-Oct-25,CUST0780,P008,Office Chair,Furniture,West,2,8500,0.09,Net Banking
ORD03987,12-Sep-25,CUST0520,P008,Office Chair,Furniture,West,2,8500,0.05,Net Banking
ORD04007,18-Aug-25,CUST0260,P008,Office Chair,Furniture,West,2,8500,0.01,Net Banking
ORD04027,24-Jul-25,CUST1000,P008,Office Chair,Furniture,West,2,8500,0.13,Net Banking
ORD04047,29-Jun-25,CUST0740,P008,Office Chair,Furniture,West,2,8500,0.09,Net Banking
ORD04067,04-Jun-25,CUST0480,P008,Office Chair,Furniture,West,2,8500,0.05,Net Banking
ORD04087,10-May-25,CUST0220,P008,Office Chair,Furniture,West,2,8500,0.01,Net Banking
ORD04107,15-Apr-25,CUST0960,P008,Office Chair,Furniture,West,2,8500,0.13,Net Banking
ORD04127,21-Mar-25,CUST0700,P008,Office Chair,Furniture,West,2,8500,0.09,Net Banking
ORD04147,24-Feb-25,CUST0440,P008,Office Chair,Furniture,West,2,8500,0.05,Net Banking
ORD04167,30-Jan-25,CUST0180,P008,Office Chair,Furniture,West,2,8500,0.01,Net Banking
ORD04187,05-Jan-25,CUST0920,P008,Office Chair,Furniture,West,2,8500,0.13,Net Banking
ORD04207,11-Dec-25,CUST0660,P008,Office Chair,Furniture,West,2,8500,0.09,Net Banking
ORD04227,16-Nov-25,CUST0400,P008,Office Chair,Furniture,West,2,8500,0.05,Net Banking
ORD04247,22-Oct-25,CUST0140,P008,Office Chair,Furniture,West,2,8500,0.01,Net Banking
ORD04267,27-Sep-25,CUST0880,P008,Office Chair,Furniture,West,2,8500,0.13,Net Banking
ORD04287,02-Sep-25,CUST0620,P008,Office Chair,Furniture,West,2,8500,0.09,Net Banking
ORD04307,08-Aug-25,CUST0360,P008,Office Chair,Furniture,West,2,8500,0.05,Net Banking
ORD04327,14-Jul-25,CUST0100,P008,Office Chair,Furniture,West,2,8500,0.01,Net Banking
ORD04347,19-Jun-25,CUST0840,P008,Office Chair,Furniture,West,2,8500,0.13,Net Banking
ORD04367,25-May-25,CUST0580,P008,Office Chair,Furniture,West,2,8500,0.09,Net Banking
ORD04387,30-Apr-25,CUST0320,P008,Office Chair,Furniture,West,2,8500,0.05,Net Banking
ORD04407,05-Apr-25,CUST0060,P008,Office Chair,Furniture,West,2,8500,0.01,Net Banking
ORD04427,11-Mar-25,CUST0800,P008,Office Chair,Furniture,West,2,8500,0.13,Net Banking
ORD04447,14-Feb-25,CUST0540,P008,Office Chair,Furniture,West,2,8500,0.09,Net Banking
ORD04467,20-Jan-25,CUST0280,P008,Office Chair,Furniture,West,2,8500,0.05,Net Banking
ORD04487,26-Dec-25,CUST0020,P008,Office Chair,Furniture,West,2,8500,0.01,Net Banking
ORD04507,01-Dec-25,CUST0760,P008,Office Chair,Furniture,West,2,8500,0.13,Net Banking
ORD04527,06-Nov-25,CUST0500,P008,Office Chair,Furniture,West,2,8500,0.09,Net Banking
ORD04547,12-Oct-25,CUST0240,P008,Office Chair,Furniture,West,2,8500,0.05,Net Banking
ORD04567,17-Sep-25,CUST0980,P008,Office Chair,Furniture,West,2,8500,0.01,Net Banking
ORD04587,23-Aug-25,CUST0720,P008,Office Chair,Furniture,West,2,8500,0.13,Net Banking
ORD04607,29-Jul-25,CUST0460,P008,Office Chair,Furniture,West,2,8500,0.09,Net Banking
ORD04627,04-Jul-25,CUST0200,P008,Office Chair,Furniture,West,2,8500,0.05,Net Banking
ORD04647,09-Jun-25,CUST0940,P008,Office Chair,Furniture,West,2,8500,0.01,Net Banking
ORD04667,15-May-25,CUST0680,P008,Office Chair,Furniture,West,2,8500,0.13,Net Banking
ORD04687,20-Apr-25,CUST0420,P008,Office Chair,Furniture,West,2,8500,0.09,Net Banking
ORD04707,26-Mar-25,CUST0160,P008,Office Chair,Furniture,West,2,8500,0.05,Net Banking
ORD04727,01-Mar-25,CUST0900,P008,Office Chair,Furniture,West,2,8500,0.01,Net Banking
ORD04747,04-Feb-25,CUST0640,P008,Office Chair,Furniture,West,2,8500,0.13,Net Banking
ORD04767,10-Jan-25,CUST0380,P008,Office Chair,Furniture,West,2,8500,0.09,Net Banking
ORD04787,16-Dec-25,CUST0120,P008,Office Chair,Furniture,West,2,8500,0.05,Net Banking
ORD04807,21-Nov-25,CUST0860,P008,Office Chair,Furniture,West,2,8500,0.01,Net Banking
ORD04827,27-Oct-25,CUST0600,P008,Office Chair,Furniture,West,2,8500,0.13,Net Banking
ORD04847,02-Oct-25,CUST0340,P008,Office Chair,Furniture,West,2,8500,0.09,Net Banking
ORD04867,07-Sep-25,CUST0080,P008,Office Chair,Furniture,West,2,8500,0.05,Net Banking
ORD04887,13-Aug-25,CUST0820,P008,Office Chair,Furniture,West,2,8500,0.01,Net Banking
ORD04907,19-Jul-25,CUST0560,P008,Office Chair,Furniture,West,2,8500,0.13,Net Banking
ORD04927,24-Jun-25,CUST0300,P008,Office Chair,Furniture,West,2,8500,0.09,Net Banking
ORD04947,30-May-25,CUST0040,P008,Office Chair,Furniture,West,2,8500,0.05,Net Banking
ORD04967,05-May-25,CUST0780,P008,Office Chair,Furniture,West,2,8500,0.01,Net Banking
ORD04987,10-Apr-25,CUST0520,P008,Office Chair,Furniture,West,2,8500,0.13,Net Banking
